受付番号,受付日,発行日,依頼者名,部,課,担当者,品番,品名,色,試験基準,製品検査,生地検査,付属,ロット
Q2726006161,2026-05-08,2026-05-11,&#23425;波日恒&#36827;出口有限公司,レディ－スカジュアル,,レディ-スカジュアル,Y5630FR ,シャツ,03製品、白刺繍、白アップリケ刺繍,しまむら,,合格,,
61026009808,2026-05-08,2026-05-11,&#19996;莞市浩&#37995;箱包有限公司,岡山,,高木,1P6709A ,生地(リール付パスケース),35イエロー、35イエロー無地、63サックス、63サックス無地、65ブルー、65ブルー無地,しまむら,合格,,,
Q2726006113,2026-05-08,2026-05-11,Grand Concord Garment(Hong Kong) Limited&#35832;城裕泰&#38024;&#32455;有限公司（广豪）,アンダーウェア,,婦人アンダーウェア　笹田,9M625VR/9M626VR/9M627VR ,インナー,03、N9,しまむら,合格,,,
Q2726006108,2026-05-07,2026-05-09,青&#23707;&#31166;金源&#32463;&#36152;有限公司（??&#21326;源）(青&#23707;恒新山),キッズカジュアル,,キッズカジュアル,F5639WZ ,半袖T,15,しまむら,,合格,,
Q2726005987,2026-05-07,2026-05-09,青&#23707;屹??工&#36152;有限?任公司,レディ－スカジュアル,,レディ-スカジュアル,J5635JR/J5636JR ,生地,67、N9,しまむら,合格,,,
Q2726005983,2026-05-07,2026-05-09,青&#23707;吉利基&#19994;&#36152;易公司,紳士ナイティー,,紳士ナイティー,11635TR ,パジャマ,67製品、白シックテープ,しまむら,,合格,,
Q2726006103,2026-05-07,2026-05-09,青&#23707;&#21326;杉&#36152;易有限公司,ジーンズカジュアル,,ジーンズカジュアル,DM6570R(191119) ,メンズパンツ,N9ひも、N9本体、N9製品,しまむら,合格,合格,,
61026009769,2026-05-07,2026-05-09,&#19996;莞市浩&#37995;箱包有限公司,岡山,,高木,1Z6749A ,,13アイボリー用表側、65ブルー用表側、N3グレー用表側、グレー内側,しまむら,合格,,,
61026009549,2026-05-07,2026-05-09,南通泰&#23572;佳&#38024;&#32455;制衣有限公司,岡山,,右手　カジュアル部,C5632WR ,,製品、ブルー系刺繍,しまむら,合格,合格,,
61526009235,2026-05-07,2026-05-09,上海&#39134;&#39532;&#36827;出口有限公司,岡山,,飼田,F5632BR ,Tシャツ,05レッドリブ、63サックス本体、製品,しまむら,合格,合格,,
61526009233,2026-05-07,2026-05-09,上海&#39134;&#39532;&#36827;出口有限公司,岡山,,飼田,F5630EZ F5631EZ  F5632EZ ,,25オレンジ天竺、25オレンジリブ、55グリーン天竺、55グリーンリブ、63サックス天竺、63サックスリブ、67ネイビー天竺、N0ホワイト天竺、N2オートミール天竺、N3グレー杢天竺、N3グレー杢リブ、N7チャコール天竺、N7チャコールリブ、ブラックテープ,しまむら,合格,,,
61526009229,2026-05-07,2026-05-09,上海&#39134;&#39532;&#36827;出口有限公司,岡山,,飼田,E2630RR/E2631RR ,,65ブルー、N7チャコール、N7チャコールリブ、N9ブラック、N9ブラックリブ、ブラックDTテープ,しまむら,合格,,,
61526009241,2026-05-07,2026-05-09,上海&#39134;&#39532;&#36827;出口有限公司,岡山,,飼田,F5630QZ ,生地(丸首半袖T),10オフホワイト天竺、66ブルーグレーリブ、N3グレー(杢)リブ、N7チャコール天竺,しまむら,合格,,,
61026009643,2026-05-07,2026-05-09,如皋帝晨服&#39280;有限公司,岡山,,伊藤,216338R ,,10オフホワイト、65ブルー、N0ホワイト、N9ブラック、N9ブラック本体,しまむら,合格,合格,,
Q2726005971,2026-05-06,2026-05-08,山&#19996;省&#28493;坊市&#36827;出口有限公司,婦人ナイティー,,婦人ナイティー,4363EHA/4363DHA ,パジャマ,03、N3、N9,しまむら,合格,,,
Q2726005977,2026-05-06,2026-05-08,青&#23707;&#31166;金源&#32463;&#36152;有限公司（??&#21326;源）(青&#23707;恒新山),子供ナイティー,,子供ナイティー,66647ER ,パジャマ,57製品、白シックテープ、黒本体、カーキリブ,しまむら,合格,合格,,
Q2726006011,2026-05-06,2026-05-09,高密亨利制衣有限公司,アンダーウェア,,婦人アンダーウェア　笹田,9S629QR ,サニタリーショーツ,N9ブラック本体、N9ブラック製品、N9ブラックゴム,しまむら,合格,合格,,
Q2726006013,2026-05-06,2026-05-08,高密亨利制衣有限公司,アンダーウェア,,婦人アンダーウェア　笹田,9S623QR ,ショーツ,N9ブラック本体、N9ブラック製品、パープルゴム,しまむら,合格,合格,,
Q2726006009,2026-05-06,2026-05-09,高密亨利制衣有限公司,アンダーウェア,,婦人アンダーウェア　笹田,9S62BQR ,サニタリーショーツ,N9製品、黒身生地、黒ゴム,しまむら,合格,合格,,
Q2726006002,2026-05-06,2026-05-08,青&#23707;呈?服装有限公司,キッズカジュアル,,キッズカジュアル,G5633WZ ,Tシャツ,63,しまむら,,合格,,
Q2726006007,2026-05-06,2026-05-09,高密亨利制衣有限公司,アンダーウェア,,婦人アンダーウェア　笹田,9S62AQR ,ショーツ,N9ブラック本体、N9ブラック製品、N9ブラックゴム,しまむら,合格,合格,,
Q2726006015,2026-05-06,2026-05-09,高密亨利制衣有限公司,アンダーウェア,,婦人アンダーウェア　笹田,9S622MR ,ショーツ,N9ブラック本体、N9ブラック製品、N9ブラックゴム,しまむら,合格,合格,,
Q2726005756,2026-05-06,2026-05-08,青&#23707;&#31166;金源&#32463;&#36152;有限公司（??&#21326;源）(青&#23707;恒新山),メンズカジュアル,,メンズカジュアル,Z5637UA ,Tシャツ,N8,しまむら,,合格,,
Q2726005927,2026-05-06,2026-05-08,青&#23707;&#31166;金源&#32463;&#36152;有限公司（??&#21326;源）(青&#23707;恒新山),子供ナイティー,,子供ナイティー,76647RR ,パジャマ,54製品、白シックテープ、紺本体、緑リブ,しまむら,合格,合格,,
Q2726005926,2026-05-06,2026-05-08,青&#23707;&#31166;金源&#32463;&#36152;有限公司（??&#21326;源）(青&#23707;恒新山),キッズカジュアル,,キッズカジュアル,F5630MR ,生地,15天竺、15リブ、N1天竺、N1リブ、N7天竺、N7リブ,しまむら,合格,,,
Q2726005760,2026-05-06,2026-05-09,青&#23707;&#31166;金源&#32463;&#36152;有限公司（??&#21326;源）(青&#23707;恒新山),メンズカジュアル,,メンズカジュアル,Z5635UA ,Tシャツ,N8,しまむら,,合格,,
Q2726005963,2026-05-06,2026-05-08,青&#23707;&#31166;金源&#32463;&#36152;有限公司（??&#21326;源）(青&#23707;恒新山),子供ナイティー,,子供ナイティー,66649ER ,パジャマ,N9製品、白シックテープ、ブラック本体、ブラックリブ,しまむら,合格,合格,,
Q2726005965,2026-05-06,2026-05-08,青&#23707;&#31166;金源&#32463;&#36152;有限公司（??&#21326;源）(青&#23707;恒新山),子供ナイティー,,子供ナイティー,66649JR ,パジャマ,63製品、白シックテープ、イエローリブ、ネイビー本体,しまむら,合格,合格,,
Q2726005960,2026-05-06,2026-05-08,高密亨利制衣有限公司,アンダーウェア,,婦人アンダーウェア　笹田,9S6214R ,サニタリーショーツ,N9製品、N9身生地、チャコール
ゴム部分,しまむら,合格,合格,,
Q2726005768,2026-05-06,2026-05-08,青&#23707;&#31166;金源&#32463;&#36152;有限公司（??&#21326;源）(青&#23707;恒新山),メンズカジュアル,,メンズカジュアル,Z5636UA ,T SHIRT,N8,しまむら,,合格,,
Q2726005958,2026-05-06,2026-05-08,高密亨利制衣有限公司,アンダーウェア,,婦人アンダーウェア　笹田,9S6249R ,ショーツ,N9ブラック本体、N9ブラック製品、N9ブラックゴム,しまむら,合格,合格,,
Q2726005969,2026-05-06,2026-05-08,山&#19996;省&#28493;坊市&#36827;出口有限公司,婦人ナイティー,,婦人ナイティー,306308R ,パジャマ,03製品、67製品、白シックテープ,しまむら,,合格,,
Q2726006075,2026-05-06,2026-05-09,青&#23707;&#31166;金源&#32463;&#36152;有限公司（??&#21326;源）(青&#23707;恒新山),メンズカジュアル,,メンズカジュアル,Z0631ZR ,福袋,14(5)、N2(2)、N9(1)、N9(3)、N9(4)、黒天竺本体、黒紐、黒裏毛本体、黒リブ,しまむら,合格,合格,,
61026009560,2026-05-06,2026-05-08,南通泰&#23572;佳&#38024;&#32455;制衣有限公司,岡山,,右手　カジュアル部,C6630WR ,,67ネイビー、N9ブラック,しまむら,合格,,,
61026009583,2026-05-06,2026-05-08,祥安服装如&#19996;有限公司,岡山,,平松,TW649WR ,パーマー鹿の子 半袖V首,製品,しまむら,,合格,,
Q2726006073,2026-05-06,2026-05-09,青&#23707;&#31166;金源&#32463;&#36152;有限公司（??&#21326;源）(青&#23707;恒新山),メンズカジュアル,,メンズカジュアル,Z0630ZR ,福袋,14(5)、N0(1)、N2(4)、N9(2)、N9(3)、N9(3)本体、黒刺繍、黒紐、オートミール紐,しまむら,合格,合格,,
61026009557,2026-05-06,2026-05-08,祥安服装如&#19996;有限公司,岡山,,平松,B2615SR ,Eベアメッシュ切替,N7チャコール別布、N7チャコール本体、N9ブラック別布、N9ブラック本体、製品N7チャコール、製品N9ブラック、ホワイトゴム,しまむら,,合格,,
61026009607,2026-05-06,2026-05-08,祥安服装如&#19996;有限公司,岡山,,平松,WW646UR ,UPレノマサキゾメTR,67ネイビー、69コン、N7チャコール、N9ブラック、ネーム,しまむら,合格,合格,,
61026009603,2026-05-06,2026-05-08,如皋帝晨服&#39280;有限公司,岡山,,伊藤,246218R ,パジャマ,N3グレー、N9ブラック本体、N9ブラックリブ,しまむら,合格,合格,,
61026009517,2026-05-06,2026-05-08,祥安服装如&#19996;有限公司,岡山,,平松,BW621EQ ,MLB 紳士2Pボクサー,N9ブラック本体、製品N8クロ、製品N9ブラック、ネイビーゴム、ブラックゴム、ブラウンゴム、ブルーゴム,しまむら,合格,合格,,
61026009600,2026-05-06,2026-05-08,祥安服装如&#19996;有限公司,岡山,,平松,TW648WR ,,製品,しまむら,,合格,,
61026009587,2026-05-06,2026-05-08,祥安服装如&#19996;有限公司,岡山,,平松,B2617SR ,,63サックス、N9ブラック、グレーゴム、ブラック本体,しまむら,合格,合格,,
Q2726006027,2026-05-06,2026-05-08,高密亨利制衣有限公司,アンダーウェア,,婦人アンダーウェア　笹田,9H6269R ,スタンダードショーツ,ブラック
身生地、ブラック
ゴム部分、ブラック中
製品、ブラック右
製品、ブラック左
製品,しまむら,合格,合格,,
Q2726006029,2026-05-06,2026-05-08,高密亨利制衣有限公司,アンダーウェア,,婦人アンダーウェア　笹田,9H620CR ,スタンダードショーツ,ブラック
身生地、ブラック×
ピンク製品、ブラック×
ブルー製品、ブラック×
ベージュ製品、ベージュゴム,しまむら,合格,合格,,
Q2726006025,2026-05-06,2026-05-08,高密亨利制衣有限公司,アンダーウェア,,婦人アンダーウェア　笹田,925500R-1 ,ショーツ,紫総柄本体、紫裏天竺、紫リボン、紫レース、ピンク リボン、ピンク本体、ピンク裏天竺,しまむら,合格,,,
Q2726006023,2026-05-06,2026-05-08,高密亨利制衣有限公司,アンダーウェア,,婦人アンダーウェア　笹田,9S623MR/9H6279R ,ショーツ,黒ウサギ総柄
9S623MR、アイボリー総柄
9H6279R、アイボリーバインダー
9H6279R,しまむら,合格,,,
Q2726006017,2026-05-06,2026-05-08,高密亨利制衣有限公司,アンダーウェア,,婦人アンダーウェア　笹田,9S621CR ,ショーツ,N9ブラック本体、N9ブラック製品、N9ブラックゴム,しまむら,合格,合格,,
Q2726006019,2026-05-06,2026-05-08,高密亨利制衣有限公司,アンダーウェア,,婦人アンダーウェア　笹田,9S6259R ,ショーツ,N9ブラック本体、N9ブラック製品、N9ブラックゴム,しまむら,合格,合格,,
Q2726006021,2026-05-06,2026-05-08,高密亨利制衣有限公司,アンダーウェア,,婦人アンダーウェア　笹田,9S622QR ,サニタリーショーツ,N9本体、N9製品,しまむら,合格,合格,,
Q2726006033,2026-05-06,2026-05-08,Grand Concord Garment(Hong Kong) Limited&#35832;城裕泰&#38024;&#32455;有限公司（广豪）,アンダーウェア,,婦人アンダーウェア　笹田,9N62GHR/9N62RHR/9N62JHR ,生地,10本体
9N62JHR、10本体、10レース
9N62GHR、10レース
9N62RHR、67本体、67ゴム
9N62RHR、67メッシュ
9N62RHR、67レース
9N62RHR、N7本体、N7ゴム
9N62GHR、N7メッシュ
9N62GHR、N7レース
9N62GHR、N9本体
9N62JHR、N9本体、N9レース
9N62GHR、N9レース
9N62RHR,しまむら,合格,,,
Q2726006031,2026-05-06,2026-05-09,Grand Concord Garment(Hong Kong) Limited&#35832;城裕泰&#38024;&#32455;有限公司（广豪）,アンダーウェア,,婦人アンダーウェア　笹田,9K6284R ,ハーフトップ,10製品、N9製品、白ゴム、黒本体、黒肩ゴム、黒ゴム、オフ肩ゴム,しまむら,合格,合格,,
Q2726006045,2026-05-06,2026-05-08,青&#23707;&#31166;金源&#32463;&#36152;有限公司（??&#21326;源）(青&#23707;恒新山),キッズカジュアル,,キッズカジュアル,R563EPZ ,半袖Tシャツ,13、35、54、55,しまむら,,合格,,
Q2726006047,2026-05-06,2026-05-11,青&#23707;&#31166;金源&#32463;&#36152;有限公司（??&#21326;源）(青&#23707;恒新山),レディ－スカジュアル,,レディ-スカジュアル,A4637ZR ,生地,67本体、67紐、67リブ、N9刺繍、N9本体、N9紐、N9リブ,しまむら,合格,,,
Q2726006053,2026-05-06,2026-05-08,&#23425;波日恒&#36827;出口有限公司,レディ－スカジュアル,,レディ-スカジュアル,Y5638ZR ,アップリケ刺繍,N0用、N9用,しまむら,合格,,,
Q2726006054,2026-05-06,2026-05-08,&#23425;波日恒&#36827;出口有限公司,レディ－スカジュアル,,レディ-スカジュアル,Y6630ZR ,TC天竺裏地,03,しまむら,合格,,,
Q2726006035,2026-05-06,2026-05-08,Grand Concord Garment(Hong Kong) Limited&#35832;城裕泰&#38024;&#32455;有限公司（广豪）,アンダーウェア,,婦人アンダーウェア　笹田,9T620HR ,生地,N9,しまむら,合格,,,
Q2726006043,2026-05-06,2026-05-09,青&#23707;&#31166;金源&#32463;&#36152;有限公司（??&#21326;源）(青&#23707;恒新山),キッズカジュアル,,キッズカジュアル,R563FPZ ,半袖T,03ピンク製品、13アイボリー製品、35イエロー製品、67ネイビー製品、67ネイビーリブ,しまむら,合格,合格,,
Q2726005846,2026-04-30,2026-05-07,青&#23707;&#31166;金源&#32463;&#36152;有限公司（??&#21326;源）(青&#23707;恒新山),子供ナイティー,,子供ナイティー,66647ER/66648JR/66649ER/66649JR/666469R ,パジャマ,57-5、63-1、67A、N4-2、N4-4、N7C、N9,しまむら,合格,,,
61026009474,2026-04-30,2026-05-07,如皋帝晨服&#39280;有限公司,岡山,,伊藤,216348A ,,67ネイビーリブ、N9ブラックリブ、製品,しまむら,合格,合格,,
Q2726005843,2026-04-30,2026-05-07,青&#23707;&#31166;金源&#32463;&#36152;有限公司（??&#21326;源）(青&#23707;恒新山),子供ナイティー,,子供ナイティー,66648JR ,パジャマ,67本体、67製品、67リブ、白シックテープ,しまむら,合格,合格,,
Q2726005847,2026-04-30,2026-05-07,青&#23707;&#31166;金源&#32463;&#36152;有限公司（??&#21326;源）(青&#23707;恒新山),子供ナイティー,,子供ナイティー,666469R ,パジャマ,67本体、67製品、67リブ,しまむら,合格,合格,,
61026009415,2026-04-30,2026-05-07,祥安服装如&#19996;有限公司,岡山,,平松,BW624CR ,2PフライスBB,N9ブラック/N8クロ本体、製品、カーキゴム、グレーゴム,しまむら,合格,合格,,
61026009405,2026-04-30,2026-05-07,祥安服装如&#19996;有限公司,岡山,,平松,WW633CR ,2PブロードTR,製品67ネイビー、製品N9ブラック,しまむら,,合格,,
61026009435,2026-04-30,2026-05-07,祥安服装如&#19996;有限公司,岡山,,平松,BW6E5SR ,男児リーボック2Pボクサー,67ネイビー本体、N9ブラック本体、製品67ネイビー、製品N9ブラック、グレーゴム、レッドゴム,しまむら,,合格,,
61026009469,2026-04-30,2026-05-07,祥安服装如&#19996;有限公司,岡山,,平松,WW634CR ,2PブロードTR,03ピンク、52ターコ,しまむら,,合格,,
61026009467,2026-04-30,2026-05-07,祥安服装如&#19996;有限公司,岡山,,平松,BW623CR ,,N7チャコール、N9ブラック、チャコール本体、ブラック本体、ブルーゴム、レッドゴム,しまむら,合格,合格,,
61026009441,2026-04-30,2026-05-07,祥安服装如&#19996;有限公司,岡山,,平松,BW6E4SR ,男児リーボック2Pボクサー,67ネイビー、67ネイビー本体、N9ブラック、N9ブラック本体、エメグリーンゴム、ネイビーゴム,しまむら,合格,合格,,
Q2726005866,2026-04-30,2026-05-07,青&#23707;&#31166;金源&#32463;&#36152;有限公司（??&#21326;源）(青&#23707;恒新山),メンズカジュアル,,メンズカジュアル,C5639MA ,紳士シャツ,N9A製品、白刺繍、黄刺繍、黒刺繍、黒本体、黒リブ,しまむら,合格,合格,,
Q2726005919,2026-04-30,2026-05-07,山&#19996;省&#28493;坊市&#36827;出口有限公司,レディ－スカジュアル,,レディ-スカジュアル,30633LR ,パジャマ,67製品、白シックテープ,しまむら,,合格,,
Q2726005630,2026-04-30,2026-05-07,青&#23707;吉利基&#19994;&#36152;易公司,紳士ナイティー,,紳士ナイティー,11633TR ,パジャマ,67、白シックテープ,しまむら,,合格,,
Q2726005923,2026-04-30,2026-05-07,山&#19996;省&#28493;坊市&#36827;出口有限公司,婦人ナイティー,,婦人ナイティー,4063FHA ,婦人パジャマ,N3製品、N9本体、N9製品、白テープ、黒リブ部分、グレーテープ、グレーリブ部分,しまむら,合格,合格,,
Q2726005921,2026-04-30,2026-05-07,山&#19996;省&#28493;坊市&#36827;出口有限公司,婦人ナイティー,,婦人ナイティー,4063EHA ,婦人パジャマ,N3天テープ、N3製品、N8天テープ、N8本体、N8製品、白シックテープ,しまむら,合格,合格,,
61526009001,2026-04-30,2026-05-07,??浅叶有限公司,岡山,,尾森,Z0630GA ,シールワッペン,※、製品,しまむら,合格,合格,,
Q2726005874,2026-04-30,2026-05-07,青&#23707;&#31166;金源&#32463;&#36152;有限公司（??&#21326;源）(青&#23707;恒新山),レディ－スカジュアル,,レディ-スカジュアル,Y563PMA/Y564BMA ,生地,N0身生地、N0リブ、N9身生地、N9リブ,しまむら,合格,,,
Q2726005897,2026-04-30,2026-05-07,青&#23707;呈?服装有限公司,キッズカジュアル,,キッズカジュアル,G5636WZ ,Tシャツ,03ピンク,しまむら,,合格,,
Q2726005899,2026-04-30,2026-05-08,青&#23707;呈?服装有限公司,キッズカジュアル,,キッズカジュアル,G5634WZ ,Tシャツ,82製品、82リボン、白レース,しまむら,合格,合格,,
Q2726005657,2026-04-29,2026-05-06,青&#23707;吉利基&#19994;&#36152;易公司,紳士ナイティー,,紳士ナイティー,12631RR ,紳士パジャマ,67製品、ネイビー
パイピング、ネイビー刺繍、ネイビー本体,しまむら,合格,合格,,
61026009285,2026-04-29,2026-05-06,祥安服装如&#19996;有限公司,岡山,,平松,BW6B48Z ,マインクラフト 男児2Pボクサー,65ブルー、N9ブラック、チャコールゴム、ブラック本体、ブルー本体、モスグリーンゴム,しまむら,合格,合格,,
61526008875,2026-04-29,2026-05-06,上海&#39134;&#39532;&#36827;出口有限公司,岡山,,飼田,E563AYR ,半袖Tシャツ,製品,しまむら,,合格,,
Q2726005753,2026-04-29,2026-04-30,&#23425;波日恒&#36827;出口有限公司,レディ－スカジュアル,,レディ-スカジュアル,Y6630ZR ,パッド,白、ブラック,しまむら,合格,,,
Q2726005797,2026-04-29,2026-05-06,青&#23707;伊美瑛国&#38469;&#36152;易有限公司,レディ－スカジュアル,,レディ-スカジュアル,Y5632RA ,Tシャツ,N9本体、N9製品,しまむら,合格,合格,,
Q2726005837,2026-04-29,2026-05-06,山&#19996;省&#28493;坊市&#36827;出口有限公司,婦人ナイティー,,婦人ナイティー,4163DHA ,パジャマ,03製品、82製品、白シックテープ、白パイピング,しまむら,,合格,,
Q2726005799,2026-04-29,2026-05-06,青&#23707;伊美瑛国&#38469;&#36152;易有限公司,レディ－スカジュアル,,レディ-スカジュアル,Y5631RA ,Tシャツ,N9本体、N9製品,しまむら,合格,合格,,
61026009194,2026-04-28,2026-04-30,如皋帝晨服&#39280;有限公司,岡山,,伊藤,216348A(216348ア)No.1:GNE-671 No.2:GNE-672No.3:GNE-673 No.4～6:GNE-670R ,生地(パジャマ),63サックス本体、63サックスリブ、67ネイビー本体、67ネイビーリブ、N9ブラック本体、N9ブラックリブ、サックス紐、サックス背首テープ、ネイビー紐、ネイビー背首テープ、ブラック紐、ブラック背首テープ,しまむら,合格,,,
Q2726005439,2026-04-28,2026-04-30,青&#23707;紫?国&#38469;&#36152;易有限公司,ライフグッズ,,ライフグッズ,1T623ER ,ウエストバッグ,N0ホワイト,しまむら,,合格,,
Q2726005819,2026-04-28,2026-04-30,Grand Concord Garment(Hong Kong) Limited&#35832;城裕泰&#38024;&#32455;有限公司（广豪）,アンダーウェア,,婦人アンダーウェア　笹田,94621QR ,ハーフトップ,N9製品、黒肩ゴム、黒裾ゴム,しまむら,合格,合格,,
Q2726005824,2026-04-28,2026-05-06,青&#23707;&#31166;金源&#32463;&#36152;有限公司（??&#21326;源）(青&#23707;恒新山),子供ナイティー,,子供ナイティー,66645AR ,パジャマ,N7製品、白シックテープ、黒本体、チャコールリブ,しまむら,合格,合格,,
Q2726005851,2026-04-28,2026-04-30,青&#23707;&#31166;金源&#32463;&#36152;有限公司（??&#21326;源）(青&#23707;恒新山),子供ナイティー,,子供ナイティー,66647YR ,パジャマ,15製品、65製品、N9製品、白
シックテープ、黒
リブ部分、黒本体、チャコール
リブ部分、ブルー
リブ部分,しまむら,合格,合格,,
61526008769,2026-04-28,2026-04-30,??浅叶有限公司,岡山,,高木,1T6589A ,,63サックス,しまむら,合格,,,
Q2726005441,2026-04-28,2026-04-30,青&#23707;紫?国&#38469;&#36152;易有限公司,ライフグッズ,,ライフグッズ,1T6548A ,エコバッグ,N9ブラック本体、N9ブラック製品,しまむら,合格,合格,,
Q2726005857,2026-04-28,2026-04-30,Grand Concord Garment(Hong Kong) Limited&#35832;城裕泰&#38024;&#32455;有限公司（广豪）,アンダーウェア,,婦人アンダーウェア　笹田,94622QR/94623QR/94624QR ,生地,N0、N9,しまむら,合格,,,
Q2726005440,2026-04-28,2026-05-06,青&#23707;紫?国&#38469;&#36152;易有限公司,ライフグッズ,,ライフグッズ,1T622ER ,バックパック,N0本体、N0製品,しまむら,合格,合格,,
Q2726005862,2026-04-28,2026-04-30,青&#23707;&#31166;金源&#32463;&#36152;有限公司（??&#21326;源）(青&#23707;恒新山),メンズカジュアル,,メンズカジュアル,Z5630UR ,刺繍,ピンク×緑×黄,しまむら,合格,,,
Q2726005442,2026-04-28,2026-05-06,青&#23707;紫?国&#38469;&#36152;易有限公司,ライフグッズ,,ライフグッズ,1T614DA ,エコバッグ,83製品、紫総柄&#9312;、紫総柄&#9313;、黄無地、黒バインダー、グレー総柄&#9312;、グレー総柄&#9313;,しまむら,合格,合格,,
Q2726005444,2026-04-28,2026-05-06,青&#23707;紫?国&#38469;&#36152;易有限公司,ライフグッズ,,ライフグッズ,1T613DA ,エコバッグ,65製品、紫無地、紺無地、紺総柄、サックス無地、サックス総柄&#9312;、サックス総柄&#9313;、ブルー総柄,しまむら,合格,合格,,
Q2726005742,2026-04-28,2026-04-30,?&#23425;威登服&#39280;,レディ－スカジュアル,,レディ-スカジュアル,Y5639MR ,生地,35身生地、35リブ,しまむら,合格,,,
61526008604,2026-04-27,2026-04-29,江&#33487;舜天盛泰工&#36152;有限公司,岡山,,隆三,1C6B18R ,デニムキャップ,65ブルー、ブルー裏テープ,しまむら,合格,合格,,
61026008958,2026-04-27,2026-04-29,祥安服装如&#19996;有限公司,岡山,,平松,K26282R ,CLハンモック小紋,67ネイビー、67ネイビー本体、67ネイビーサポーター,しまむら,合格,合格,,
Q2726005787,2026-04-27,2026-04-29,Grand Concord Garment(Hong Kong) Limited&#35832;城裕泰&#38024;&#32455;有限公司（广豪）,アンダーウェア,,婦人アンダーウェア　笹田,9K620DR ,ハーフトップ,14製品、63製品、N9製品、黒カップ、黒ゴム、黒バインダー、クリーム
バインダー、サックス
バインダー、サックスゴム、ピンクゴム、ベージュ
カップ、ベージュ
バインダー,しまむら,合格,合格,,
Q2726005877,2026-04-27,2026-04-30,青&#23707;朗和国&#38469;&#36152;易有限公司,レディ－スカジュアル,,レディ-スカジュアル,A5639ZR ,エレッセメッシュ半袖T,N9ブラック本体、N9ブラック製品,しまむら,合格,合格,,
61526008457,2026-04-27,2026-04-28,上海&#39134;&#39532;&#36827;出口有限公司,岡山,,飼田,E5631MR  ,丸首半袖T,N9ブラック、N9ブラック本体、N9ブラックリブ、ワッペン,しまむら,合格,合格,,
61526008616,2026-04-27,2026-04-29,上海&#39134;&#39532;&#36827;出口有限公司,岡山,,飼田,G563GUR ,,製品,しまむら,,合格,,
Q2726005695,2026-04-27,2026-05-07,青&#23707;&#31166;金源&#32463;&#36152;有限公司（??&#21326;源）(青&#23707;恒新山),子供ナイティー,,子供ナイティー,70641RR ,パジャマ,54(1)、54(1)リブ、54(2)、54(2)リブ、54(3)、緑ひも、緑把手,しまむら,合格,合格,,
Q2726005693,2026-04-27,2026-05-07,青&#23707;&#31166;金源&#32463;&#36152;有限公司（??&#21326;源）(青&#23707;恒新山),子供ナイティー,,子供ナイティー,70643KR ,パジャマ,14(1)、14(1)リブ、14(2)、14(2)リブ、14(3)、白シックテープ、ベージュひも、ベージュ把手,しまむら,合格,合格,,
Q2726005686,2026-04-27,2026-04-29,山&#19996;省&#28493;坊市&#36827;出口有限公司,婦人ナイティー,,婦人ナイティー,4163DHA ,パジャマ,03、82,しまむら,合格,,,
Q2726005707,2026-04-27,2026-04-29,青&#23707;&#31166;金源&#32463;&#36152;有限公司（??&#21326;源）(青&#23707;恒新山),キッズカジュアル,,キッズカジュアル,G5639UR ,シャツ,55グリーン,しまむら,,合格,,
Q2726005703,2026-04-27,2026-04-30,青&#23707;&#31166;金源&#32463;&#36152;有限公司（??&#21326;源）(青&#23707;恒新山),キッズカジュアル,,キッズカジュアル,F5633UR ,T SHIRT,65,しまむら,,合格,,
Q2726005685,2026-04-27,2026-04-29,山&#19996;省&#28493;坊市&#36827;出口有限公司,婦人ナイティー,,婦人ナイティー,4063EHA ,パジャマ,03、63、N3、N8,しまむら,合格,,,
Q2726005684,2026-04-27,2026-04-29,山&#19996;省&#28493;坊市&#36827;出口有限公司,婦人ナイティー,,婦人ナイティー,4063FHA ,パジャマ,N3、N9,しまむら,合格,,,
Q2726005775,2026-04-27,2026-04-29,Grand Concord Garment(Hong Kong) Limited&#35832;城裕泰&#38024;&#32455;有限公司（广豪）,アンダーウェア,,婦人アンダーウェア　笹田,9N622DR ,タンクトップ,14製品、63製品、N9製品、サックスゴム、ブラックゴム、ベージュゴム,しまむら,合格,合格,,
61526007939,2026-04-27,2026-04-29,??浅叶有限公司,岡山,,高木,2880290(1Z624DA) ,,83パープル、N3グレー、製品,しまむら,合格,合格,,
61526007943,2026-04-27,2026-04-29,??浅叶有限公司,岡山,,豊福,2828453(1Z623DA) ,チャーム付シュシュ,15ブラウン、55グリーン,しまむら,合格,合格,,
Q2726005675,2026-04-27,2026-04-29,青&#23707;吉利基&#19994;&#36152;易公司,紳士ナイティー,,紳士ナイティー,12631PR ,パジャマ,63本体、63製品、白シックテープ、紺刺繍、紺パイピング,しまむら,合格,合格,,
Q2726005677,2026-04-27,2026-04-29,青&#23707;吉利基&#19994;&#36152;易公司,紳士ナイティー,,紳士ナイティー,126319R ,パジャマ,67製品、ネイビー
パイピング、ネイビー刺繍、ネイビー本体,しまむら,合格,合格,,
61526008614,2026-04-27,2026-04-29,?家港&#21326;夏帽&#19994;有限公司,岡山,,高木,1C616ER ,,14ベージュ、N3グレー、N9ブラック,しまむら,合格,,,
61026008994,2026-04-27,2026-04-29,祥安服装如&#19996;有限公司,岡山,,平松,WH642NR ,永楽屋 紳士7分丈ステテコ,製品,しまむら,,合格,,
Q2726005723,2026-04-27,2026-04-29,青&#23707;朗和国&#38469;&#36152;易有限公司,レディ－スカジュアル,,レディ-スカジュアル,A563AZR ,エレッセボーダーポロ,67本体、67製品、白衿リブ、白袖リブ、黒×オレンジ×赤刺繍、ネイビー衿リブ、ネイビー袖リブ,しまむら,合格,合格,,
Q2726005725,2026-04-27,2026-04-30,青&#23707;朗和国&#38469;&#36152;易有限公司,レディ－スカジュアル,,レディ-スカジュアル,A563BZR ,エレッセ配色ポロ,67本体、67製品、白衿リブ、白袖リブ、黒×オレンジ×赤刺繍、ネイビー衿リブ、ネイビー袖リブ,しまむら,合格,合格,,
Q2726005721,2026-04-27,2026-04-28,青&#23707;朗和国&#38469;&#36152;易有限公司,レディ－スカジュアル,,レディ-スカジュアル,A563BZR ,エレッセボーダーポロ,67、N0,しまむら,合格,,,
Q2726005438,2026-04-27,2026-04-29,青&#23707;承越皮革制品有限公司,ライフグッズ,,ライフグッズ,1T570ER ,ラウンドショルダー,黒太テープ、黒本体
(白刺付き)、黒本体
(黒刺付き)、黒細テープ、グレー テープ、グレー裏地,しまむら,合格,,,
Q2726005795,2026-04-27,2026-04-29,青&#23707;伊美瑛国&#38469;&#36152;易有限公司,レディ－スカジュアル,,レディ-スカジュアル,Y5631RA/Y5632RA ,Tシャツ,03身生地、03黒刺、N9白刺、N9身生地、衿白V、衿白リブ,しまむら,合格,,,
Q2726005764,2026-04-27,2026-04-29,青&#23707;&#31166;金源&#32463;&#36152;有限公司（??&#21326;源）(青&#23707;恒新山),メンズカジュアル,,メンズカジュアル,Z5638UA ,T SHIRT,N8,しまむら,,合格,,
Q2726005598,2026-04-27,2026-04-28,青&#23707;朗和国&#38469;&#36152;易有限公司,レディ－スカジュアル,,レディ-スカジュアル,A563AZR ,エレッセ配色ポロ,10、67,しまむら,合格,,,
61026009042,2026-04-27,2026-04-29,如皋帝晨服&#39280;有限公司,岡山,,伊藤,2263C0R ,眠眠ラボ天竺仔いぬ柄PT半袖7分丈パンツ(パジャマ),製品,しまむら,,合格,,
61026009060,2026-04-27,2026-04-29,如皋帝晨服&#39280;有限公司,岡山,,伊藤,246228R ,ポケモン天竺長袖長パンツ(パジャマ),N9ブラック本体、N9ブラックリブ、製品,しまむら,合格,合格,,
61026009044,2026-04-27,2026-04-29,祥安服装如&#19996;有限公司,岡山,,平松,K2632AR ,トロイニットラ,A55グリーン本体、B67ネイビー/CN9ブラック/A55グリーンワッペン、B67ネイビー本体、CN9ブラック本体、製品,しまむら,合格,合格,,
61026008977,2026-04-27,2026-04-29,祥安服装如&#19996;有限公司,岡山,,平松,K26292R ,CLハンモックドット,65ブルー、65ブルー本体、ブラックサポーター部分,しまむら,合格,合格,,
Q2726005745,2026-04-27,2026-05-06,青&#23707;朗和国&#38469;&#36152;易有限公司,レディ－スカジュアル,,レディ-スカジュアル,A4636ZR ,NPUヒヤロンワイドP,N9,しまむら,,合格,,
Q2726005793,2026-04-27,2026-04-29,青&#23707;伊美瑛国&#38469;&#36152;易有限公司,レディ－スカジュアル,,レディ-スカジュアル,Y4631RA ,パンツ,N8クロ本体、N8クロ製品、白刺繍,しまむら,合格,合格,,
Q2726005705,2026-04-27,2026-04-29,青&#23707;&#31166;金源&#32463;&#36152;有限公司（??&#21326;源）(青&#23707;恒新山),キッズカジュアル,,キッズカジュアル,F5632UR ,T SHIRT,55,しまむら,,合格,,
Q2726005792,2026-04-27,2026-04-29,青&#23707;&#31166;金源&#32463;&#36152;有限公司（??&#21326;源）(青&#23707;恒新山),子供ナイティー,,子供ナイティー,6X631AR ,冷感お昼寝ケット,55製品、黒包み部分、グリーン包み部分,しまむら,合格,合格,,
Q2726005743,2026-04-27,2026-05-06,青&#23707;朗和国&#38469;&#36152;易有限公司,レディ－スカジュアル,,レディ-スカジュアル,A4635ZR ,NPUヒヤロンストレートP,N9製品、黒紐、グレー紐,しまむら,合格,合格,,
Q2726005801,2026-04-27,2026-04-30,青&#23707;&#21326;杉&#36152;易有限公司,ジーンズカジュアル,,ジーンズカジュアル,DM6570R(191119) ,メンズパンツ,N9,しまむら,合格,,,
61026008973,2026-04-27,2026-04-29,祥安服装如&#19996;有限公司,岡山,,平松,K26272R ,,N9ブラック本体、製品、ブラックサポーター部分,しまむら,合格,合格,,
Q2726005734,2026-04-27,2026-05-06,青&#23707;朗和国&#38469;&#36152;易有限公司,レディ－スカジュアル,,レディ-スカジュアル,A4635ZR/A4636ZR ,NPUヒヤロンストレートP、NPUヒヤロンワイドP,14グレージュ、14ベージュ、N9ブラック,しまむら,合格,,,
Q2726005731,2026-04-27,2026-04-29,青&#23707;朗和国&#38469;&#36152;易有限公司,レディ－スカジュアル,,レディ-スカジュアル,A5639ZR ,エレッセメッシュ半袖T,65、N0、N9,しまむら,合格,,,
Q2726005665,2026-04-24,2026-04-28,山&#19996;省&#28493;坊市&#36827;出口有限公司,婦人ナイティー,,婦人ナイティー,30633LR/30632LR ,生地,63、67,しまむら,合格,,,
Q2726005673,2026-04-24,2026-04-28,青&#23707;&#31166;金源&#32463;&#36152;有限公司（??&#21326;源）(青&#23707;恒新山),子供ナイティー,,子供ナイティー,66644AR ,パジャマ,N7製品、白シックテープ、黒本体、黒リブ,しまむら,合格,合格,,
Q2726005699,2026-04-24,2026-04-24,青&#23707;&#31166;金源&#32463;&#36152;有限公司（??&#21326;源）(青&#23707;恒新山),キッズカジュアル,,キッズカジュアル,F5633UR ,生地,55,しまむら,合格,,,
Q2726005625,2026-04-24,2026-04-28,山&#19996;省&#28493;坊市&#36827;出口有限公司,婦人ナイティー,,婦人ナイティー,416348R ,パジャマ,67製品、白シックテープ、レッド
パイピング,しまむら,合格,合格,,
61026008825,2026-04-24,2026-04-28,如皋帝晨服&#39280;有限公司,岡山,,伊藤,226360R ,パジャマ,N3グレー、グレー用刺繍,しまむら,合格,合格,,
61026008817,2026-04-24,2026-04-28,如皋帝晨服&#39280;有限公司,岡山,,伊藤,226390R ,パジャマ,N3グレー,しまむら,,合格,,
61026008815,2026-04-24,2026-04-28,如皋帝晨服&#39280;有限公司,岡山,,伊藤,226370R ,パジャマ,67ネイビー、N3グレー,しまむら,,合格,,
Q2726005651,2026-04-24,2026-04-28,青&#23707;依美&#26102;尚国&#38469;&#36152;易有限公司,レディ－スカジュアル,,レディ-スカジュアル,Y6630ZA ,フルZIPラッシュガード,N9ブラック本体、N9ブラック製品,しまむら,合格,合格,,
Q2726005653,2026-04-24,2026-04-29,青&#23707;依美&#26102;尚国&#38469;&#36152;易有限公司,レディ－スカジュアル,,レディ-スカジュアル,Y6631MA ,フルZIPラッシュガード,N9B本体、N9B製品,しまむら,合格,合格,,
61026008798,2026-04-24,2026-04-28,如皋帝晨服&#39280;有限公司,岡山,,伊藤,226380R ,パジャマ,67ネイビー、N3グレー,しまむら,,合格,,
61026008812,2026-04-24,2026-04-28,如皋帝晨服&#39280;有限公司,岡山,,伊藤,2263B0R ,パジャマ,N3グレー,しまむら,,合格,,
Q2726005649,2026-04-24,2026-04-28,青&#23707;依美&#26102;尚国&#38469;&#36152;易有限公司,レディ－スカジュアル,,レディ-スカジュアル,Y6630EA ,フルZIPラッシュガード,N9ブラック本体、N9ブラック製品,しまむら,合格,合格,,
Q2726005437,2026-04-23,2026-04-27,青&#23707;紫?国&#38469;&#36152;易有限公司,ライフグッズ,,ライフグッズ,1T622ER/1T623ER ,バックパック、ウエストバッグ,黒
(刺繍含む)、黒
10mmテープ、黒20mmテープ、黒25mmテープ、黒29mmテープ、黒×オフ
(刺繍含む)、黒綾テープ、黒織物薄、黒ゴム、黒スピンドル、黒テープ薄、黒メッシュ厚、黒メッシュ薄,しまむら,合格,,,
Q2726005607,2026-04-23,2026-04-27,青&#23707;吉利基&#19994;&#36152;易公司,紳士ナイティー,,紳士ナイティー,12632RR ,パジャマ,N3本体、N3製品、白シックテープ、ネイビー
刺繍、ネイビー
パイピング,しまむら,合格,合格,,
61026008777,2026-04-23,2026-04-28,嘉?市?仁&#38024;&#32455;有限公司,大阪,,唐木,5K62FFQ ,婦人ショート丈刺繍1P,35イエロー、35イエロー刺繍、35イエロー本体、83パープル、83パープル刺繍、83パープル本体、N0ホワイト、N0ホワイト刺繍、N0ホワイト本体、N3グレー、N3グレー刺繍、N3グレー本体、N8クロ、N8クロ刺繍、N8クロ本体、N9ブラック、N9ブラック刺繍、N9ブラック本体,しまむら,合格,合格,,
Q2726005614,2026-04-23,2026-04-27,大?程?国&#38469;&#36152;易有限公司（帛来）,婦人ナイティー,,婦人ナイティー,40636LA ,パジャマ,63製品、67本体、67製品、白シックテープ、サックス紐,しまむら,合格,合格,,
61026008723,2026-04-23,2026-04-28,嘉?市?仁&#38024;&#32455;有限公司,岡山,,唐木,5K626FQ ,紳士ショート丈刺繍1P,35イエローA、35イエローA刺繍、35イエローA本体、65ブルーD、65ブルーD刺繍、65ブルーD本体、83パープルE、83パープルE刺繍、83パープルE本体、N0ホワイトF、N0ホワイトF刺繍、N0ホワイトF本体、N8クロC、N8クロC刺繍、N8クロC本体、N9ブラックB、N9ブラックB刺繍、N9ブラックB本体,しまむら,合格,合格,,
Q2726005574,2026-04-23,2026-04-24,青&#23707;&#31166;金源&#32463;&#36152;有限公司（??&#21326;源）(青&#23707;恒新山),レディ－スカジュアル,,レディ-スカジュアル,Y5651WC ,T SHIRT,14本体、14リブ、67本体、67リブ、N7本体、N7リブ,しまむら,合格,,,
61026008641,2026-04-23,2026-04-28,江&#33487;?城富恆服&#39280;有限公司,,,,C6631ZR ,ポロシャツ,67ネイビー柄、製品、ネイビー刺繍、ネイビー無地、ネイビーポロ衿、ホワイト刺繍,しまむら,合格,合格,,
Q2726005596,2026-04-23,2026-04-28,青&#23707;伊美瑛国&#38469;&#36152;易有限公司,レディ－スカジュアル,,レディ-スカジュアル,Y6630RA ,Tシャツ,N9本体、N9製品、白刺繍,しまむら,合格,合格,,
61526008465,2026-04-23,2026-04-27,上海&#39134;&#39532;&#36827;出口有限公司,岡山,,飼田,E5630MR ,,N8クロ本体、N8クロリブ、製品,しまむら,合格,合格,,
Q2726005612,2026-04-23,2026-04-27,大?程?国&#38469;&#36152;易有限公司（帛来）,婦人ナイティー,,婦人ナイティー,40637LA ,パジャマ,03本体、03製品、63製品、白シックテープ、グレー綾テープ、サックス綾テープ,しまむら,合格,合格,,
61026008773,2026-04-23,2026-04-28,嘉?市?仁&#38024;&#32455;有限公司,大阪,,唐木,5K625FQ ,紳士アンクル丈刺繍1P,A N9ブラックししゅう、A N9ブラック本体、B N7チャコールししゅう、B N7チャコール本体、C 54エメGししゅう、C 54エメG本体、D 52ターコししゅう、D 52ターコ本体、E 83パープルししゅう、E 83パープル本体、F NOホワイトししゅう、F NOホワイト本体、製品A N9ブラック、製品B N7チャコール、製品C 54エメG、製品D 52ターコ、製品E 83パープル、製品F NOホワイト,しまむら,合格,合格,,
61026008741,2026-04-23,2026-04-27,祥安服装如&#19996;有限公司,岡山,,平松,BW632ER ,MLB2pボクサー,N9ブラック本体、製品N8クロ×ブラウンゴム、製品N9ブラック×ネイビーゴム、製品N9ブラック×ブラックゴム、製品N9ブラック×ブルーゴム、ネイビーゴム、ブラックゴム、ブラウンゴム、ブルーゴム,しまむら,合格,合格,,
Q2726005639,2026-04-23,2026-04-27,青&#23707;&#31166;金源&#32463;&#36152;有限公司（??&#21326;源）(青&#23707;恒新山),メンズカジュアル,,メンズカジュアル,Z5635UA/Z5636UA/Z5637UA/Z5638UA ,生地,N8本体、N8リブ,しまむら,合格,,,
61026008769,2026-04-23,2026-04-27,祥安服装如&#19996;有限公司,岡山,,平松,TP612SQ ,Reebok 血行促進 紳士 長袖丸首インナー1P,N9ブラック後衿テープ、N9ブラック本体、製品,しまむら,合格,合格,,
Q2726005655,2026-04-23,2026-04-27,青&#23707;吉利基&#19994;&#36152;易公司,紳士ナイティー,,紳士ナイティー,12632PR ,パジャマ,67本体、67製品、ネイビー
刺繍、ネイビー
パイピング,しまむら,合格,合格,,
61026008765,2026-04-23,2026-04-27,祥安服装如&#19996;有限公司,岡山,,平松,BW6C2ER ,,製品、ネイビーゴム、ブラック本体、ブラックゴム、ブラウンゴム、ブルーゴム,しまむら,合格,合格,,
61026008758,2026-04-23,2026-04-27,祥安服装如&#19996;有限公司,岡山,,平松,KP613SQ ,Reebok 血行促進 紳士ロングスパッツ,N9ブラック、N9ブラック本体、グレーテープ、ブラックゴム,しまむら,合格,合格,,
Q2726005620,2026-04-23,2026-04-27,山&#19996;省&#28493;坊市&#36827;出口有限公司,婦人ナイティー,,婦人ナイティー,左記 ,パジャマ,67
366418R、67
366428R,しまむら,合格,,,
61026008625,2026-04-22,2026-04-24,祥安服装如&#19996;有限公司,岡山,,平松,BW6D3CR ,2PウラメンハニカムBB,N7チャコール、N7チャコール本体、N9ブラック、N9ブラック本体、ブルーゴム、レッドゴム,しまむら,合格,合格,,
61026008629,2026-04-22,2026-04-24,祥安服装如&#19996;有限公司,岡山,,平松,B2622FQ ,ジョジョの奇妙な冒険1部・2部 紳士ボクサー1P,65ブルー、N9ブラック、シルバーゴム,しまむら,,合格,,
61026008669,2026-04-22,2026-04-24,祥安服装如&#19996;有限公司,岡山,,平松,B2623FQ ,ジョジョの奇妙な冒険3部 紳士ボクサー1P,15ブラウン、83パープル、シルバーゴム,しまむら,合格,合格,,
61026008655,2026-04-22,2026-04-24,祥安服装如&#19996;有限公司,岡山,,平松,BW6D4CR ,2PウラメンハニカムBB,N9ブラック、製品N8クロ、製品N9ブラック、カーキゴム、グレーゴム,しまむら,合格,合格,,
Q2726005428,2026-04-22,2026-04-24,青&#23707;伊美瑛国&#38469;&#36152;易有限公司,レディ－スカジュアル,,レディ-スカジュアル,Y4630RA ,パンツ,N9本体、N9製品、白×黒ウエスト部分、白刺繍、白シックテープ,しまむら,合格,合格,,
Q2726005580,2026-04-22,2026-04-24,青&#23707;天一泰和国&#38469;&#36152;易有限公司(天森豪?票)普票EXL,レディ－スカジュアル,,レディ-スカジュアル,Y5630XR ,半袖Tシャツ,N9ブラック本体、N9ブラック製品、N9ブラックリブ,しまむら,合格,合格,,
Q2726005582,2026-04-22,2026-04-24,青&#23707;天一泰和国&#38469;&#36152;易有限公司(天森豪?票)普票EXL,レディ－スカジュアル,,レディ-スカジュアル,Y5631XR ,半袖Tシャツ,N7本体、N7製品、緑刺繍、チャコールリブ,しまむら,合格,合格,,
Q2726005576,2026-04-22,2026-04-27,青&#23707;&#31166;金源&#32463;&#36152;有限公司（??&#21326;源）(青&#23707;恒新山),メンズカジュアル,,メンズカジュアル,Z5631TR ,紳士シャツ,N9A製品、白刺繍、紫刺繍、イエロー刺繍、グレー刺繍,しまむら,合格,合格,,
Q2726005584,2026-04-22,2026-04-24,青&#23707;&#21326;杉&#36152;易有限公司,ジーンズカジュアル,,ジーンズカジュアル,DM6381R ,メンズパンツ,N9本体、N9製品,しまむら,合格,合格,,
61526008389,2026-04-22,2026-04-24,西尾株式会社,,,,E8631BZ  ,ブルーイ なりきり巻きタオル,63サックス、製品,しまむら,合格,合格,,
Q2726005605,2026-04-22,2026-04-24,山&#19996;省&#28493;坊市&#36827;出口有限公司,婦人ナイティー,,婦人ナイティー,366408R ,パジャマ,03ピンク製品、白シックテープ、ピンクテープ,しまむら,合格,合格,,
Q2726005586,2026-04-22,2026-04-24,大?万林&#36827;出口有限公司（大?佳林）（大?裕森）服装有限公司,メンズカジュアル,,メンズカジュアル,261173X(TF5128K/TF8257) ,KING LOショーツ,N8製品、OW製品、カーキ×コン紐,しまむら,合格,合格,,
Q2726005516,2026-04-21,2026-04-23,&#35832;城和&#35802;服装&#38024;&#32455;有限公司,紳士ナイティー,,紳士ナイティー,116380R ,紳士パジャマ,67製品、N3製品、白シックテープ、紺パイピング、グレー
パイピング,しまむら,合格,合格,,
Q2726005519,2026-04-21,2026-04-23,青&#23707;&#31166;金源&#32463;&#36152;有限公司（??&#21326;源）(青&#23707;恒新山),子供ナイティー,,子供ナイティー,66648CR ,パジャマ,67製品、白シックテープ、紺本体、紺リブ,しまむら,合格,合格,,
Q2726005514,2026-04-21,2026-04-23,&#35832;城和&#35802;服装&#38024;&#32455;有限公司,紳士ナイティー,,紳士ナイティー,1163A0R ,紳士パジャマ,N3製品、白シックテープ、紺パイピング,しまむら,合格,合格,,
Q2726005510,2026-04-21,2026-04-23,&#35832;城和&#35802;服装&#38024;&#32455;有限公司,紳士ナイティー,,紳士ナイティー,1163B0R ,紳士パジャマ,67製品、白シックテープ、紺パイピング,しまむら,合格,合格,,
Q2726005563,2026-04-21,2026-04-23,Grand Concord Garment(Hong Kong) Limited&#35832;城裕泰&#38024;&#32455;有限公司（广豪）,アンダーウェア,,婦人アンダーウェア　笹田,9T620HR ,生地,N7、N9,しまむら,合格,,,
Q2726005634,2026-04-21,2026-04-24,高密亨利制衣有限公司,紳士アンダ－ウェア,,紳士アンダ-ウェア,9H62AQR/9H62BQR/9H62CQR/9S629QR/9S62AQR/9S62BQR/9S62CQR/9S62DQR ,ショーツ,淡紫総柄、黒×白CINNAMOROLL、黒×白HELLO KITTY、黒×白KUROMI、黒無地、黒防水布+
マーキー、黒バインダー、ピンク総柄、ライトブルー総柄,しまむら,合格,,,
Q2726005566,2026-04-21,2026-04-23,高密亨利制衣有限公司,アンダーウェア,,婦人アンダーウェア　笹田,9H620CR/9H6269R/9H6279R/9S6249R/9S6259R ,ショーツ,赤×白、黒×白、サックス×ブルー、ピンク×ローズ、ベージュ × ブラウン,しまむら,合格,,,
Q2726005562,2026-04-21,2026-04-23,Grand Concord Garment(Hong Kong) Limited&#35832;城裕泰&#38024;&#32455;有限公司（广豪）,アンダーウェア,,婦人アンダーウェア　笹田,9K620DR/9N622DR ,生地,14、63、N9,しまむら,合格,,,
Q2726005561,2026-04-21,2026-04-22,青&#23707;&#31166;金源&#32463;&#36152;有限公司（??&#21326;源）(青&#23707;恒新山),キッズカジュアル,,キッズカジュアル,F5632UR/F5633UR/G5639UR/G563HUR/F5638UR/G563FUR/G563EUR/F5631BR/F5637UR ,T SHIRT,63,しまむら,合格,,,
Q2726005539,2026-04-21,2026-04-23,&#23425;波日恒&#36827;出口有限公司,レディ－スカジュアル,,レディ-スカジュアル,Y5630FR ,生地,03本体、03リブ、10本体、10リブ,しまむら,合格,,,
Q2726005559,2026-04-21,2026-04-23,青&#23707;&#31166;金源&#32463;&#36152;有限公司（??&#21326;源）(青&#23707;恒新山),メンズカジュアル,,メンズカジュアル,Z5630TR ,Tシャツ,66製品、白刺繍、黄刺繍,しまむら,合格,合格,,
Q2726005506,2026-04-21,2026-04-23,&#35832;城和&#35802;服装&#38024;&#32455;有限公司,紳士ナイティー,,紳士ナイティー,1163C0R ,パジャマ,67製品、白シックテープ、紺パイピング,しまむら,合格,合格,,
Q2726005508,2026-04-21,2026-04-23,&#35832;城和&#35802;服装&#38024;&#32455;有限公司,紳士ナイティー,,紳士ナイティー,116370R ,パジャマ,63製品、白シックテープ、紺パイピング,しまむら,合格,合格,,
Q2726005567,2026-04-21,2026-04-23,青&#23707;&#31166;金源&#32463;&#36152;有限公司（??&#21326;源）(青&#23707;恒新山),子供ナイティー,,子供ナイティー,6X631AR ,生地,55表、N3表、N3裏,しまむら,合格,,,
Q2726005500,2026-04-21,2026-04-23,青&#23707;&#31166;金源&#32463;&#36152;有限公司（??&#21326;源）(青&#23707;恒新山),子供ナイティー,,子供ナイティー,60630ER ,パジャマ,N9 A製品、N9 B製品、N9 C製品、白シックテープ、黒ひも、黒天竺本体、黒テープ、黒メッシュ本体、黒リブ、チャコールリブ,しまむら,合格,合格,,
61026008536,2026-04-21,2026-04-21,如皋帝晨服&#39280;有限公司,岡山,,伊藤,2163B8A   GNE-670M   GNE-670R ,生地<お文具Eメッシュ半袖半パンツ(パジャマ)>,N9ブラック本体、N9ブラックリブ、ブラック背首テープ、ブラックスピンドル紐,しまむら,合格,,,
61026008479,2026-04-20,2026-04-22,南通?川服飾有限公司,,,,E2633YR ,半袖Tシャツ+ハーフパンツ,N9ブラック本体、N9ブラックリブ、製品,しまむら,合格,合格,,
Q2726004984,2026-04-20,2026-04-22,青&#23707;伊美瑛国&#38469;&#36152;易有限公司,レディ－スカジュアル,,レディ-スカジュアル,Y563BRR ,Tシャツ,N9製品、白刺繍、黒刺繍,しまむら,合格,合格,,
61026008238,2026-04-20,2026-04-22,祥安服装如&#19996;有限公司,岡山,,平松,B2635FQ ,,製品、ブラックゴム、ホワイトゴム,しまむら,合格,合格,,
61026008468,2026-04-20,2026-04-22,祥安服装如&#19996;有限公司,岡山,,平松,BW6B38Z ,マインクラフト 男児2Pボクサー,67ネイビー本体、N9ブラック本体、製品、ブルーゴム、ライトグリーンゴム,しまむら,合格,合格,,
61026008442,2026-04-20,2026-04-22,南通?川服飾有限公司,,,,E2630WZ ,丸首半袖T+ハーフパンツ,N9ブラック本体、N9ブラックリブ部分、製品N9ブラック,しまむら,合格,合格,,
61026008389,2026-04-20,2026-04-22,祥安服装如&#19996;有限公司,岡山,,平松,B4683ZR ,,67ネイビー(パープルゴム)、67ネイビー(ブルーゴム)、67ネイビー本体、N7チャコール杢(ターコゴム)、N7チャコール杢本体、N9ブラック(ネイビーゴム)、N9ブラック(レッドゴム)、N9ブラック本体、ターコゴム、ネイビーゴム、パープルゴム、ブルーゴム、レッドゴム,しまむら,合格,合格,,
61026008415,2026-04-20,2026-04-22,祥安服装如&#19996;有限公司,岡山,,平松,BW6B58Z/BW6B68Z No.1/2:CNB6127  No.3/4:CNB4408   ,生地(マインクラフト 男児2Pボクサー),67ネイビー無地、67ネイビー総柄、N9ブラック無地、N9ブラック総柄,しまむら,合格,,,
61026008440,2026-04-20,2026-04-22,祥安服装如&#19996;有限公司,岡山,,平松,KH6329R ,,65ブルー、83パープル,しまむら,,合格,,
61026008433,2026-04-20,2026-04-22,如皋帝晨服&#39280;有限公司,岡山,,伊藤,216338R GNE-574M GNE-574R GNE-574S ,生地（パジャマ）,03ピンクスムースパイピング、03ピンクリブ、65ブルー本体、67ネイビー本体、67ネイビーリブ、N0ホワイト本体、N0ホワイトリブ、N9ブラック本体、N9ブラックリブ、ネイビーB紐、ネイビーB背着テープ、ピンク背着テープ、ブラック紐、ホワイト背着テープ,しまむら,合格,,,
61526008146,2026-04-20,2026-04-21,江&#33487;舜天盛泰工&#36152;有限公司,岡山,,隆三,1C6B28R ,ヒッコリーキャップ,05レッド,しまむら,,合格,,
Q2726005379,2026-04-20,2026-04-20,高密市?&#21326;美制衣有限公司,アンダーウェア,,婦人アンダーウェア　笹田,9T620VR/9T621VR ,ハーフトップ/ショーツ,17身生地、17ゴム、17テープ、17マチ、N9身生地、N9ゴム、N9テープ、N9マチ,しまむら,合格,,,
Q2726005400,2026-04-20,2026-04-22,山&#19996;省&#28493;坊市&#36827;出口有限公司,婦人ナイティー,,婦人ナイティー,左下記 ,パジャマ,03、67,しまむら,合格,,,
Q2726005401,2026-04-20,2026-04-22,山&#19996;省&#28493;坊市&#36827;出口有限公司,婦人ナイティー,,婦人ナイティー,366408R ,パジャマ,03,しまむら,合格,,,
Q2726005359,2026-04-20,2026-04-22,青&#23707;&#31166;金源&#32463;&#36152;有限公司（??&#21326;源）(青&#23707;恒新山),子供ナイティー,,子供ナイティー,7X6348R ,冷感お昼寝ケット,03製品、アイボリー裏地,しまむら,合格,合格,,
Q2726005470,2026-04-20,2026-04-22,高密市?&#21326;美制衣有限公司,アンダーウェア,,婦人アンダーウェア　笹田,9T620VR ,ハーフトップ,黒&#9312;製品、黒&#9313;製品、黒&#9314;製品、黒&#9315;製品、黒&#9316;製品、モカ製品,しまむら,,合格,,
Q2726005404,2026-04-20,2026-04-22,山&#19996;省&#28493;坊市&#36827;出口有限公司,子供ナイティー,,子供ナイティー,7163X8R ,パジャマ,13本体、13製品、83本体、83製品、白シックテープ、アイボリー
パイピング、ピンク
パイピング,しまむら,合格,合格,,
Q2726005458,2026-04-20,2026-04-22,青&#23707;&#21326;杉&#36152;易有限公司,ジーンズカジュアル,,ジーンズカジュアル,DM6380R/DM6381R ,生地,69、N9,しまむら,合格,,,
Q2726005468,2026-04-20,2026-04-22,高密市?&#21326;美制衣有限公司,アンダーウェア,,婦人アンダーウェア　笹田,9T621VR ,ショーツ5枚組,黒&#9312;、黒&#9313;、黒&#9314;、黒&#9315;、黒&#9316;、黒&#9317;、黒&#9318;、黒&#9319;、モカ&#9312;、モカ&#9313;,しまむら,,合格,,
Q2726005406,2026-04-20,2026-04-22,&#35832;城和&#35802;服装&#38024;&#32455;有限公司,紳士ナイティー,,紳士ナイティー,1163B0R ,紳士パジャマ,67,しまむら,合格,,,
Q2726005410,2026-04-20,2026-04-22,&#35832;城和&#35802;服装&#38024;&#32455;有限公司,紳士ナイティー,,紳士ナイティー,1163C0R ,紳士パジャマ,67,しまむら,合格,,,
Q2726005472,2026-04-20,2026-04-22,Grand Concord Garment(Hong Kong) Limited&#35832;城裕泰&#38024;&#32455;有限公司（广豪）,アンダーウェア,,婦人アンダーウェア　笹田,9N62GHR/9N62RHR/9N62JHR ,肌着,10本体、10レース
9N62GHR、10レース
9N62RHR、67本体、67ゴム
9N62RHR、67メッシュ
9N62RHR、67レース
9N62RHR、N7本体、N7ゴム
9N62GHR、N7メッシュ
9N62GHR、N9本体、N9レース
9N62GHR、N9レース
9N62RHR,しまむら,合格,,,
Q2726005498,2026-04-20,2026-04-22,青&#23707;&#31166;金源&#32463;&#36152;有限公司（??&#21326;源）(青&#23707;恒新山),子供ナイティー,,子供ナイティー,60630ER/60641JR/60642AR/60643AR ,パジャマ,132、134、40、60-1、65-8、67A、94、N3A、N7A、N7B、N7C、N9,しまむら,合格,,,
Q2726005497,2026-04-20,2026-04-22,青&#23707;&#31166;金源&#32463;&#36152;有限公司（??&#21326;源）(青&#23707;恒新山),子供ナイティー,,子供ナイティー,76645KR/76646KR/76647RR ,パジャマ,54-4、60-7、67A、67B、N4-1、N9,しまむら,合格,,,
Q2726005494,2026-04-20,2026-04-22,&#35832;城和&#35802;服装&#38024;&#32455;有限公司,紳士ナイティー,,紳士ナイティー,116370R ,紳士パジャマ,63,しまむら,合格,,,
Q2726005512,2026-04-20,2026-04-23,&#35832;城和&#35802;服装&#38024;&#32455;有限公司,紳士ナイティー,,紳士ナイティー,116390R ,パジャマ,67製品、白シックテープ、紺パイピング,しまむら,合格,合格,,
61526008069,2026-04-20,2026-04-22,上海&#39134;&#39532;&#36827;出口有限公司,岡山,,飼田,E2635DR ,半袖Tシャツ+ショートパンツ,10オフホワイト、N9ブラック本体,しまむら,合格,合格,,
Q2726005490,2026-04-20,2026-04-22,&#35832;城和&#35802;服装&#38024;&#32455;有限公司,紳士ナイティー,,紳士ナイティー,1163A0R ,紳士パジャマ,N3,しまむら,合格,,,
Q2726005480,2026-04-20,2026-04-22,青&#23707;&#31166;金源&#32463;&#36152;有限公司（??&#21326;源）(青&#23707;恒新山),キッズカジュアル,,キッズカジュアル,F563EQZ ,シャツ,57製品、赤ワッペン
Coleman、黒テープ,しまむら,合格,合格,,
Q2726005482,2026-04-20,2026-04-22,青&#23707;&#31166;金源&#32463;&#36152;有限公司（??&#21326;源）(青&#23707;恒新山),キッズカジュアル,,キッズカジュアル,F563FQZ ,シャツ,N8本体、N8リブ、赤ワッペン、黒テープ,しまむら,合格,合格,,
Q2726005486,2026-04-20,2026-04-23,青&#23707;&#31166;金源&#32463;&#36152;有限公司（??&#21326;源）(青&#23707;恒新山),メンズカジュアル,,メンズカジュアル,C563VMA/C563UMA/X4634ER/X563EER/C5633VA/X4631RA/X4632RA/X5631RA/X5632RA ,生地,N0本体、N0リブ、N7本体、N9本体、N9リブ,しまむら,合格,,,
Q2726005435,2026-04-17,2026-04-21,青&#23707;紫?国&#38469;&#36152;易有限公司,ライフグッズ,,ライフグッズ,1T6438A ,エコバッグ,10本体、10製品,しまむら,合格,合格,,
Q2726005453,2026-04-17,2026-04-21,青&#23707;朗和国&#38469;&#36152;易有限公司,レディ－スカジュアル,,レディ-スカジュアル,A563DRR ,ReebokTシャツ,黒本体、黒リブ,しまむら,合格,合格,,
Q2726005399,2026-04-17,2026-04-21,青&#23707;&#31166;金源&#32463;&#36152;有限公司（??&#21326;源）(青&#23707;恒新山),子供ナイティー,,子供ナイティー,70641RR/70642VR/70643KR ,パジャマ,13-3、14、14-10、14総柄、50-5、54、54-3、54-7、67A、83、83-4、N1、N3A、N9,しまむら,合格,,,
Q2726005372,2026-04-17,2026-04-21,青&#23707;&#31166;金源&#32463;&#36152;有限公司（??&#21326;源）(青&#23707;恒新山),キッズカジュアル,,キッズカジュアル,G5632AZ ,シャツ,82製品、サックス刺繍,しまむら,合格,合格,,
61526008058,2026-04-17,2026-04-21,上海&#39134;&#39532;&#36827;出口有限公司,岡山,,飼田,E563AYR ,,65ブルー、N3グレー,しまむら,合格,,,
61526008023,2026-04-17,2026-04-21,西尾株式会社,,,,E8631BZ ,マインクラフト なりきり巻きタオル,63サックス,しまむら,合格,,,
61026007857,2026-04-17,2026-04-21,南通?川服飾有限公司,,,,Y4631XR ,,製品,しまむら,,合格,,
61026007924,2026-04-17,2026-04-21,南通?川服飾有限公司,,,,Y4630XR ,,製品、ブラック本体,しまむら,合格,合格,,
Q2726005159,2026-04-17,2026-04-21,青&#23707;紫?国&#38469;&#36152;易有限公司,ライフグッズ,,ライフグッズ,1P6448A ,ポーチ,55グリーン,しまむら,,合格,,
Q2726005324,2026-04-17,2026-04-21,青&#23707;朗和国&#38469;&#36152;易有限公司,レディ－スカジュアル,,レディ-スカジュアル,A563DRR ,ReebokTシャツ,N0本体、N0リブ、N9本体、N9リブ,しまむら,合格,,,
Q2726005370,2026-04-17,2026-04-21,青&#23707;&#31166;金源&#32463;&#36152;有限公司（??&#21326;源）(青&#23707;恒新山),キッズカジュアル,,キッズカジュアル,G5630AZ ,シャツ,63製品、黒刺繍,しまむら,合格,合格,,
Q2726005368,2026-04-17,2026-04-21,青&#23707;&#31166;金源&#32463;&#36152;有限公司（??&#21326;源）(青&#23707;恒新山),メンズカジュアル,,メンズカジュアル,C563TMA ,紳士シャツ,黒本体、黒リブ,しまむら,合格,合格,,
Q2726005319,2026-04-16,2026-04-20,青&#23707;伊美瑛国&#38469;&#36152;易有限公司,レディ－スカジュアル,,レディ-スカジュアル,Y6631RA ,Tシャツ,N9ブラック表地、N9ブラック裏地、N9ブラック製品、N9ブラック裾部分、白刺繍,しまむら,合格,合格,,
Q2726005364,2026-04-16,2026-04-20,青&#23707;&#31166;金源&#32463;&#36152;有限公司（??&#21326;源）(青&#23707;恒新山),子供ナイティー,,子供ナイティー,7P6348R ,敷パッド,03包み部分、03製品、白裏地,しまむら,合格,合格,,
Q2726005390,2026-04-16,2026-04-20,大?程?国&#38469;&#36152;易有限公司（帛来）,婦人ナイティー,,婦人ナイティー,40637LA/40634LA/40635LA ,パジャマ,03、63、N7,しまむら,合格,,,
Q2726005389,2026-04-16,2026-04-20,大?程?国&#38469;&#36152;易有限公司（帛来）,婦人ナイティー,,婦人ナイティー,40636LA/40634LA/40635LA ,パジャマ,03、63、67、N7,しまむら,合格,,,
Q2726005362,2026-04-16,2026-04-16,Grand Concord Garment(Hong Kong) Limited&#35832;城裕泰&#38024;&#32455;有限公司（广豪）,アンダーウェア,,婦人アンダーウェア　笹田,9L622CR ,ハーフトップ+ショーツ,10ショーツ、10ハーフトップ、N9ショーツ、N9ハーフトップ、白ゴム、黒本体、黒クロッチ　、黒テープ、グレー
テープ、グレークロッチ　,しまむら,合格,合格,,
50126000312,2026-04-16,2026-04-20,株式会社カイタックファミリー,戦略開発課,,長崎,1263B0R ,紳士パジャマ,67ネイビー、パイピング,しまむら,合格,合格,,
Q1726000050,2026-04-16,2026-04-20,威海星辰,レディ－スカジュアル,,レディ-スカジュアル,Y7650WC ,t&l*まるコジニットカーディガン,14、67、N7,しまむら,合格,,,
50126000387,2026-04-16,2026-04-20,株式会社カイタックファミリー,戦略開発課,,長崎,1263A0R ,パジャマ,67ネイビー、パイピング,しまむら,合格,合格,,
Q2726005383,2026-04-16,2026-04-20,青&#23707;屹??工&#36152;有限?任公司,レディ－スカジュアル,,レディ-スカジュアル,J5635JR/J5636JR ,【ヒンヤロ】ブルガリ幾何柄7分PO/【ヒンヤロ】ブルガリ小花柄7分PO,67、N9,しまむら,合格,,,
Q2726005413,2026-04-15,2026-04-17,青&#23707;呈?服装有限公司,キッズカジュアル,,キッズカジュアル,G5633WZ ,生地,63本体、63リブ,しまむら,合格,,,
50126000288,2026-04-15,2026-04-17,株式会社カイタックファミリー,戦略開発課,,川棚,306231R ,クロッシーP日本製遠州花柄ガーゼ(パジャマ),03ピンク、パイピング,しまむら,合格,合格,,
61026008072,2026-04-15,2026-04-17,祥安服装如&#19996;有限公司,岡山,,平松,WW646UR  CKB6114 ,,67ネイビー、69コン、N7チャコール、N9ブラック,しまむら,合格,,,
61026008118,2026-04-15,2026-04-17,祥安服装如&#19996;有限公司,岡山,,米本,1C623PB ,ツイルキャップ,Chinese red本体、Earthy yellow本体、Gossamer Pink本体、Light beige本体、Middle grey本体、Navy本体、Royal bule本体、白底刺繍、製品、オフホワイト裏地、コン底刺繍、ブラック裏地、ブラックスピンドル、ベージュ底刺繍、ライトピンクスピンドル,しまむら,合格,合格,,
Q2726005329,2026-04-15,2026-04-17,青&#23707;伊美瑛国&#38469;&#36152;易有限公司,レディ－スカジュアル,,レディ-スカジュアル,Y563ERR ,Tシャツ,N9製品、白刺繍、赤刺繍、黒刺繍,しまむら,合格,合格,,
Q2726005288,2026-04-15,2026-04-17,青&#23707;&#31166;金源&#32463;&#36152;有限公司（??&#21326;源）(青&#23707;恒新山),子供ナイティー,,子供ナイティー,666318R ,パジャマ,63製品、63リブ、白シックテープ,しまむら,合格,合格,,
Q2726005282,2026-04-15,2026-04-17,青&#23707;&#31166;金源&#32463;&#36152;有限公司（??&#21326;源）(青&#23707;恒新山),子供ナイティー,,子供ナイティー,766480R ,パジャマ,83製品、83リブ、白シックテープ、紺本体,しまむら,合格,合格,,
Q2726005153,2026-04-15,2026-04-21,青&#23707;承越皮革制品有限公司,ライフグッズ,,ライフグッズ,1T553NR ,キルトトートバッグL,N3本体、N3トートバッグ、N3ポーチ、黒大リボン、黒小リボン,しまむら,合格,合格,,
Q2726005135,2026-04-15,2026-04-20,青&#23707;紫?国&#38469;&#36152;易有限公司,ライフグッズ,,ライフグッズ,1T613DA/1T614DA ,バッグ,紫無地、紫総柄&#9312;、紫総柄&#9313;、紺無地、紺総柄、黄無地、グレー総柄&#9312;、グレー総柄&#9313;、サックス無地、サックス総柄&#9312;、サックス総柄&#9313;、ブルー総柄,しまむら,合格,,,
Q2726005344,2026-04-15,2026-04-16,青&#23707;朗和国&#38469;&#36152;易有限公司,レディ－スカジュアル,,レディ-スカジュアル,A5636ZR ,CLATHAS半袖T,N9本体、N9製品、淡ピンク刺繍、ピンク刺繍,しまむら,合格,合格,,
61026007826,2026-04-15,2026-04-20,江?嘉晟&#36827;出口&#36152;易有限公司,岡山,,唐木,5G6378Q ,APEX 紳士ショート丈ソックス3P,N0ホワイト、N0ホワイト/N9ブラック/N3グレー共通刺繍、N0ホワイト本体、N3グレー、N3グレー本体、N9ブラック、N9ブラック本体,しまむら,合格,合格,,
61026007845,2026-04-15,2026-04-20,江?嘉晟&#36827;出口&#36152;易有限公司,岡山,,唐木,5G63H8Q ,APEX 婦人ショート丈ソックス3P,N7チャコール、N8クロ、N9ブラック、グリーン刺繍(N8クロ用)、ピンク刺繍(N9ブラック用)、ブラック本体☆、ブルー刺繍(N7チャコール用),しまむら,合格,合格,,
61026007881,2026-04-15,2026-04-16,南通?川服飾有限公司,,,,G5635WZ ,半袖Tシャツ,10オフホワイト,しまむら,,合格,,
Q2726005316,2026-04-14,2026-04-16,大?万林&#36827;出口有限公司（大?佳林）（大?裕森）服装有限公司,メンズカジュアル,,メンズカジュアル,OP3500X ,OCEAN PACIFICコーデュロイショートパンツ,26、91、N7、N9,しまむら,合格,,,
61526007626,2026-04-14,2026-04-16,江&#33487;舜天盛泰工&#36152;有限公司,岡山,,,1C6B18R ,生地(デニムキャップ),65ブルー、刺繍,しまむら,合格,,,
Q2726005332,2026-04-14,2026-04-17,青&#23707;伊美瑛国&#38469;&#36152;易有限公司,レディ－スカジュアル,,レディ-スカジュアル,Y563ARR ,Tシャツ,N1製品、サックス刺繍、ピンク刺繍,しまむら,合格,合格,,
Q2726005351,2026-04-14,2026-04-16,Grand Concord Garment(Hong Kong) Limited&#35832;城裕泰&#38024;&#32455;有限公司（广豪）,アンダーウェア,,婦人アンダーウェア　笹田,9N62CHR ,カップ付きタンクトップ,10製品、63製品、N9製品、N9身生地、白
アンダーゴム、黒別布、黒アンダーゴム、黒カップ上
バインダー、サックス
アンダーゴム、ベージュカップ上バインダー,しまむら,合格,合格,,
Q2726005353,2026-04-14,2026-04-16,Grand Concord Garment(Hong Kong) Limited&#35832;城裕泰&#38024;&#32455;有限公司（广豪）,アンダーウェア,,婦人アンダーウェア　笹田,9K623QR ,ハーフトップ,63製品、サックスゴム、サックステープ、ベージュカップ,しまむら,合格,合格,,
Q2726005349,2026-04-14,2026-04-16,Grand Concord Garment(Hong Kong) Limited&#35832;城裕泰&#38024;&#32455;有限公司（广豪）,アンダーウェア,,婦人アンダーウェア　笹田,9N62DHR ,カップ付きキャミソール,10製品、N3製品、N9製品、N9身生地、白アンダーゴム、黒アンダーゴム、グレー
アンダーゴム,しまむら,合格,合格,,
Q2726005337,2026-04-14,2026-04-16,青&#23707;呈?服装有限公司,キッズカジュアル,,キッズカジュアル,G5634WZ ,エスターバニーOE天竺Tシャツ,10リブ、82本体,しまむら,合格,,,
Q2726005334,2026-04-14,2026-04-16,青&#23707;&#31166;金源&#32463;&#36152;有限公司（??&#21326;源）(青&#23707;恒新山),子供ナイティー,,子供ナイティー,66643AR/66644AR/66645AR/66647YR/66648CR ,パジャマ,15-2、67A、68-3、N4-1、N7C、N7総柄、N9,しまむら,合格,,,
Q2726005335,2026-04-14,2026-04-16,青&#23707;呈?服装有限公司,キッズカジュアル,,キッズカジュアル,G5636WZ ,エスターバニー OE天竺Tシャツ,03本体、03リブ,しまむら,合格,,,
Q2726005185,2026-04-14,2026-04-16,山&#19996;省&#28493;坊市&#36827;出口有限公司,婦人ナイティー,,婦人ナイティー,406378R ,パジャマ,67本体、67製品、白シックテープ,しまむら,合格,合格,,
Q2726005157,2026-04-14,2026-04-16,青&#23707;紫?国&#38469;&#36152;易有限公司,ライフグッズ,,ライフグッズ,1T6208A ,フタつき収納ボックス,中灰本体、中灰製品,しまむら,合格,合格,,
Q2726005156,2026-04-14,2026-04-16,青&#23707;紫?国&#38469;&#36152;易有限公司,ライフグッズ,,ライフグッズ,1P6528B ,巾着,63サックス,しまむら,,合格,,
Q2726005187,2026-04-14,2026-04-16,山&#19996;省&#28493;坊市&#36827;出口有限公司,婦人ナイティー,,婦人ナイティー,406368R ,パジャマ,N3グレー製品、白シックテープ,しまむら,,合格,,
Q2726005208,2026-04-14,2026-04-16,高密亨利制衣有限公司,婦人アンダ－ウェア,,婦人アンダ-ウェア,9662BQR ,胸二重インナー,N0総柄製品、N0ワンポイント製品、サックスリボン,しまむら,合格,合格,,
Q2726005155,2026-04-14,2026-04-16,青&#23707;紫?国&#38469;&#36152;易有限公司,ライフグッズ,,ライフグッズ,1P6118B ,巾着,05,しまむら,,合格,,
Q2726005270,2026-04-14,2026-04-16,山&#19996;省&#28493;坊市&#36827;出口有限公司,子供ナイティー,,子供ナイティー,76633KR ,パジャマ,N3製品、白シックテープ,しまむら,,合格,,
Q2726005246,2026-04-14,2026-04-16,Grand Concord Garment(Hong Kong) Limited&#35832;城裕泰&#38024;&#32455;有限公司（广豪）,アンダーウェア,,婦人アンダーウェア　笹田,94620QR ,ハーフトップ,63肩ゴム、63製品、63裾ゴム,しまむら,合格,合格,,
Q2726005242,2026-04-14,2026-04-16,Grand Concord Garment(Hong Kong) Limited&#35832;城裕泰&#38024;&#32455;有限公司（广豪）,アンダーウェア,,婦人アンダーウェア　笹田,9N621QR ,カップ付きタンクトップ,N9製品、黒上バインダー、黒下バインダー、黒カップ、黒ゴム、黒マーキー,しまむら,合格,合格,,
Q2726005244,2026-04-14,2026-04-16,Grand Concord Garment(Hong Kong) Limited&#35832;城裕泰&#38024;&#32455;有限公司（广豪）,アンダーウェア,,婦人アンダーウェア　笹田,9N620QR ,カップ付きタンクトップ,10製品、白アンダーゴム、白マーキー、ベージュカップ、ベージュカップ上バインダー、ベージュカップ下バインダー,しまむら,合格,合格,,
61526007687,2026-04-14,2026-04-16,上海&#39134;&#39532;&#36827;出口有限公司,岡山,,飼田,E4635DR ,,製品,しまむら,,合格,,
61026007968,2026-04-14,2026-04-16,如皋帝晨服&#39280;有限公司,岡山,,伊藤,216321R ,パジャマ,67ネイビー、67ネイビー本体、67ネイビー背首テープ、67ネイビーリブ、N7チャコール、製品、ネイビースピンドル紐,しまむら,合格,合格,,
61526007715,2026-04-14,2026-04-17,上海&#39134;&#39532;&#36827;出口有限公司,岡山,,飼田,F5621YZ ,,N8クロ本体、N8クロリブ、製品、クロワッペン(さがら刺繍)、グリーンワッペン(さがら刺繍),しまむら,合格,合格,,
61026007933,2026-04-14,2026-04-16,如皋帝晨服&#39280;有限公司,岡山,,伊藤,21631DR ,,67ネイビー、67ネイビー上衣、N0ホワイト、N9ブラック、N9ブラック下衣、製品、ブラック背首テープ、ブラックスピンドル紐、ブラックリブ,しまむら,合格,合格,,
Q2726005355,2026-04-14,2026-04-16,Grand Concord Garment(Hong Kong) Limited&#35832;城裕泰&#38024;&#32455;有限公司（广豪）,アンダーウェア,,婦人アンダーウェア　笹田,9K624QR ,ハーフトップ,N9製品、黒カップ、黒ゴム、黒バインダー,しまむら,合格,合格,,
61026007991,2026-04-14,2026-04-16,祥安服装如&#19996;有限公司,岡山,,平松,TW6357R  ,,製品,しまむら,,合格,,
61026007984,2026-04-14,2026-04-16,祥安服装如&#19996;有限公司,岡山,,平松,TW6347R ,2Pヒヤロン丸首Tシャツ,N0ホワイト,しまむら,,合格,,
61026007940,2026-04-14,2026-04-16,南通?川服飾有限公司,,,,E2633YR/E2630WZ ,生地(半袖Tシャツ/丸首半袖T),03ピンク本体、03ピンクリブ、05レッド本体、25オレンジ本体、25オレンジリブ、55-Bグリーン本体、55-Bグリーンリブ、63サックス本体、63サックスリブ、67ネイビー本体、N0ホワイト本体、N3グレー本体、N3グレーリブ、N9ブラック本体、N9ブラックリブ、白パイピング、黒パイピング、ブラックスピンドル,しまむら,合格,,,
Q2726005357,2026-04-14,2026-04-17,青&#23707;&#31166;金源&#32463;&#36152;有限公司（??&#21326;源）(青&#23707;恒新山),レディ－スカジュアル,,レディ-スカジュアル,A0630GR ,セット,&#9312;製品、&#9313;製品、&#9315;製品、&#9316;製品、白紐、紺紐、黒本体、黒紐、黒リブ,しまむら,合格,合格,,
61526007722,2026-04-14,2026-04-16,上海&#39134;&#39532;&#36827;出口有限公司,岡山,,飼田,E5620MR ,,15ブラウン、25オレンジ、67ネイビー、83パープル、N7チャコール、オレンジ刺繍、オレンジテープ、キャメル刺繍、キャメルテープ、ターコイズ刺繍、ターコイズテープ、パープル刺繍、パープルテープ、レンガ刺繍、レンガテープ,しまむら,合格,合格,,
61526007708,2026-04-14,2026-04-16,江&#33487;舜天盛泰工&#36152;有限公司,岡山,,,1C625ER ,,N9ブラック、シロ刺繍,しまむら,合格,,,
61526007712,2026-04-14,2026-04-16,上海&#39134;&#39532;&#36827;出口有限公司,岡山,,飼田,E5634UR ,,N7チャコール本体、製品、イエロー刺繍,しまむら,合格,合格,,
Q2726005231,2026-04-13,2026-04-15,青&#23707;&#31166;金源&#32463;&#36152;有限公司（??&#21326;源）(青&#23707;恒新山),メンズカジュアル,,メンズカジュアル,C563SMA ,紳士シャツ,N9製品、黒本体、黒リブ、黒ワッペン,しまむら,合格,合格,,
Q2726005225,2026-04-13,2026-04-16,青&#23707;&#31166;金源&#32463;&#36152;有限公司（??&#21326;源）(青&#23707;恒新山),子供ナイティー,,子供ナイティー,6P639UR ,敷パッド,N3製品、白裏地、ブルーワッペン,しまむら,合格,合格,,
Q2726005240,2026-04-13,2026-04-15,青&#23707;&#31166;金源&#32463;&#36152;有限公司（??&#21326;源）(青&#23707;恒新山),子供ナイティー,,子供ナイティー,7J6348R ,枕+枕カバー,03ピンク
枕カバー、03ピンク枕、白がわ地,しまむら,,合格,,
61526007550,2026-04-13,2026-04-15,上海&#39134;&#39532;&#36827;出口有限公司,岡山,,飼田,E5630MR   E5631MR ,生地(丸首半袖T),65ブルー本体、65ブルーリブ、N7チャコール本体、N7チャコールリブ、N8クロ/N9ブラック本体、N8クロ/N9ブラックリブ,しまむら,合格,,,
Q2726005224,2026-04-13,2026-04-16,青&#23707;&#31166;金源&#32463;&#36152;有限公司（??&#21326;源）(青&#23707;恒新山),子供ナイティー,,子供ナイティー,6T639UR ,枕パッド,63製品、白裏地、ブルーワッペン,しまむら,合格,合格,,
50126000085,2026-04-13,2026-04-15,株式会社播,,,高瀬,[8B303R]AF2658(製品品番:1263AOR) ,パジャマ,67ネイビー,しまむら,合格,,,
50126000263,2026-04-13,2026-04-15,株式会社カイタックファミリー,戦略開発課,,長崎,306221R ,パジャマ,83パープル、パイピング,しまむら,合格,合格,,
Q2726005216,2026-04-13,2026-04-15,Grand Concord Garment(Hong Kong) Limited&#35832;城裕泰&#38024;&#32455;有限公司（广豪）,アンダーウェア,,婦人アンダーウェア　笹田,9M624VR ,ワンピース,03肩ゴム、03製品、N9肩ゴム、N9製品,しまむら,合格,合格,,
61526007536,2026-04-13,2026-04-15,上海&#39134;&#39532;&#36827;出口有限公司,岡山,,飼田,G563GUR ,,05BレッドBリブ、05レッド天竺,しまむら,合格,,,
Q2726005214,2026-04-13,2026-04-15,Grand Concord Garment(Hong Kong) Limited&#35832;城裕泰&#38024;&#32455;有限公司（广豪）,アンダーウェア,,婦人アンダーウェア　笹田,9M62HHR ,タンクトップ,13製品、N3製品、N9製品、N9身生地,しまむら,合格,合格,,
61526007514,2026-04-13,2026-04-17,上海&#39134;&#39532;&#36827;出口有限公司,岡山,,飼田,F5620YZ ,,製品,しまむら,,合格,,
61026007862,2026-04-13,2026-04-15,祥安服装如&#19996;有限公司,岡山,,平松,TH6358Q ,APEX 紳士半袖丸首インナーTシャツ,A:N9ブラック、A:N9ブラック本体、A:N9ブラックリブ,しまむら,合格,合格,,
Q2726005222,2026-04-13,2026-04-15,青&#23707;&#31166;金源&#32463;&#36152;有限公司（??&#21326;源）(青&#23707;恒新山),子供ナイティー,,子供ナイティー,6P639UR/6X638UR/6T639UR ,バインダー,グレー、サックス,しまむら,合格,,,
Q2726005220,2026-04-13,2026-04-15,Grand Concord Garment(Hong Kong) Limited&#35832;城裕泰&#38024;&#32455;有限公司（广豪）,アンダーウェア,,婦人アンダーウェア　笹田,9N623VR ,インナーワンピース,13胸下ゴム、13製品、13メッシュ、N9胸下ゴム、N9製品、黒カップ、ベージュカップ,しまむら,合格,合格,,
Q2726005218,2026-04-13,2026-04-16,Grand Concord Garment(Hong Kong) Limited&#35832;城裕泰&#38024;&#32455;有限公司（广豪）,アンダーウェア,,婦人アンダーウェア　笹田,9N622VR ,婦人インナー(ペチワンピ),13製品、13カップ、N9製品、黒カップ、黒カップ上
バインダー、黒カップ下ゴム、オフカップ下ゴム、ベージュ
メッシュ、ベージュカップ上バインダー,しまむら,合格,合格,,
Q2726005223,2026-04-13,2026-04-16,青&#23707;&#31166;金源&#32463;&#36152;有限公司（??&#21326;源）(青&#23707;恒新山),子供ナイティー,,子供ナイティー,6X638UR ,冷感ケット,63製品、ブルーワッペン,しまむら,合格,合格,,
Q2726005276,2026-04-13,2026-04-15,山&#19996;省&#28493;坊市&#36827;出口有限公司,子供ナイティー,,子供ナイティー,66635YR ,パジャマ,N9ブラック本体、N9ブラック製品、N9ブラックリブ、白シックテープ,しまむら,合格,合格,,
61526007559,2026-04-13,2026-04-15,南通新恒祥&#32442;&#32455;服装有限公司,岡山,,?田,31630HR ,,03ピンク、67ネイビー、67ネイビー本体、クロ系ワッペン、シロ系ワッペン,しまむら,合格,合格,,
61026007756,2026-04-13,2026-04-15,上海昊客商&#36152;有限公司,,,?山,R2631PZ ,ワンピース・ブルマセット,04アイボリーテープ、13アイボリー、159ネイビーテープ、67ネイビー、67ネイビー本体,しまむら,合格,合格,,
Q2726005210,2026-04-13,2026-04-15,高密亨利制衣有限公司,婦人アンダ－ウェア,,婦人アンダ-ウェア,9662AQR ,胸二重インナー,N9(黒×紫)製品、N9(黒×ピンク)製品、紫リボン,しまむら,合格,合格,,
61026007748,2026-04-13,2026-04-15,上海昊客商&#36152;有限公司,,,?山,R2630PZ ,,04アイボリーテープ、13アイボリー、159ネイビーテープ、67ネイビー、67ネイビー切替、67ネイビー本体、67ネイビーテープ,しまむら,,合格,,
Q2726005290,2026-04-13,2026-04-16,青&#23707;吉利基&#19994;&#36152;易公司,紳士ナイティー,,紳士ナイティー,左下記 ,パジャマ,63、67,しまむら,合格,,,
61026007760,2026-04-13,2026-04-21,江?嘉晟&#36827;出口&#36152;易有限公司,岡山,,唐木,5K6C58Z ,マインクラフト 男児アンクル丈ソックス1P,25オレンジ、25オレンジ刺繍、25オレンジ本体、55グリーン、55グリーン刺繍、55グリーン本体、83パープル、83パープル刺繍、83パープル本体,しまむら,合格,合格,,
61026007824,2026-04-13,2026-04-15,南通泰&#23572;佳&#38024;&#32455;制衣有限公司,,,,C6630WR   CSK-806 ,生地(綿タッチポリ天竺Tシャツ),67ネイビー、N9ブラック,しまむら,合格,,,
61026007784,2026-04-13,2026-04-21,江?嘉晟&#36827;出口&#36152;易有限公司,岡山,,唐木
,5G6B58Z ,マインクラフト 男児アンクル丈ソックス3P,A-1 N7チャコール、A-2 N9ブラック、A-3 55グリーン,しまむら,合格,合格,,
61026007829,2026-04-13,2026-04-21,江?嘉晟&#36827;出口&#36152;易有限公司,岡山,,唐木,5G6B68Z ,マインクラフト 男児ショート丈ソックス3P,A-1 55グリーン、A-2 N3グレー、A-3 83パープル,しまむら,合格,合格,,
61026007747,2026-04-13,2026-04-16,上海昊客商&#36152;有限公司,,,?山,RW630PZ ,ワンピース,04アイボリーテープ、159ネイビーテープ、64スカイブルー、67ネイビー、67ネイビー本体,しまむら,,合格,,
61026007746,2026-04-13,2026-04-15,上海昊客商&#36152;有限公司,,,?山,R563DPZ ,半袖Tシャツ,04アイボリーテープ、13アイボリー、159ネイビーテープ、67ネイビー、67ネイビーテープ,しまむら,合格,合格,,
Q2726005278,2026-04-13,2026-04-15,山&#19996;省&#28493;坊市&#36827;出口有限公司,子供ナイティー,,子供ナイティー,76634WR ,パジャマ,N1製品、白シックテープ,しまむら,,合格,,
Q2726005272,2026-04-13,2026-04-15,青&#23707;吉利基&#19994;&#36152;易公司,紳士ナイティー,,紳士ナイティー,126450R ,パジャマ,67製品、白シックテープ,しまむら,,合格,,
61026007744,2026-04-13,2026-04-16,上海昊客商&#36152;有限公司,,,?山,RT63YPZ ,スカート付きロンパース,04アイボリーテープ、13アイボリー、159ネイビーテープ、67ネイビー、67ネイビー本体,しまむら,合格,合格,,
Q2726005286,2026-04-13,2026-04-16,青&#23707;&#31166;金源&#32463;&#36152;有限公司（??&#21326;源）(青&#23707;恒新山),子供ナイティー,,子供ナイティー,666308R ,パジャマ,63製品、63リブ,しまむら,合格,合格,,
Q2726005284,2026-04-13,2026-04-16,青&#23707;&#31166;金源&#32463;&#36152;有限公司（??&#21326;源）(青&#23707;恒新山),子供ナイティー,,子供ナイティー,666450R ,パジャマ,N7A本体、N7製品、N9本体、白シックテープ、黒本体、チャコールリブ,しまむら,合格,合格,,
61026007743,2026-04-13,2026-04-15,上海昊客商&#36152;有限公司,,,?山,RT63XPZ ,,04アイボリーテープ、13アイボリー、159ネイビーテープ、67ネイビー、ネイビー本体,しまむら,合格,合格,,
Q2726005274,2026-04-13,2026-04-15,山&#19996;省&#28493;坊市&#36827;出口有限公司,子供ナイティー,,子供ナイティー,66637AR ,パジャマ,N7製品、白シックテープ、チャコール本体,しまむら,合格,合格,,
Q2726005117,2026-04-13,2026-04-15,青&#23707;伊美瑛国&#38469;&#36152;易有限公司,レディ－スカジュアル,,レディ-スカジュアル,Y6630RA/Y6631RA ,Tシャツ,N3天竺、N3腰ゴム、N3テレコ本体、N9天竺、N9腰ゴム、N9テレコ本体,しまむら,合格,,,
Q2726005101,2026-04-13,2026-04-15,高密亨利制衣有限公司,婦人アンダ－ウェア,,婦人アンダ-ウェア,9H629AR ,スタンダードショーツ,緑刺繍、赤刺繍、黄刺繍、黒×緑製品、黒×赤製品、黒×黄製品、黒本体、黒ゴム,しまむら,合格,合格,,
Q2726005103,2026-04-13,2026-04-16,高密亨利制衣有限公司,婦人アンダ－ウェア,,婦人アンダ-ウェア,9H628ER ,スタンダードショーツ,紺製品、紺ゴム、黒×サックス製品、黒×ピンク製品、黒本体、サックス刺繍、ピンク刺繍、ローズ刺繍,しまむら,合格,合格,,
Q2726005204,2026-04-13,2026-04-15,高密亨利制衣有限公司,婦人アンダ－ウェア,,婦人アンダ-ウェア,9662A4R ,インナー,N9ベア天,しまむら,合格,,,
Q2726005206,2026-04-13,2026-04-15,高密亨利制衣有限公司,婦人アンダ－ウェア,,婦人アンダ-ウェア,9662A4R ,胸二重タンクトップ,黒×ゴールド製品、黒×シルバー製品、黒本体、黒裏天竺,しまむら,合格,合格,,
Q2726005152,2026-04-13,2026-04-15,青&#23707;承越皮革制品有限公司,ライフグッズ,,ライフグッズ,1T552NR ,キルトトートバッグS,N6チャコールグレー,しまむら,,合格,,
Q2726005203,2026-04-13,2026-04-13,青&#23707;&#31166;金源&#32463;&#36152;有限公司（??&#21326;源）(青&#23707;恒新山),子供ナイティー,,子供ナイティー,666308R/666318R ,パジャマ,60-1、63-9,しまむら,合格,,,
Q2726005056,2026-04-10,2026-04-14,青&#23707;吉利基&#19994;&#36152;易公司,紳士ナイティー,,紳士ナイティー,126400R ,パジャマ,67製品、白シックテープ,しまむら,,合格,,
Q2726005031,2026-04-10,2026-04-14,青&#23707;吉利基&#19994;&#36152;易公司,紳士ナイティー,,紳士ナイティー,126420R ,パジャマ,67ネイビー製品、白シックテープ,しまむら,,合格,,
Q2726005058,2026-04-10,2026-04-14,青&#23707;吉利基&#19994;&#36152;易公司,紳士ナイティー,,紳士ナイティー,126440R ,パジャマ,67製品、白シックテープ,しまむら,,合格,,
Q2726005052,2026-04-10,2026-04-14,青&#23707;吉利基&#19994;&#36152;易公司,紳士ナイティー,,紳士ナイティー,126410R ,パジャマ,67製品、白シックテープ,しまむら,,合格,,
Q2726005054,2026-04-10,2026-04-14,青&#23707;吉利基&#19994;&#36152;易公司,紳士ナイティー,,紳士ナイティー,126430R ,パジャマ,67製品、白シックテープ,しまむら,,合格,,
Q2726005049,2026-04-10,2026-04-14,青&#23707;&#31166;金源&#32463;&#36152;有限公司（??&#21326;源）(青&#23707;恒新山),子供ナイティー,,子供ナイティー,76642KR ,パジャマ,14製品、白シックテープ、紺本体、ベージュリブ,しまむら,合格,合格,,
61026007735,2026-04-10,2026-04-14,上海昊客商&#36152;有限公司,,,?山
,RT63VPZ ,サロペット,14ベージュ、67ネイビー、67ネイビー本体、67ネイビーテープ部分,しまむら,合格,合格,,
61026007715,2026-04-10,2026-04-14,上海昊客商&#36152;有限公司,,,?山,R4635PZ ,ブルマ,14ベージュ,しまむら,,合格,,
61026007695,2026-04-10,2026-04-14,如皋帝晨服&#39280;有限公司,岡山,,伊藤,21631PR ,パジャマ,67ネイビー無地本体、67ネイビーボーダー本体、67ネイビーリブ、製品:67ネイビー、レッド刺繍糸,しまむら,合格,合格,,
61026007646,2026-04-10,2026-04-14,上海涵浚?&#19994;有限公司,岡山,,小野寺,1M6739A ,,65ブルー、82ラベンダー,しまむら,合格,,,
61026007684,2026-04-10,2026-04-13,南通?川服飾有限公司,,,,Y5636WA ,半袖DROPT,N9ブラック,しまむら,,合格,,
61026007717,2026-04-10,2026-04-15,上海昊客商&#36152;有限公司,,,?山,R4634PZ ,,N3グレー、N3グレー本体,しまむら,合格,合格,,
61026007724,2026-04-10,2026-04-15,南通泰&#23572;佳&#38024;&#32455;服&#39280;有限公司,岡山,,右手,C5632WR ,生地(T-シャツ),67ネイビー2×2テレコリブ、67ネイビーリバー裏ツイル天竺、N0ホワイト2×2テレコリブ、N0ホワイトリバー裏ツイル天竺,しまむら,合格,,,
Q2726005033,2026-04-10,2026-04-14,青&#23707;吉利基&#19994;&#36152;易公司,紳士ナイティー,,紳士ナイティー,126460R ,パジャマ,67製品、白シックテープ,しまむら,,合格,,
Q2726005149,2026-04-10,2026-04-15,青&#23707;承越皮革制品有限公司,ライフグッズ,,ライフグッズ,1Z554NR ,チャーム付シュシュ,N9,しまむら,,合格,,
Q2726005091,2026-04-10,2026-04-15,高密亨利制衣有限公司,アンダーウェア,,婦人アンダーウェア　笹田,9H625XR ,スタンダードショーツ,黒×黒製品、黒×グレー製品、黒×ベージュ製品、黒本体、グレーゴム,しまむら,合格,合格,,
Q2726005089,2026-04-10,2026-04-14,高密亨利制衣有限公司,アンダーウェア,,婦人アンダーウェア　笹田,9H6274R ,スタンダードショーツ,黒×ピンク製品、黒×ブルー製品、黒本体、グレー本体、グレー製品、ラベンダー×黒ゴム,しまむら,合格,合格,,
Q2726005137,2026-04-10,2026-04-14,青&#23707;紫?国&#38469;&#36152;易有限公司,ライフグッズ,,ライフグッズ,1T6438A ,生地,03内ポケット本体、03本体、10内ポケット本体、10本体、25内ポケット本体、25本体、55内ポケット本体、55本体、紺無地、イエロー無地、オレンジ無地、グリーン無地,しまむら,合格,,,
Q2726005133,2026-04-10,2026-04-14,青&#23707;紫?国&#38469;&#36152;易有限公司,ライフグッズ,,ライフグッズ,1T6548A ,生地,13総柄本体、13ワンポイント、N9総柄本体、N9ワンポイント、緑無地、黒無地,しまむら,合格,,,
Q2726005095,2026-04-10,2026-04-14,高密亨利制衣有限公司,アンダーウェア,,婦人アンダーウェア　笹田,9S628QR ,サニタリーショーツ,黒本体、黒製品,しまむら,合格,合格,,
Q2726005142,2026-04-10,2026-04-14,青&#23707;&#31166;金源&#32463;&#36152;有限公司（??&#21326;源）(青&#23707;恒新山),子供ナイティー,,子供ナイティー,7663Z8R ,パジャマ,03製品、83製品、白シックテープ、パープルリブ、ピンクリブ,しまむら,合格,合格,,
Q2726005093,2026-04-10,2026-04-14,高密亨利制衣有限公司,アンダーウェア,,婦人アンダーウェア　笹田,9H629QR ,スタンダードショーツ,白クロッチ、黒×白製品、黒×白ゴム、黒×紫製品、黒×紫ゴム、黒本体、黒総柄本体、黒総柄製品、黒テープ,しまむら,合格,合格,,
Q2726005096,2026-04-10,2026-04-14,高密亨利制衣有限公司,アンダーウェア,,婦人アンダーウェア　笹田,9H628QR ,スタンダードショーツ,白クロッチ、赤×シロゴム部分、アイボリー製品、アイボリー身生地、アイボリーテープ部分、ブラック×赤製品、ブラック×シロゴム部分、ブラック製品、ブラック身生地,しまむら,合格,合格,,
Q2726005087,2026-04-10,2026-04-14,高密亨利制衣有限公司,アンダーウェア,,婦人アンダーウェア　笹田,9H621CR ,ショーツ,黒×オフ
ゴム、黒&#9312;製品、黒&#9313;製品、黒本体、チャコール製品,しまむら,合格,合格,,
Q2726005100,2026-04-10,2026-04-15,青&#23707;&#31166;金源&#32463;&#36152;有限公司（??&#21326;源）(青&#23707;恒新山),子供ナイティー,,子供ナイティー,6F639UR ,スリッパ,N3,しまむら,,合格,,
Q2726005099,2026-04-10,2026-04-14,青&#23707;&#31166;金源&#32463;&#36152;有限公司（??&#21326;源）(青&#23707;恒新山),子供ナイティー,,子供ナイティー,6X639UR ,肌掛け布団,N3,しまむら,,合格,,
Q2726005084,2026-04-10,2026-04-13,Grand Concord Garment(Hong Kong) Limited&#35832;城裕泰&#38024;&#32455;有限公司（广豪）,アンダーウェア,,婦人アンダーウェア　笹田,9N62CHR/9N62DHR ,生地,10、63、N3、N9,しまむら,合格,,,
Q2726005112,2026-04-10,2026-04-14,青&#23707;伊美瑛国&#38469;&#36152;易有限公司,レディ－スカジュアル,,レディ-スカジュアル,Y5638WR ,Tシャツ,N0A本体、N0A製品、N0Aリブ,しまむら,,合格,,
Q2726005085,2026-04-10,2026-04-14,高密亨利制衣有限公司,アンダーウェア,,婦人アンダーウェア　笹田,9H623RR ,スタンダードショーツ,白×チャコールゴム、黒×赤製品、黒×チャコール製品、黒本体、チャコール製品,しまむら,合格,合格,,
Q2726005069,2026-04-09,2026-04-13,青&#23707;&#31166;金源&#32463;&#36152;有限公司（??&#21326;源）(青&#23707;恒新山),子供ナイティー,,子供ナイティー,76643RR ,パジャマ,83製品、紺本体、パープル
リブ,しまむら,合格,合格,,
61026007606,2026-04-09,2026-04-13,祥安服装如&#19996;有限公司,岡山,,平松,B26319R ,,03ピンク、N9ブラック、ブラックゴム、ホワイトゴム,しまむら,合格,合格,,
Q2726004936,2026-04-09,2026-04-13,青&#23707;屹??工&#36152;有限?任公司,レディ－スカジュアル,,レディ-スカジュアル,J9631ZR ,ブラウス,66製品、白刺繍、ブルー刺繍,しまむら,合格,合格,,
Q2726004948,2026-04-09,2026-04-13,Grand Concord Garment(Hong Kong) Limited&#35832;城裕泰&#38024;&#32455;有限公司（广豪）,アンダーウェア,,婦人アンダーウェア　笹田,9L626RR ,ハーフトップ+ショーツセット,10ゴム、10ショーツ、10ハーフトップ、53ゴム、53ショーツ、53ハーフトップ、N9本体、N9ゴム、N9ショーツ、N9ハーフトップ,しまむら,合格,合格,,
61026007313,2026-04-09,2026-04-13,南通?川服飾有限公司,,,,Y5632AR ,半袖DROP T,N9ブラック、N9ブラック本体、N9ブラックリブ、白糸、ネイビー糸,しまむら,合格,合格,,
50126000080,2026-04-09,2026-04-13,株式会社カイタックファミリー,戦略開発課,,川棚,126380R ,日本製遠州織リップル金魚柄半袖7分丈パンツ(パジャマ),13アイボリー、パイピング,しまむら,合格,合格,,
Q2726004887,2026-04-09,2026-04-13,青&#23707;朗和国&#38469;&#36152;易有限公司,レディ－スカジュアル,,レディ-スカジュアル,A4629RR ,RBNPUロングP,67、N7、N9,しまむら,合格,,,
Q2726004889,2026-04-09,2026-04-13,青&#23707;朗和国&#38469;&#36152;易有限公司,レディ－スカジュアル,,レディ-スカジュアル,A4629RR ,RBNPUロングP,N9製品、白シックテープ、紺スピンドル、黒スピンドル、グレー
スピンドル,しまむら,合格,合格,,
Q2726005138,2026-04-09,2026-04-13,青&#23707;&#31166;金源&#32463;&#36152;有限公司（??&#21326;源）(青&#23707;恒新山),子供ナイティー,,子供ナイティー,766440R ,パジャマ,65製品、紺本体、ブルーリブ,しまむら,合格,合格,,
61526007353,2026-04-09,2026-04-14,上海&#39134;&#39532;&#36827;出口有限公司,岡山,,飼田,E5638DR ,半袖Tシャツ,N9ブラック本体、N9ブラックリブ、製品,しまむら,合格,合格,,
Q2726005075,2026-04-09,2026-04-13,青&#23707;&#31166;金源&#32463;&#36152;有限公司（??&#21326;源）(青&#23707;恒新山),子供ナイティー,,子供ナイティー,7P6348R/7X6348R ,敷パッド,01本体
7P6348R、01本体
7X6348R、03本体
7P6348R、03本体
7X6348R、紫バインダー、ピンクバインダー,しまむら,合格,,,
Q2726005074,2026-04-09,2026-04-13,青&#23707;&#31166;金源&#32463;&#36152;有限公司（??&#21326;源）(青&#23707;恒新山),子供ナイティー,,子供ナイティー,7J6348R ,枕,01、03,しまむら,合格,,,
61026007571,2026-04-09,2026-04-13,祥安服装如&#19996;有限公司,岡山,,平松,WW641NR ,永楽屋 紳士2Pトランクス,製品,しまむら,,合格,,
Q2726005063,2026-04-09,2026-04-13,青&#23707;&#31166;金源&#32463;&#36152;有限公司（??&#21326;源）(青&#23707;恒新山),キッズカジュアル,,キッズカジュアル,F5635KZ ,Tシャツ,67製品、67ワッペン、N2製品、N2ワッペン、紺本体、紺リブ、グレー本体、グレーリブ,しまむら,合格,合格,,
Q2726005067,2026-04-09,2026-04-13,青&#23707;&#31166;金源&#32463;&#36152;有限公司（??&#21326;源）(青&#23707;恒新山),キッズカジュアル,,キッズカジュアル,RT630KZ ,ロンパース,10製品、39製品、57製品、N9製品、白刺繍、紺刺繍、黒本体、黒リブ、イエロー刺繍、オレンジ刺繍,しまむら,合格,合格,,
Q2726005065,2026-04-09,2026-04-13,青&#23707;&#31166;金源&#32463;&#36152;有限公司（??&#21326;源）(青&#23707;恒新山),キッズカジュアル,,キッズカジュアル,F5630KZ ,Tシャツ,10製品、39製品、57製品、N9製品、白刺繍、紺刺繍、黒本体、黒リブ、イエロー刺繍、オレンジ刺繍,しまむら,合格,合格,,
61026007576,2026-04-09,2026-04-13,如皋帝晨服&#39280;有限公司,岡山,,伊藤,216311R ,パジャマ,67ネイビー本体、67ネイビーリブ、製品,しまむら,合格,合格,,
61526007294,2026-04-09,2026-04-13,上海&#39134;&#39532;&#36827;出口有限公司,岡山,,飼田,E5631BR ,Tシャツ,10オフホワイト、ホワイトプリントアップリケ,しまむら,合格,合格,,
61526007355,2026-04-09,2026-04-14,上海&#39134;&#39532;&#36827;出口有限公司,岡山,,飼田,E5637YR ,半袖Tシャツ,N9ブラック本体、N9ブラックリブ、製品,しまむら,合格,合格,,
61526007287,2026-04-09,2026-04-13,上海&#39134;&#39532;&#36827;出口有限公司,岡山,,飼田,E5630BR ,,製品,しまむら,,合格,,
61026007604,2026-04-09,2026-04-13,如皋帝晨服&#39280;有限公司,岡山,,伊藤,216318R ,,N3グレー、N9ブラック、ブラック本体、ブラックリブ,しまむら,,合格,,
61526007283,2026-04-09,2026-04-15,上海&#39134;&#39532;&#36827;出口有限公司,岡山,,飼田,E5637DR ,半袖Tシャツ,03ピンクリブ、製品、ピンク系ワッペン,しまむら,合格,合格,,
61526007285,2026-04-09,2026-04-15,上海&#39134;&#39532;&#36827;出口有限公司,岡山,,飼田,E4634DR ,ショートパンツ,N9ブラック,しまむら,,合格,,
61026007525,2026-04-08,2026-04-10,上海昊客商&#36152;有限公司,,,?山
,RW630PZ/RT63XPZ/RT63YPZ/R2630PZ/RT63VPZ/R563DPZ/R2631PZ/R4635PZ ,付属(ワンピース/ロンパース/スカート付きロンパース/ポロシャツ+ブルマセット/サロペット/半袖Tシャツ/ワンピース・ブルマセット),アイボリーテープ、アカ糸、アカ糸(光沢有)、コン糸、コン糸(光沢有)、コン系テープ、コンテープ、シロ糸、ブルーワッペン,しまむら,合格,,,
61526007251,2026-04-08,2026-04-10,上海&#39134;&#39532;&#36827;出口有限公司,岡山,,飼田,E5634UR ,生地(丸首半袖T),05レッド、35イエロー、52ターコイズ、63サックス、N7チャコール、N8クロ,しまむら,合格,,,
Q2726004774,2026-04-08,2026-04-10,山&#19996;省&#28493;坊市&#36827;出口有限公司,婦人ナイティー,,婦人ナイティー,406438R ,パジャマ,83パープル製品、白シックテープ、パープル本体,しまむら,合格,合格,,
61526007246,2026-04-08,2026-04-10,上海&#39134;&#39532;&#36827;出口有限公司,岡山,,飼田,E5635UR ,丸首半袖T,N8クロ本体、N8クロリブ、製品、ベージュ系ワッペン,しまむら,合格,合格,,
61526007241,2026-04-08,2026-04-10,上海&#39134;&#39532;&#36827;出口有限公司,岡山,,飼田,E5636UR ,,製品、チャ刺繍,しまむら,合格,合格,,
Q2726004850,2026-04-08,2026-04-10,青&#23707;朗和国&#38469;&#36152;易有限公司,レディ－スカジュアル,,レディ-スカジュアル,A4630ZR ,CLATHASロングP,N7、N9,しまむら,合格,,,
Q2726004858,2026-04-08,2026-04-10,青&#23707;屹??工&#36152;有限?任公司,レディ－スカジュアル,,レディ-スカジュアル,J6631JR ,【ヒンヤロ×USPP】フードジップJK,67ネイビー製品、白刺繍,しまむら,,合格,,
Q2726004871,2026-04-08,2026-04-10,山&#19996;省&#28493;坊市&#36827;出口有限公司,子供ナイティー,,子供ナイティー,76632RR ,パジャマ,54製品、白シックテープ,しまむら,,合格,,
Q2726004862,2026-04-08,2026-04-10,青&#23707;屹??工&#36152;有限?任公司,レディ－スカジュアル,,レディ-スカジュアル,J5630JR ,婦人シャツ,67製品、白刺繍、ネイビー刺繍,しまむら,合格,合格,,
Q2726004860,2026-04-08,2026-04-10,青&#23707;屹??工&#36152;有限?任公司,レディ－スカジュアル,,レディ-スカジュアル,J5631JR ,【ヒヤロン】表綿/裏ナイロンクルーチビハイネックネック7分袖PO,66製品、紺刺繍,しまむら,合格,合格,,
Q2726004917,2026-04-08,2026-04-10,青&#23707;紫?国&#38469;&#36152;易有限公司,ライフグッズ,,ライフグッズ,1T6339A ,収納ボックス,65本体、65製品,しまむら,合格,合格,,
Q2726004934,2026-04-08,2026-04-13,青&#23707;&#31166;金源&#32463;&#36152;有限公司（??&#21326;源）(青&#23707;恒新山),キッズカジュアル,,キッズカジュアル,G5633DZ ,Tシャツ,10製品、白刺繍、レッド刺繍、レッドリブ、レッドリボン,しまむら,合格,合格,,
Q2726005035,2026-04-08,2026-04-10,青&#23707;吉利基&#19994;&#36152;易公司,紳士ナイティー,,紳士ナイティー,126470R ,パジャマ,67製品、白シックテープ,しまむら,,合格,,
Q2726005018,2026-04-08,2026-04-10,青&#23707;&#31166;金源&#32463;&#36152;有限公司（??&#21326;源）(青&#23707;恒新山),メンズカジュアル,,メンズカジュアル,C563JMA ,紳士シャツ,N9Cブラック製品、黒本体、黒リブ,しまむら,合格,合格,,
Q2726005037,2026-04-08,2026-04-10,青&#23707;&#31166;金源&#32463;&#36152;有限公司（??&#21326;源）(青&#23707;恒新山),子供ナイティー,,子供ナイティー,666308R/666318R ,パジャマ,63総柄、65総柄,しまむら,合格,,,
Q2726005061,2026-04-08,2026-04-10,?庄超越&#38024;&#32455;制衣有限公司,キッズカジュアル,,キッズカジュアル,F5639QZ ,Colemanxさえさん 水陸両用天竺 Tシャツ,03本体、03リブ、35本体、35リブ、黒テープ,しまむら,合格,,,
Q2726005015,2026-04-08,2026-04-10,青&#23707;&#31166;金源&#32463;&#36152;有限公司（??&#21326;源）(青&#23707;恒新山),レディ－スカジュアル,,レディ-スカジュアル,A0630GR ,生地,03タッチ天竺、03リブ、17メッシュ、67メッシュ、N9メッシュ、N9リブ,しまむら,合格,,,
Q2726004989,2026-04-08,2026-04-10,青&#23707;伊美瑛国&#38469;&#36152;易有限公司,レディ－スカジュアル,,レディ-スカジュアル,Y4630RA/Y4631RA ,パンツ,N3本体、N8本体、N9本体、白×黒ゴム、白綾テープ、黒ゴム、グレーゴム、チャコール紐、チャコールゴム、ピンク×白ゴム,しまむら,合格,,,
Q2726005007,2026-04-08,2026-04-13,Grand Concord Garment(Hong Kong) Limited&#35832;城裕泰&#38024;&#32455;有限公司（广豪）,アンダーウェア,,婦人アンダーウェア　笹田,9N628DR ,カップ付きタンクトップ,N3胸下ゴム、N3製品、N3テープ、N9本体、N9胸下ゴム、N9製品、N9テープ、黒×白衿テープ,しまむら,合格,合格,,
Q2726005011,2026-04-08,2026-04-10,青&#23707;&#31166;金源&#32463;&#36152;有限公司（??&#21326;源）(青&#23707;恒新山),キッズカジュアル,,キッズカジュアル,RT63UPZ ,ロンパース,13、63、67,しまむら,,合格,,
Q2726005009,2026-04-08,2026-04-10,Grand Concord Garment(Hong Kong) Limited&#35832;城裕泰&#38024;&#32455;有限公司（广豪）,アンダーウェア,,婦人アンダーウェア　笹田,9K627DR ,ハーフトップ,N3製品、N9製品、黒×白
テープ、黒本体、黒ゴム、黒テープ、グレー
テープ,しまむら,合格,合格,,
61026007469,2026-04-08,2026-04-10,上海昊客商&#36152;有限公司,,,?山,R4634PZ ,,N3グレー(杢),しまむら,合格,,,
61026007476,2026-04-08,2026-04-10,如皋帝晨服&#39280;有限公司,岡山,,伊藤,216388A ,パジャマ,N9ブラック本体、N9ブラックリブ、製品、ブラック系ワッペン,しまむら,合格,合格,,
61026007512,2026-04-08,2026-04-10,如皋帝晨服&#39280;有限公司,岡山,,伊藤,21631CR ,パジャマ,N7チャコールリブ、N9ブラック本体、製品、オフホワイトニットテープ、ブラック背首テープ、ブラックスピンドル紐,しまむら,合格,合格,,
Q2726004971,2026-04-07,2026-04-10,青&#23707;&#31166;金源&#32463;&#36152;有限公司（??&#21326;源）(青&#23707;恒新山),キッズカジュアル,,キッズカジュアル,F563EQZ/F563FQZ/G5630AZ/G5631AZ/G5632AZ ,綿タッチ天竺,10、57、63、82、N8、N9,しまむら,合格,,,
Q2726004817,2026-04-07,2026-04-10,南京平吉&#36152;易有限公司,レディ－スカジュアル,,レディ-スカジュアル,J6632TR ,婦人シャツ,67本体、67製品、白刺繍、紺×白
衿テープ、赤刺繍,しまむら,合格,合格,,
Q2726004972,2026-04-07,2026-04-09,青&#23707;&#31166;金源&#32463;&#36152;有限公司（??&#21326;源）(青&#23707;恒新山),レディ－スカジュアル,,レディ-スカジュアル,A4633ZR/A5638ZR ,刺繍,N9,しまむら,合格,,,
Q2726004623,2026-04-07,2026-04-09,青&#23707;&#31166;金源&#32463;&#36152;有限公司（??&#21326;源）(青&#23707;恒新山),子供ナイティー,,子供ナイティー,76639SR ,パジャマ,63製品、63リブ、83製品、83リブ、N9製品、N9リブ、白シックテープ、黒本体,しまむら,合格,合格,,
Q2726004671,2026-04-07,2026-04-09,?庄超越&#38024;&#32455;制衣有限公司,キッズカジュアル,,キッズカジュアル,F563DQZ ,Coleman×さえさんOE天竺Tシャツ,66ブルーグレー,しまむら,,合格,,
Q2726004846,2026-04-07,2026-04-09,青&#23707;&#31166;金源&#32463;&#36152;有限公司（??&#21326;源）(青&#23707;恒新山),子供ナイティー,,子供ナイティー,666420R ,パジャマ,57製品、カーキリブ、ブラック本体,しまむら,合格,合格,,
Q2726004830,2026-04-07,2026-04-10,青&#23707;&#31166;金源&#32463;&#36152;有限公司（??&#21326;源）(青&#23707;恒新山),キッズカジュアル,,キッズカジュアル,G5630DZ ,Tシャツ,05刺繍、05本体、05製品、10刺繍、レッドリブ,しまむら,合格,合格,,
Q2726004828,2026-04-07,2026-04-09,青&#23707;&#31166;金源&#32463;&#36152;有限公司（??&#21326;源）(青&#23707;恒新山),キッズカジュアル,,キッズカジュアル,G5631DZ ,Tシャツ,10,しまむら,,合格,,
Q2726004839,2026-04-07,2026-04-09,青&#23707;&#31166;金源&#32463;&#36152;有限公司（??&#21326;源）(青&#23707;恒新山),メンズカジュアル,,メンズカジュアル,Z5633ZR ,T SHIRT,N9製品、白刺繍,しまむら,,合格,,
Q2726004832,2026-04-07,2026-04-10,青&#23707;&#31166;金源&#32463;&#36152;有限公司（??&#21326;源）(青&#23707;恒新山),キッズカジュアル,,キッズカジュアル,G5634DZ/G5633DZ ,生地,03本体、05本体、05リブ、10本体、10リブ、63本体、63リブ、82本体、82リブ,しまむら,合格,,,
61526007133,2026-04-07,2026-04-09,?家港&#21326;夏帽&#19994;有限公司,岡山,,高木,1C6A18A ,ツイルキャップ,03ピンク用刺繍、05レッド用刺繍、35イエロー用刺繍、N0ホワイト用刺繍、製品、ブラックバインダー※、ロゴ刺繍※,しまむら,合格,合格,,
61526007127,2026-04-07,2026-04-09,上海&#39134;&#39532;&#36827;出口有限公司,岡山,,飼田,E5638YR ,,製品、プリントアップリケ刺繍(前身),しまむら,合格,合格,,
61526007145,2026-04-07,2026-04-09,祥安服装如&#19996;有限公司,岡山,,米本,1C6041B ,ハット,14ベージュ、白系ワッペン、製品N9ブラック,しまむら,合格,合格,,
61526007111,2026-04-07,2026-04-09,上海&#39134;&#39532;&#36827;出口有限公司,岡山,,飼田,E2633DR ,半袖Tシャツ,82ラベンダー,しまむら,,合格,,
61526007140,2026-04-07,2026-04-09,上海&#39134;&#39532;&#36827;出口有限公司,岡山,,飼田,E5639DR ,半袖Tシャツ,82ラベンダー,しまむら,,合格,,
Q2726004975,2026-04-07,2026-04-09,青&#23707;&#31166;金源&#32463;&#36152;有限公司（??&#21326;源）(青&#23707;恒新山),メンズカジュアル,,メンズカジュアル,Z5631GR ,紳士シャツ,N9ブラック,しまむら,,合格,,
Q2726004367,2026-04-07,2026-04-09,青&#23707;紫?国&#38469;&#36152;易有限公司,ライフグッズ,,ライフグッズ,1T6A28A ,2WAYトートバッグ,10,しまむら,,合格,,
Q2726004366,2026-04-07,2026-04-09,青&#23707;紫?国&#38469;&#36152;易有限公司,ライフグッズ,,ライフグッズ,1T6A38A ,エコバッグ,N9本体、N9製品,しまむら,合格,合格,,
Q2726004995,2026-04-07,2026-04-10,青&#23707;&#31166;金源&#32463;&#36152;有限公司（??&#21326;源）(青&#23707;恒新山),レディ－スカジュアル,,レディ-スカジュアル,A4633ZR ,婦人パンツ,N9本体、N9製品、白シックテープ、紺紐、黒紐,しまむら,合格,合格,,
Q2726004969,2026-04-07,2026-04-09,青&#23707;佰利源&#32442;&#32455;有限公司,紳士アンダ－ウェア,,紳士アンダ-ウェア,BL5P38Z-1 ,3層トレーニングパンツ,63製品、65本体、65製品、N0製品,しまむら,合格,合格,,
Q2726005000,2026-04-07,2026-04-09,青&#23707;&#31166;金源&#32463;&#36152;有限公司（??&#21326;源）(青&#23707;恒新山),レディ－スカジュアル,,レディ-スカジュアル,A5638ZR ,婦人シャツ,N9製品、紺衿テープ、黒本体、黒衿テープ,しまむら,合格,合格,,
Q2726004365,2026-04-07,2026-04-09,青&#23707;紫?国&#38469;&#36152;易有限公司,ライフグッズ,,ライフグッズ,1P6A68A ,帆布ポーチ,03ピンク,しまむら,,合格,,
Q2726004961,2026-04-07,2026-04-09,青&#23707;&#31166;金源&#32463;&#36152;有限公司（??&#21326;源）(青&#23707;恒新山),レディ－スカジュアル,,レディ-スカジュアル,Y5633QC ,T SHIRT,N0B,しまむら,,合格,,
Q2726004920,2026-04-07,2026-04-09,青&#23707;&#31166;金源&#32463;&#36152;有限公司（??&#21326;源）(青&#23707;恒新山),キッズカジュアル,,キッズカジュアル,F5636KZ ,Tシャツ,N9ブラック本体、N9ブラック製品、N9ブラックリブ,しまむら,合格,合格,,
Q2726004922,2026-04-07,2026-04-09,青&#23707;&#31166;金源&#32463;&#36152;有限公司（??&#21326;源）(青&#23707;恒新山),キッズカジュアル,,キッズカジュアル,F5634KZ ,Tシャツ,25製品、N9本体、N9製品、白刺繍、紺刺繍、ブラックリブ,しまむら,合格,合格,,
Q2726004932,2026-04-07,2026-04-09,青&#23707;朗和国&#38469;&#36152;易有限公司,レディ－スカジュアル,,レディ-スカジュアル,A462BRR ,パンツ,67本体、N7本体、N9本体、生成
シックテープ、紺紐、黒紐、黒ゴム、チャコール紐,しまむら,合格,合格,,
Q2726004918,2026-04-07,2026-04-10,青&#23707;&#31166;金源&#32463;&#36152;有限公司（??&#21326;源）(青&#23707;恒新山),キッズカジュアル,,キッズカジュアル,G5634DZ ,Tシャツ,82ラベンダー製品、白ニットテープ,しまむら,,合格,,
50126000194,2026-04-07,2026-04-10,豊島株式会社,,,有岡,[6TS231R]306231R ,綿 二重ガーゼ,03ピンク,しまむら,合格,,,
Q2726004910,2026-04-07,2026-04-14,青&#23707;紫?国&#38469;&#36152;易有限公司,ライフグッズ,,ライフグッズ,1T6369A ,保冷トートバッグ,14ベージュ製品、白バインダー、白メッシュ,しまむら,,合格,,
Q2726004909,2026-04-07,2026-04-13,青&#23707;紫?国&#38469;&#36152;易有限公司,ライフグッズ,,ライフグッズ,1P6379A ,保冷カバー,14,しまむら,,合格,,
Q2726004911,2026-04-07,2026-04-10,青&#23707;紫?国&#38469;&#36152;易有限公司,ライフグッズ,,ライフグッズ,1T6359A ,保冷トートバッグ,14製品、白バインダー、白メッシュ,しまむら,,合格,,
Q2726004912,2026-04-07,2026-04-10,青&#23707;紫?国&#38469;&#36152;易有限公司,ライフグッズ,,ライフグッズ,1T6349A ,折りたたみバッグ,14本体、14製品、白バインダー、白メッシュ,しまむら,合格,合格,,
Q2726004913,2026-04-07,2026-04-13,青&#23707;紫?国&#38469;&#36152;易有限公司,ライフグッズ,,ライフグッズ,1T6198A ,折り畳み保冷バッグ,N0本体、N0製品、白バインダー、白メッシュ,しまむら,合格,合格,,
Q2726004950,2026-04-07,2026-04-09,青&#23707;&#31166;金源&#32463;&#36152;有限公司（??&#21326;源）(青&#23707;恒新山),レディ－スカジュアル,,レディ-スカジュアル,A4630PR ,婦人パンツ,N9製品、白刺繍、白シックテープ、黒ひも、黒本体,しまむら,合格,合格,,
Q1726000048,2026-04-07,2026-04-10,ヤマシタ商事株式会社,レディ－スカジュアル,,レディ-スカジュアル,YW630ZR ,ワンピース,N9本体,しまむら,合格,合格,,
Q1726000046,2026-04-07,2026-04-09,ヤマシタ商事株式会社,レディ－スカジュアル,,レディ-スカジュアル,Y5636ZR ,ペプラムトップス,N9本体、N9製品,しまむら,合格,合格,,
Q2726004940,2026-04-07,2026-04-09,高密亨利制衣有限公司,アンダーウェア,,婦人アンダーウェア　笹田,9S627QR ,サニタリーショーツ,N9本体、N9製品、赤×白ゴム,しまむら,合格,合格,,
Q2726004947,2026-04-07,2026-04-07,Grand Concord Garment(Hong Kong) Limited&#35832;城裕泰&#38024;&#32455;有限公司（广豪）,アンダーウェア,,婦人アンダーウェア　笹田,9L626RR ,インナー,10、53、N9,しまむら,合格,,,
Q2726004945,2026-04-07,2026-04-10,Grand Concord Garment(Hong Kong) Limited&#35832;城裕泰&#38024;&#32455;有限公司（广豪）,アンダーウェア,,婦人アンダーウェア　笹田,9L623CR ,ハーフトップ+ショーツ,N9ショーツ、N9ハーフトップ、白裾ゴム、黒×白肩ゴム、黒本体、黒クロッチ、黒テープ,しまむら,合格,合格,,
Q2726004908,2026-04-07,2026-04-10,青&#23707;紫?国&#38469;&#36152;易有限公司,ライフグッズ,,ライフグッズ,1P6389A ,おにぎりバッグ,14ベージュ,しまむら,,合格,,
Q2726004907,2026-04-07,2026-04-09,青&#23707;紫?国&#38469;&#36152;易有限公司,ライフグッズ,,ライフグッズ,1T6A58A ,ポケッタブルトートバッグ,65,しまむら,,合格,,
Q2726004868,2026-04-07,2026-04-09,山&#19996;省&#28493;坊市&#36827;出口有限公司,子供ナイティー,,子供ナイティー,71630RR ,パジャマ,54製品、白シックテープ、エメグリーン
リボン,しまむら,合格,合格,,
Q2726004957,2026-04-07,2026-04-09,青&#23707;&#31166;金源&#32463;&#36152;有限公司（??&#21326;源）(青&#23707;恒新山),キッズカジュアル,,キッズカジュアル,R563BPZ ,Tシャツ,14、67,しまむら,,合格,,
Q2726004866,2026-04-07,2026-04-09,山&#19996;省&#28493;坊市&#36827;出口有限公司,子供ナイティー,,子供ナイティー,716318R ,パジャマ,03製品、白シックテープ、ピンクリボン,しまむら,合格,合格,,
Q2726004967,2026-04-07,2026-04-10,青&#23707;&#31166;金源&#32463;&#36152;有限公司（??&#21326;源）(青&#23707;恒新山),レディ－スカジュアル,,レディ-スカジュアル,A4621RR ,婦人パンツ,N9製品、白シックテープ、黒ひも、黒本体,しまむら,合格,合格,,
Q2726004965,2026-04-07,2026-04-10,青&#23707;&#31166;金源&#32463;&#36152;有限公司（??&#21326;源）(青&#23707;恒新山),キッズカジュアル,,キッズカジュアル,RT63WPZ ,カバーオール,14製品、67製品、67オーバーオール部分、キイロ×ブルー×シロワッペン,しまむら,合格,合格,,
50126000036,2026-04-07,2026-04-09,株式会社カイタックファミリー,戦略開発課,,川棚,126360R ,日本製播州織校倉格子柄7分袖8分丈パンツ(パジャマ),63サックス、パイピング,しまむら,合格,合格,,
Q2726004891,2026-04-07,2026-04-10,?庄超越&#38024;&#32455;制衣有限公司,キッズカジュアル,,キッズカジュアル,F1630QZ ,Coleman×さえさん UV/吸水速乾 パーカー,03、63,しまむら,,合格,,
Q2726004901,2026-04-07,2026-04-09,青&#23707;&#31166;金源&#32463;&#36152;有限公司（??&#21326;源）(青&#23707;恒新山),メンズカジュアル,,メンズカジュアル,Z5630GR ,紳士シャツ,N0,しまむら,,合格,,
Q2726004905,2026-04-07,2026-04-09,青&#23707;&#31166;金源&#32463;&#36152;有限公司（??&#21326;源）(青&#23707;恒新山),メンズカジュアル,,メンズカジュアル,Z5632GR ,紳士シャツ,N0,しまむら,,合格,,
Q2726004952,2026-04-07,2026-04-09,青&#23707;&#31166;金源&#32463;&#36152;有限公司（??&#21326;源）(青&#23707;恒新山),レディ－スカジュアル,,レディ-スカジュアル,A4630ER ,婦人パンツ,N9本体、N9製品、白シックテープ、黒刺繍、黒紐,しまむら,合格,合格,,
Q2726004881,2026-04-07,2026-04-10,青&#23707;屹??工&#36152;有限?任公司,レディ－スカジュアル,,レディ-スカジュアル,J5632JR ,【ヒヤロン×USPP】ジャガードチュニック70,67ネイビー、67ネイビー本体、白刺繍,しまむら,合格,合格,,
Q2726004885,2026-04-07,2026-04-09,南京平吉&#36152;易有限公司,レディ－スカジュアル,,レディ-スカジュアル,J6631TR ,婦人シャツ,67無地本体、67製品、67ボーダー本体、白刺繍、赤刺繍、ネイビー
衿テープ,しまむら,合格,合格,,
50126000046,2026-04-07,2026-04-10,豊島株式会社,,,有岡,[6TS221R]306221R ,綿 二重ガーゼ,83パープル,しまむら,合格,,,
Q2726004834,2026-04-07,2026-04-08,高密市?&#21326;美制衣有限公司,アンダーウェア,,婦人アンダーウェア　笹田,9T620VR/9G621VR ,ハーフトップ/ショーツ,17身生地、17ゴム、17テープ、17マチ、N9身生地、N9ゴム、N9テープ、N9マチ,しまむら,合格,,,
61026007349,2026-04-07,2026-04-09,南通?川服飾有限公司,,,,R563CPZ ,半袖Tシャツ,10オフホワイト、63サックス,しまむら,,合格,,
61026007353,2026-04-07,2026-04-09,南通?川服飾有限公司,,,,Y563BWR ,半袖DROP T,N2オートミール,しまむら,,合格,,
61026007357,2026-04-07,2026-04-10,南通?川服飾有限公司,,,,Y5639WR ,半袖DROP T,10オフホワイト本体、10オフホワイトリブ、63サックス本体、63サックスリブ、製品,しまむら,合格,合格,,
61026007355,2026-04-07,2026-04-09,?家港市佳怡&#31166;服&#39280;有限公司,岡山,,田中,A4633PR ,,製品,しまむら,,合格,,
61026007347,2026-04-07,2026-04-09,南通?川服飾有限公司,,,,Y5631AR ,,9060C淡イエロー刺繍、N7チャコール本体、N7チャコールリブ、白刺繍、製品、ブラウン刺繍,しまむら,合格,合格,,
61026007345,2026-04-07,2026-04-09,南通?川服飾有限公司,,,,G5635WZ ,,10オフホワイト本体、10オフホワイトリブ、サックステープ,しまむら,合格,,,
61026007275,2026-04-07,2026-04-09,如皋帝晨服&#39280;有限公司,岡山,,伊藤,216398A ,パジャマ,N8クロ、N9ブラック、N9ブラック本体、N9ブラックリブ,しまむら,合格,合格,,
61026007288,2026-04-07,2026-04-08,祥安服装如&#19996;有限公司,岡山,,平松,BW6B38Z/CNB6099 ,,67ネイビー,しまむら,合格,,,
61026007342,2026-04-07,2026-04-09,南通?川服飾有限公司,,,,Y563AWR ,半袖DROP T,03ピンク,しまむら,,合格,,
61026007277,2026-04-07,2026-04-09,如皋帝晨服&#39280;有限公司,岡山,,伊藤,216328R ,,67ネイビー、67ネイビー本体、67ネイビーリブ、N3グレー,しまむら,合格,合格,,
61026007389,2026-04-07,2026-04-09,南通?川服飾有限公司,,,,R4633PZ ,ハーフパンツ,67ネイビー刺繍、67ネイビー本体、製品,しまむら,合格,合格,,
61026007360,2026-04-07,2026-04-09,如皋帝晨服&#39280;有限公司,岡山,,伊藤,2163A8A ,パジャマ,N9ブラック、N9ブラック本体、N9ブラックリブ,しまむら,合格,合格,,
61026007409,2026-04-07,2026-04-09,如皋帝晨服&#39280;有限公司,岡山,,伊藤,226360R  GNE-6014 ,生地(パジャマ),N3グレー、濃チャコールグレーバイアステープ,しまむら,合格,,,
61026007375,2026-04-07,2026-04-09,南通?川服飾有限公司,,,,Y5630AR ,半袖DROP T,N9ブラック本体、N9ブラックリブ、白刺繍、製品:N9ブラック、チャコール刺繍,しまむら,合格,合格,,
61026007365,2026-04-07,2026-04-09,上海昊客商&#36152;有限公司,,,?山,F5638QZ ,,57カーキ、N2オートミール、N9ブラック、緑系(山)、緑系(熊)、緑系(羊)、赤系(燈)、サックス系(山)、ブラック前胸ワッペン、ブラックニットテープ、ブラックワッペン、ブラウン系(車)、ベージュ系(狗+人),しまむら,合格,合格,,
50126000067,2026-04-06,2026-04-07,豊島株式会社,,,有岡,[8K300R]126380R ,綿小シボリップル(金魚柄),13アイボリー,しまむら,合格,,,
Q2726004786,2026-04-03,2026-04-08,山&#19996;省&#28493;坊市&#36827;出口有限公司,婦人ナイティー,,婦人ナイティー,406448R ,パジャマ,N3グレー、白シックテープ,しまむら,,合格,,
Q2726004782,2026-04-03,2026-04-08,青&#23707;&#31166;金源&#32463;&#36152;有限公司（??&#21326;源）(青&#23707;恒新山),子供ナイティー,,子供ナイティー,766480R ,パジャマ,67A、83-1,しまむら,合格,,,
Q2726004772,2026-04-03,2026-04-08,山&#19996;省&#28493;坊市&#36827;出口有限公司,婦人ナイティー,,婦人ナイティー,406458R ,パジャマ,N8製品、白シックテープ、チャコール本体,しまむら,合格,合格,,
Q2726004758,2026-04-03,2026-04-08,Grand Concord Garment(Hong Kong) Limited&#35832;城裕泰&#38024;&#32455;有限公司（广豪）,アンダーウェア,,婦人アンダーウェア　笹田,9M62AHR ,タンクトップ,03製品、10製品、N9製品、N9身生地,しまむら,合格,合格,,
Q2726004728,2026-04-03,2026-04-08,?庄超越&#38024;&#32455;制衣有限公司,キッズカジュアル,,キッズカジュアル,F563BQZ ,Tシャツ,14製品、26製品、赤刺繍,しまむら,合格,合格,,
Q2726004760,2026-04-03,2026-04-08,Grand Concord Garment(Hong Kong) Limited&#35832;城裕泰&#38024;&#32455;有限公司（广豪）,アンダーウェア,,婦人アンダーウェア　笹田,9M629HR ,キャミソール,10肩テープ、10製品、N9本体、N9肩テープ、N9製品,しまむら,合格,合格,,
Q2726004762,2026-04-03,2026-04-08,高密亨利制衣有限公司,アンダーウェア,,婦人アンダーウェア　笹田,9H621XR ,スタンダードショーツ,黒(白プリント)製品、黒(赤プリント)製品、黒(ピンクプリント)製品、黒本体、黒ウエストゴム,しまむら,合格,合格,,
61526007056,2026-04-03,2026-04-08,上海&#39134;&#39532;&#36827;出口有限公司,岡山,,飼田,E4633DR ,ショートパンツ,N9ブラック本体、製品,しまむら,合格,合格,,
50126000154,2026-04-03,2026-04-08,株式会社カイタックファミリー,戦略開発課,,長崎,126390R ,パジャマ,67ネイビー,しまむら,,合格,,
50126000152,2026-04-03,2026-04-07,株式会社播,,,高瀬,[8B302R]AF2657(製品品番:1263B0R) ,パジャマ,67ネイビー,しまむら,合格,,,
61026007221,2026-04-03,2026-04-08,如皋帝晨服&#39280;有限公司,岡山,,伊藤,216328A ,パジャマ,N8クロ、N9ブラック、N9ブラック本体、N9ブラックリブ、ブラックワッペン,しまむら,合格,合格,,
61026007154,2026-04-03,2026-04-08,祥安服装如&#19996;有限公司,岡山,,平松,K2632ARNo.1:CNB6095No.2/3:CNB6094 ,生地(トロイニットラ),A 55グリーン、B 67ネイビー、C N9ブラック,しまむら,合格,,,
61026007139,2026-04-03,2026-04-08,祥安服装如&#19996;有限公司,岡山,,平松,W26113R/BW621EQNo.1:CG-25SNo.2/3/4/5:CG-52MLB ,ゴム(モレバリア 布帛PTトランクス/MLB 紳士2Pボクサー),白、ネイビー、ブラック、ブラウン、ブルー,しまむら,合格,,,
61026007160,2026-04-03,2026-04-08,如皋帝晨服&#39280;有限公司,岡山,,伊藤,216311R/GHE-630M/GHE-630R ,,67ネイビー天竺無地、67ネイビーリブ、ネイビーテープ,しまむら,合格,,,
50126000016,2026-04-02,2026-04-06,株式会社カイタックファミリー,戦略開発課,,長崎,126370R ,パジャマ,67ネイビー、パイピング,しまむら,合格,合格,,
Q2726004770,2026-04-02,2026-04-07,山&#19996;省&#28493;坊市&#36827;出口有限公司,婦人ナイティー,,婦人ナイティー,406428R ,パジャマ,N7本体、N7製品、白シックテープ,しまむら,合格,合格,,
Q2726004804,2026-04-02,2026-04-07,青&#23707;伊美瑛国&#38469;&#36152;易有限公司,レディ－スカジュアル,,レディ-スカジュアル,Y563CRR ,Tシャツ,63製品、白刺繍、黒刺繍,しまむら,合格,合格,,
Q2726004648,2026-04-02,2026-04-07,青&#23707;裕?佳商&#36152;有限公司,ライフグッズ,,ライフグッズ,1Z6071B ,マルチクールマット,14製品、63本体、63製品,しまむら,,合格,,
Q2726004576,2026-04-02,2026-04-07,青&#23707;依美&#26102;尚国&#38469;&#36152;易有限公司,レディ－スカジュアル,,レディ-スカジュアル,A4626PR ,ロングパンツ,N9ブラック本体、N9ブラック製品、生成
シックテープ、白刺繍,しまむら,合格,合格,,
Q2726004743,2026-04-02,2026-04-08,青&#23707;&#31166;金源&#32463;&#36152;有限公司（??&#21326;源）(青&#23707;恒新山),子供ナイティー,,子供ナイティー,6P639UR/6T639UR/6X638UR/6X639UR/6F639UR ,生地,63表、63裏、N3表、N3裏,しまむら,合格,,,
Q2726004746,2026-04-02,2026-04-07,Grand Concord Garment(Hong Kong) Limited&#35832;城裕泰&#38024;&#32455;有限公司（广豪）,婦人アンダ－ウェア,,婦人アンダ-ウェア,9M62HHR ,生地,13、N3、N9,しまむら,合格,,,
Q2726004748,2026-04-02,2026-04-07,青&#23707;&#31166;金源&#32463;&#36152;有限公司（??&#21326;源）(青&#23707;恒新山),メンズカジュアル,,メンズカジュアル,C5633WR ,半袖T,N0ホワイト,しまむら,,合格,,
Q2726004750,2026-04-02,2026-04-08,青&#23707;&#31166;金源&#32463;&#36152;有限公司（??&#21326;源）(青&#23707;恒新山),メンズカジュアル,,メンズカジュアル,C5634WR ,半袖T,N9ブラック,しまむら,,合格,,
Q2726004642,2026-04-02,2026-04-07,青&#23707;&#31166;金源&#32463;&#36152;有限公司（??&#21326;源）(青&#23707;恒新山),子供ナイティー,,子供ナイティー,66636JR/666320R ,パジャマ,60-1、63-9,しまむら,合格,,,
61026007053,2026-04-02,2026-04-07,上海涵浚?&#19994;有限公司,岡山,,小野寺,2828446（1Z622DA） ,生地(メガネケース),83パープル眼鏡布、83パープル表面上段、83パープル表面下段、N3グレー眼鏡布、N3グレー表面上段、N3グレー表面下段,しまむら,合格,,,
61026007041,2026-04-02,2026-04-07,上海涵浚?&#19994;有限公司,岡山,,小野寺,2828445(1Z621DA) ,,グリーン、グレー、チャコール眼鏡拭き、チャコールグレー、ミントグリーン、ワイン眼鏡拭き,しまむら,合格,,,
61026007074,2026-04-02,2026-04-07,南通?川服飾有限公司,,,,R4633PZ R563CPZ ,,14-0848イエロー刺繍糸、14-4203グレー刺繍糸、15-1119ベージュ刺繍糸、15-4225サックス刺繍糸、17-4139ブルー刺繍糸、18-0104アイボリー刺繍糸、18-1550赤刺繍糸、19-3864ブルー刺繍糸、67ネイビー裏毛、YKK501白刺繍糸,しまむら,合格,,,
Q2726004726,2026-04-01,2026-04-03,?庄超越&#38024;&#32455;制衣有限公司,キッズカジュアル,,キッズカジュアル,RT636QZ ,coleman×さえさんOE天竺ロンパース,14製品、26製品、白肩テープ、赤刺繍,しまむら,合格,合格,,
61026006926,2026-04-01,2026-04-03,?家港市佳怡&#31166;服&#39280;有限公司,岡山,,田中,A4632PR ,ショートパンツ,製品、オフ白刺繍、ブルーグレー刺繍,しまむら,合格,合格,,
61026006996,2026-04-01,2026-04-03,祥安服装如&#19996;有限公司,岡山,,平松,BW6B58Z/BW6B68Z/CG-48MC/CG-52MC ,,グリーン、ターコ、ピンク,しまむら,合格,,,
Q2726004768,2026-04-01,2026-04-03,青&#23707;&#31166;金源&#32463;&#36152;有限公司（??&#21326;源）(青&#23707;恒新山),子供ナイティー,,子供ナイティー,6663ZYR ,パジャマ,13製品、15本体、15製品、65製品、白シックテープ、紺リブ、赤×紺
ワッペン、ブラウンリブ、ブルーリブ、ベージュ
バインダー,しまむら,合格,合格,,
61026007133,2026-04-01,2026-04-03,如皋帝晨服&#39280;有限公司,岡山,,,6663Y9R ,coleman C100ワッフル半袖上下(パジャマ),製品,しまむら,,合格,,
61026007132,2026-04-01,2026-04-03,如皋帝晨服&#39280;有限公司,岡山,,,6663Z9R ,パジャマ,65ブルー,しまむら,,合格,,
Q1726000044,2026-04-01,2026-04-03,ニシオ株式会社,ライフグッズ,,ライフグッズ,E8630BR ,巻きタオル,63,しまむら,,合格,,
61026006979,2026-04-01,2026-04-03,祥安服装如&#19996;有限公司,岡山,,平松,1Z627ER ,アームカバー,N9ブラック,しまむら,,合格,,
61026006968,2026-04-01,2026-04-03,祥安服装如&#19996;有限公司,岡山,,平松,B26319R/KH6329R  CNB6161 ,生地(サンリオ×ヒヤロンボクサー/サンリオ×ヒヤロンステテコ),03ピンク、65ブルー、83パープル、N9ブラック,しまむら,合格,,,
61026006983,2026-04-01,2026-04-02,如皋帝晨服&#39280;有限公司,岡山,,伊藤,2163A8A  216398A  216388A  GNE-670M GNE-670R ,,N9ブラック本体、N9ブラックリブ、ブラック背首テープ、ブラックスピンドル紐,しまむら,合格,,,
61526007061,2026-04-01,2026-04-03,上海&#39134;&#39532;&#36827;出口有限公司,岡山,,飼田,RT632KZ ,ロンパース,N2オートミール、N9ブラック、イエロー+アカ+グリーンワッペン、シロ刺繍、ブラック刺繍,しまむら,合格,合格,,
61026006998,2026-04-01,2026-04-03,祥安服装如&#19996;有限公司,岡山,,平松,1Z626ER ,アームカバー,N9ブラック,しまむら,,合格,,
61526006844,2026-04-01,2026-04-08,上海&#39134;&#39532;&#36827;出口有限公司,岡山,,飼田,E5630BR/E5631BR ,生地(Tシャツ),10オフホワイトPT、10オフホワイトリブ、63サックス無地、63サックスリブ,しまむら,合格,,,
61526006846,2026-04-01,2026-04-08,上海&#39134;&#39532;&#36827;出口有限公司,岡山,,飼田,E4634DR/E5637DR ,生地(ショートパンツ+半袖Tシャツ),03ピンク、N9ブラック,しまむら,合格,,,
61526006831,2026-04-01,2026-04-03,上海&#39134;&#39532;&#36827;出口有限公司,岡山,,和田 ,X5630RA ,丸首半袖T,N9ブラック天竺、N9ブラック本体、N9ブラックリブ、製品N9ブラック,しまむら,合格,合格,,
61526006848,2026-04-01,2026-04-03,上海&#39134;&#39532;&#36827;出口有限公司,岡山,,飼田,E2633DR/E4633DR ,生地(ショートパンツ/半袖Tシャツ),10オフホワイト本体、10オフホワイトリブ、63サックス本体、82ラベンダー本体(E2633DR)、82ラベンダー本体(E4633DR)、N9ブラック本体,しまむら,合格,,,
61526006854,2026-04-01,2026-04-03,上海&#39134;&#39532;&#36827;出口有限公司,岡山,,飼田,E5635YR ,,N9ブラック本体、N9ブラックリブ、製品,しまむら,合格,合格,,
61526006825,2026-04-01,2026-04-03,上海&#39134;&#39532;&#36827;出口有限公司,岡山,,和田,X4630RA ,ハーフパンツ,N9ブラック本体、製品,しまむら,合格,合格,,
61526006811,2026-04-01,2026-04-03,上海&#39134;&#39532;&#36827;出口有限公司,岡山,,和田,C5630VA ,半袖Tシャツ,N9ブラック本体、N9ブラックリブ、製品、ピンク刺繍、ブラック×ホワイトニットテープ,しまむら,合格,合格,,
61526006810,2026-04-01,2026-04-03,上海&#39134;&#39532;&#36827;出口有限公司,岡山,,飼田,E5630WZ ,Tシャツ,13アイボリー、63サックス,しまむら,,合格,,
61526006663,2026-04-01,2026-04-03,上海&#39134;&#39532;&#36827;出口有限公司,岡山,,飼田,RT631KZ ,ロンパース,57カーキ、N9ブラック,しまむら,,合格,,
61526006813,2026-04-01,2026-04-03,上海&#39134;&#39532;&#36827;出口有限公司,岡山,,和田,C5631VA ,半袖Tシャツ,N9A ブラック、N9A ブラック本体、N9A ブラックリブ、ブラック×ホワイトニットテープ,しまむら,合格,合格,,
61526006823,2026-04-01,2026-04-08,上海&#39134;&#39532;&#36827;出口有限公司,岡山,,飼田,R5630WZ ,,05レッド、35イエロー、65ブルー、茶刺繍糸★、イエロー用前身布帛pt、ブルー用前身布帛pt、レッド用前身布帛pt,しまむら,合格,合格,,
61526006820,2026-04-01,2026-04-03,上海&#39134;&#39532;&#36827;出口有限公司,岡山,,飼田,E5636YR ,,N7チャコール本体、N7チャコールリブ、製品,しまむら,合格,合格,,
61526006815,2026-04-01,2026-04-03,上海&#39134;&#39532;&#36827;出口有限公司,岡山,,和田,C5632VA ,半袖Tシャツ,N9ブラック本体、N9ブラックリブ、製品、ブラック×ホワイトニットテープ,しまむら,合格,合格,,
61526006861,2026-04-01,2026-04-03,上海&#39134;&#39532;&#36827;出口有限公司,岡山,,飼田,E5638YR ,生地(半袖Tシャツ),52ターコイズ1×1スパンフライスリブ、52ターコイズ接触冷感Eメッシュ,しまむら,合格,,,
61526006852,2026-04-01,2026-04-07,上海&#39134;&#39532;&#36827;出口有限公司,岡山,,飼田,E4635DR ,生地(ショートパンツ),63サックス、82ラベンダー,しまむら,合格,,,
Q2726004701,2026-04-01,2026-04-07,青&#23707;&#31166;金源&#32463;&#36152;有限公司（??&#21326;源）(青&#23707;恒新山),子供ナイティー,,子供ナイティー,6J637UR ,枕,63枕、63カバー、白がわ地,しまむら,,合格,,
Q2726004702,2026-04-01,2026-04-03,青&#23707;&#31166;金源&#32463;&#36152;有限公司（??&#21326;源）(青&#23707;恒新山),子供ナイティー,,子供ナイティー,6X637UR ,冷感ケット,63製品、アイボリー裏地,しまむら,合格,合格,,
Q2726004690,2026-04-01,2026-04-03,青&#23707;朗和国&#38469;&#36152;易有限公司,レディ－スカジュアル,,レディ-スカジュアル,A4632ZR ,Phiten ロングP,N9本体、N9製品、白シックテープ、ネイビー紐、ブラック×白
テープ、ブラック紐,しまむら,合格,合格,,
61526006865,2026-04-01,2026-04-07,上海&#39134;&#39532;&#36827;出口有限公司,岡山,,飼田,E5635UR  E5636UR  E5633UR  E5634UR ,生地(丸首半袖T),05レッド、35イエロー、52ターコイズ、63サックス、N8クロ,しまむら,合格,,,
Q2726004703,2026-04-01,2026-04-03,青&#23707;&#31166;金源&#32463;&#36152;有限公司（??&#21326;源）(青&#23707;恒新山),子供ナイティー,,子供ナイティー,6P637UR ,敷きパッド,13製品、白裏地,しまむら,,合格,,
Q2726004704,2026-04-01,2026-04-03,ニシオ株式会社,ライフグッズ,,ライフグッズ,E8630BZ ,巻きタオル,63,しまむら,,合格,,
Q2726004708,2026-04-01,2026-04-03,ニシオ株式会社,ライフグッズ,,ライフグッズ,E8630YR ,巻きタオル,N0,しまむら,,合格,,
Q2726004709,2026-04-01,2026-04-07,Grand Concord Garment(Hong Kong) Limited&#35832;城裕泰&#38024;&#32455;有限公司（广豪）,アンダーウェア,,婦人アンダーウェア　笹田,9L620ER ,ハーフトップ+ショーツ,67ショーツ、67ハーフトップ、N9本体、N9ショーツ、N9ハーフトップ、紺×白ゴム、紺下バインダー、黒×白ゴム、グレー刺繍、グレーテープ、ブラウン刺繍、ブラウンテープ,しまむら,合格,合格,,
Q2726004707,2026-04-01,2026-04-03,ニシオ株式会社,ライフグッズ,,ライフグッズ,E8531YR ,巻きタオル,N9ブラック,しまむら,,合格,,
Q2726004706,2026-04-01,2026-04-03,ニシオ株式会社,ライフグッズ,,ライフグッズ,E8630YZ ,巻きタオル,N9,しまむら,,合格,,
Q2726004705,2026-04-01,2026-04-03,ニシオ株式会社,ライフグッズ,,ライフグッズ,E8631YZ ,巻きタオル,55グリーン,しまむら,,合格,,
Q2726004688,2026-04-01,2026-04-03,青&#23707;朗和国&#38469;&#36152;易有限公司,レディ－スカジュアル,,レディ-スカジュアル,A563CZR ,Phiten　半袖T,N9天テープ、N9本体,しまむら,合格,合格,,
Q2726004681,2026-04-01,2026-04-03,伊藤忠??&#36152;易(中国)有限公司青&#23707;分公司,レディ－スカジュアル,,レディ-スカジュアル,DA6313R(CA13036H) ,【ラクっとキレイ】エアジップテーパードL70,N9,しまむら,,合格,,
Q2726004679,2026-04-01,2026-04-03,青&#23707;屹??工&#36152;有限?任公司,レディ－スカジュアル,,レディ-スカジュアル,HY2004G ,ヒヤロンTRツイルワイドパンツ,N7,しまむら,,合格,,
Q2726004683,2026-04-01,2026-04-03,伊藤忠??&#36152;易(中国)有限公司青&#23707;分公司,レディ－スカジュアル,,レディ-スカジュアル,DB6313R(CA13036H) ,【ラクっとキレイ】クイックパンツストレートL73,,しまむら,,合格,,
Q2726004685,2026-04-01,2026-04-03,伊藤忠??&#36152;易(中国)有限公司青&#23707;分公司,レディ－スカジュアル,,レディ-スカジュアル,DC6313R(CA13036H) ,【ラクっとキレイ】ビーフィットパンツストレート L70,N9,しまむら,,合格,,
61026006849,2026-03-31,2026-04-02,?家港市佳怡&#31166;服&#39280;有限公司,岡山,,田中,A4638ER ,ショートパンツ,N9ブラック本体、製品,しまむら,合格,合格,,
50125006460,2026-03-31,2026-04-01,株式会社カイタックファミリー,婦人シャツナイティ部,,田中,[5BN241R]AF2629(製品品番：306211R) ,パジャマ,03ピンク,しまむら,合格,,,
Q2726004466,2026-03-31,2026-04-02,山&#19996;省&#28493;坊市&#36827;出口有限公司,婦人ナイティー,,婦人ナイティー,406418R ,婦人パジャマ,N8上衣本体、N8製品、白シックテープ,しまむら,合格,合格,,
Q2726004482,2026-03-31,2026-04-02,山&#19996;省&#28493;坊市&#36827;出口有限公司,子供ナイティー,,子供ナイティー,66634AR ,パジャマ,N9製品、白シックテープ、黒本体、黒リブ,しまむら,合格,合格,,
61526006215,2026-03-31,2026-04-02,上海&#39134;&#39532;&#36827;出口有限公司,岡山,,飼田,G5630JR ,,製品、アイボリー裾ゴム、ネイビー背刺繍アップリケ、ネイビー袖テープ、ブラック左胸刺繍,しまむら,合格,合格,,
Q2726004629,2026-03-31,2026-04-02,山&#19996;省&#28493;坊市&#36827;出口有限公司,子供ナイティー,,子供ナイティー,61631JR ,パジャマ,63製品、白シックテープ,しまむら,,合格,,
61026006222,2026-03-31,2026-04-02,南通?川服飾有限公司,,,,G5633MZ ,,製品、ドジャース(サックス用)刺繍、パドレス(オレンジ用)刺繍、ヤンキース(グレー用)刺繍,しまむら,合格,合格,,
61026006175,2026-03-31,2026-04-02,南通?川服飾有限公司,,,,F5638MZ ,半袖T,39マスタード本体、39マスタードリブ、製品,しまむら,合格,合格,,
Q2726004592,2026-03-31,2026-04-02,高密市明&#35802;服&#39280;有限公司,アンダーウェア,,婦人アンダーウェア　笹田,9H624QR ,スタンダードショーツ,黒×白ゴム、黒&#9312;製品、黒&#9313;製品、黒本体、グレー製品,しまむら,合格,合格,,
Q2726004676,2026-03-31,2026-04-02,大?万林&#36827;出口有限公司（大?佳林）（大?裕森）服装有限公司,メンズカジュアル,,メンズカジュアル,ME1502X(XM1030) ,MEIイージーパンツ,N8C製品、黒腰紐、ブルー腰紐,しまむら,合格,合格,,
Q2726004652,2026-03-31,2026-04-02,Grand Concord Garment(Hong Kong) Limited&#35832;城裕泰&#38024;&#32455;有限公司（广豪）,アンダーウェア,,婦人アンダーウェア　笹田,9L6214R ,ハーフトップ+ショーツ,N3ショーツ、N3ハーフトップ、N9ショーツ、N9ハーフトップ、白×黒ゴム、黒本体、黒肩ゴム、黒テープ、グレー
下バインダー、グレー肩ゴム、グレーテープ,しまむら,合格,合格,,
Q2726004649,2026-03-31,2026-04-02,ニシオ株式会社,ライフグッズ,,ライフグッズ,E8530LR ,巻きタオル,05,しまむら,,合格,,
Q2726004650,2026-03-31,2026-04-02,Grand Concord Garment(Hong Kong) Limited&#35832;城裕泰&#38024;&#32455;有限公司（广豪）,アンダーウェア,,婦人アンダーウェア　笹田,9L6204R ,ハーフトップ+ショーツ,10ショーツ、10ハーフトップ、N9ショーツ、N9ハーフトップ、白カップ下
パイピング、白テープ、白フックアイ、黒×白
裾ゴム、黒本体、黒テープ、グレー
テープ、グレー肩ゴム,しまむら,合格,合格,,
Q2726004590,2026-03-30,2026-04-01,高密市明&#35802;服&#39280;有限公司,アンダーウェア,,婦人アンダーウェア　笹田,9H622QR ,スタンダードショーツ,黒×白ゴム、黒&#9312;製品、黒&#9313;製品、黒本体、グレー製品,しまむら,合格,合格,,
Q2726004580,2026-03-30,2026-04-02,青&#23707;朗和国&#38469;&#36152;易有限公司,レディ－スカジュアル,,レディ-スカジュアル,A4628RR ,RB4WAYロングP,N9製品、白シックテープ、黒本体、黒スピンドル、チャコール
ゴム、チャコール
スピンドル、ベージュ
ゴム、ベージュゴム,しまむら,合格,合格,,
61526006669,2026-03-30,2026-04-01,上海&#39134;&#39532;&#36827;出口有限公司,岡山,,飼田,F5632KZ ,,N2オートミール、N9ブラック、イエロー+グリーン+アカワッペン、シロ刺繍、ブラック刺繍,しまむら,合格,合格,,
Q2726004476,2026-03-30,2026-04-03,青&#23707;吉利基&#19994;&#36152;易公司,紳士ナイティー,,紳士ナイティー,126400R/126410R/126420R/126430R/126440R/126450R/126460R/126470R ,パジャマ,67COFFEE柄、67くじら柄、67木柄、67キウイフルーツ柄、67スイカ柄、67バナナ柄、67ビール柄、67レモン柄,しまむら,合格,,,
Q2726004513,2026-03-30,2026-04-01,青&#23707;&#31166;金源&#32463;&#36152;有限公司（??&#21326;源）(青&#23707;恒新山),レディ－スカジュアル,,レディ-スカジュアル,Y5639RR ,婦人シャツ,N9ブラック本体、N9ブラック衿部分、N9ブラック製品,しまむら,合格,合格,,
Q2726004516,2026-03-30,2026-04-01,高密亨利制衣有限公司,アンダーウェア,,婦人アンダーウェア　笹田,9H621HR ,ボクサーショーツ,03製品、N3製品、N9製品、N9身生地,しまむら,合格,合格,,
Q2726004574,2026-03-30,2026-04-01,青&#23707;依美&#26102;尚国&#38469;&#36152;易有限公司,レディ－スカジュアル,,レディ-スカジュアル,A4624PR ,ロングパンツ,N9本体、白刺繍、白シックテープ,しまむら,合格,合格,,
61526006608,2026-03-30,2026-04-01,上海&#39134;&#39532;&#36827;出口有限公司,岡山,,飼田,E5631YZ ,,製品、チャコールリブ,しまむら,合格,合格,,
Q2726004480,2026-03-30,2026-04-01,山&#19996;省&#28493;坊市&#36827;出口有限公司,子供ナイティー,,子供ナイティー,61630AR ,パジャマ,63サックス製品、白シックテープ,しまむら,,合格,,
Q2726004578,2026-03-30,2026-04-01,青&#23707;朗和国&#38469;&#36152;易有限公司,レディ－スカジュアル,,レディ-スカジュアル,A4636ER ,ODハーフP,N9本体、N9製品、白シックテープ、ピンク紐、ミント紐,しまむら,合格,合格,,
61526006615,2026-03-30,2026-04-01,上海&#39134;&#39532;&#36827;出口有限公司,岡山,,飼田,E5631BZ ,,製品,しまむら,,合格,,
61526006671,2026-03-30,2026-04-01,上海&#39134;&#39532;&#36827;出口有限公司,岡山,,飼田,F5631KZ ,半袖Tシャツ,10オフホワイト、57カーキ、N9ブラック,しまむら,,合格,,
Q2726004594,2026-03-30,2026-04-01,高密市明&#35802;服&#39280;有限公司,アンダーウェア,,婦人アンダーウェア　笹田,9H620QR ,スタンダードショーツ,黒×白製品、黒×白ゴム、黒×赤製品、黒身生地、ピンク製品,しまむら,合格,合格,,
Q2726004588,2026-03-30,2026-04-01,Grand Concord Garment(Hong Kong) Limited&#35832;城裕泰&#38024;&#32455;有限公司（广豪）,アンダーウェア,,婦人アンダーウェア　笹田,9L629RR ,ハーフトップ+ショーツ,63肩ゴム、63クロッチ、63ゴム、63ショーツ、63テープ、63ハーフトップ、N9本体、N9肩ゴム、N9クロッチ、N9ゴム、N9ショーツ、N9テープ、N9ハーフトップ,しまむら,合格,合格,,
Q2726004622,2026-03-30,2026-04-02,青&#23707;&#31166;金源&#32463;&#36152;有限公司（??&#21326;源）(青&#23707;恒新山),子供ナイティー,,子供ナイティー,76642KR/76643RR/766440R ,パジャマ,13-5、14-1、63-3、67A、82-1,しまむら,合格,,,
Q2726004288,2026-03-30,2026-04-01,山&#19996;省&#28493;坊市&#36827;出口有限公司,婦人ナイティー,,婦人ナイティー,406408R ,パジャマ,83製品、白シックテープ,しまむら,,合格,,
Q2726003850,2026-03-30,2026-04-01,山&#19996;省&#28493;坊市&#36827;出口有限公司,子供ナイティー,,子供ナイティー,61630AR/66634AR ,パジャマ,63本体、N3A本体、N9本体、N9リブ,しまむら,合格,,,
Q2726004669,2026-03-30,2026-04-02,?庄超越&#38024;&#32455;制衣有限公司,キッズカジュアル,,キッズカジュアル,RT638QZ ,Coleman×さえさんOE天竺　ロンパース,03ピンク製品、66ブルーグレー製品、白肩綾テープ,しまむら,,合格,,
Q2726004667,2026-03-30,2026-04-01,青&#23707;天一泰和国&#38469;&#36152;易有限公司(天森豪?票)普票EXL,レディ－スカジュアル,,レディ-スカジュアル,Y5630GR ,半袖Tシャツ,N7本体、N7製品、白刺繍、黒刺繍、チャコールリブ,しまむら,合格,合格,,
Q2726004619,2026-03-30,2026-04-02,青&#23707;&#31166;金源&#32463;&#36152;有限公司（??&#21326;源）(青&#23707;恒新山),子供ナイティー,,子供ナイティー,7663VVR ,パジャマ,83製品、N9製品、白シックテープ、黒本体、黒リブ、パープルリブ,しまむら,合格,合格,,
Q2726004608,2026-03-30,2026-04-01,ニシオ株式会社,ライフグッズ,,ライフグッズ,E8630YZ/E8631YZ/E8630BZ ,巻きタオル,55、N0、N9、白テープ,しまむら,合格,,,
Q2726004598,2026-03-30,2026-04-01,高密市明&#35802;服&#39280;有限公司,アンダーウェア,,婦人アンダーウェア　笹田,9H620MR ,スタンダードショーツ,黒×白ゴム、黒本体、黒製品、グレー製品、サックス製品,しまむら,合格,合格,,
Q2726004605,2026-03-30,2026-03-31,Grand Concord Garment(Hong Kong) Limited&#35832;城裕泰&#38024;&#32455;有限公司（广豪）,アンダーウェア,,婦人アンダーウェア　笹田,9L6204R/9L6214R/9L620ER/9K623QR/9K624QR/9N620QR/9N621QR/9K620DR/9L62NRA ,生地,白パワーネット、白マーキZ、黒TCバイヤス、黒パワーネット、黒マーキZ、ベージュ
TCバイヤス,しまむら,合格,,,
Q2726004603,2026-03-30,2026-04-02,大?&#39536;毅服&#39280;科技&#21457;展有限公司,アンダーウェア,,婦人アンダーウェア　笹田,9K622HR ,婦人ハーフブラ,N7製品、N9製品、黒下パイピング、チャコール
下パイピング,しまむら,合格,合格,,
61526006576,2026-03-30,2026-04-01,上海&#39134;&#39532;&#36827;出口有限公司,岡山,,飼田,E5632BZ ,Tシャツ,52ターコイズ,しまむら,,合格,,
61526006574,2026-03-30,2026-04-01,上海&#39134;&#39532;&#36827;出口有限公司,岡山,,飼田,E5632YZ ,半袖Tシャツ,N9ブラック、N9ブラックリブ,しまむら,合格,合格,,
61026006799,2026-03-30,2026-04-01,祥安服装如&#19996;有限公司,岡山,,平松,B2635FQ  B2622FQ  B2623FQ  CNB6132  CNB6145 ,,05レッド、15ブラウン、55グリーン、65ブルー、83パープル、N9ブラック,しまむら,合格,,,
61526006578,2026-03-30,2026-04-01,上海&#39134;&#39532;&#36827;出口有限公司,岡山,,飼田,E5631LZ ,Tシャツ,65ブルーリブ、製品,しまむら,合格,合格,,
61026006463,2026-03-30,2026-03-31,南通?川服飾有限公司,,,,E4620MR ,ストレートパンツ,15ブラウン、15ブラウン本体、39マスタード、52ターコイズ、ターコイズ刺繍、パープル刺繍、ラベンダー刺繍,しまむら,合格,合格,,
61026006465,2026-03-30,2026-03-31,南通?川服飾有限公司,,,,E1620MR ,ジップジャケット,15ブラウン、15ブラウン本体、39マスタード、52ターコイズ、ターコイズ刺繍、パープル刺繍、ラベンダー刺繍,しまむら,合格,合格,,
61026006773,2026-03-30,2026-04-01,祥安服装如&#19996;有限公司,岡山,,平松,B26348Q ,APEX 紳士1Pボクサーブリーフ,55グリーンゴム、N9ブラック本体、N9ブラックゴム、製品,しまむら,合格,合格,,
61026006694,2026-03-30,2026-03-30,祥安服装如&#19996;有限公司,岡山,,平松,KH6329R  CG-4GH ,,ブラック,しまむら,合格,,,
61026006703,2026-03-30,2026-04-01,祥安服装如&#19996;有限公司,岡山,,平松,B26338Q ,サンリオ 紳士エステルベア天ボクサー1P,A 03ピンク、B N9ブラック、ブラックゴム,しまむら,合格,合格,,
61026006759,2026-03-30,2026-04-01,上海星雅服&#39280;有限公司,岡山,,西堀,C5630WA  ,,製品,しまむら,,合格,,
61026006757,2026-03-30,2026-04-01,南通?川服飾有限公司,,,,R563CPZ ,生地(半袖Tシャツ),10オフホワイト天竺、10オフホワイトリブ、63サックス天竺、63サックスリブ、A49オフホワイトテープ、B20サックステープ,しまむら,合格,,,
61026006742,2026-03-30,2026-04-01,上海星雅服&#39280;有限公司,岡山,,西堀,C5631WA ,,製品、クロ刺繍,しまむら,合格,合格,,
61526006602,2026-03-30,2026-04-01,上海&#39134;&#39532;&#36827;出口有限公司,岡山,,飼田,E5630BZ ,Tシャツ,25オレンジ、25オレンジリブ,しまむら,合格,合格,,
Q2726004534,2026-03-30,2026-04-02,青&#23707;&#21326;杉&#36152;易有限公司,ジーンズカジュアル,,ジーンズカジュアル,DM6380R/DD6380R(LD210194G) ,生地,69、N9,しまむら,合格,,,
Q2726004520,2026-03-30,2026-04-02,Grand Concord Garment(Hong Kong) Limited&#35832;城裕泰&#38024;&#32455;有限公司（广豪）,アンダーウェア,,婦人アンダーウェア　笹田,9M62AHR/9M629HR ,生地,03身生地、03レース、10身生地、10レース、N9身生地、N9レース,しまむら,合格,,,
Q2726004518,2026-03-30,2026-04-01,Grand Concord Garment(Hong Kong) Limited&#35832;城裕泰&#38024;&#32455;有限公司（广豪）,アンダーウェア,,婦人アンダーウェア　笹田,9N622VR/9N623VR/9M624VR/9M625VR/9M626VR/9M627VR/9T621DR/9T622DR/9B623DR/9B624DR ,生地,03、10、13、N9,しまむら,合格,,,
Q2726004643,2026-03-30,2026-04-01,ニシオ株式会社,ライフグッズ,,ライフグッズ,E8630YR(60cm)E8630YR(80cm)E8531YR(60cm)E8531YR(80cm)E8530LR(60cm)E8630BR(60cm) ,巻きタオル,黒×緑、黒×グレー、ピンク×
ライトブルー、ブルー,しまむら,合格,,,
Q2726004570,2026-03-30,2026-04-01,青&#23707;&#31166;金源&#32463;&#36152;有限公司（??&#21326;源）(青&#23707;恒新山),レディ－スカジュアル,,レディ-スカジュアル,Y5638WA ,Tシャツ,N0A,しまむら,,合格,,
50125006272,2026-03-30,2026-04-01,株式会社カイタックファミリー,戦略開発課,,川棚,306201R ,クロッシーP日本製さざ波ガーゼ格子柄シャツ(パジャマ),03ピンク、83パープル、パイピング/シロ,しまむら,合格,合格,,
50125006242,2026-03-30,2026-04-01,株式会社カイタックファミリー,戦略開発課,,長崎,306211R ,パジャマ,03ピンク、パイピング,しまむら,合格,合格,,
Q2726004561,2026-03-30,2026-04-02,青&#23707;天一泰和国&#38469;&#36152;易有限公司(天森豪?票)普票EXL,レディ－スカジュアル,,レディ-スカジュアル,Y5636WR ,半袖Tシャツ,N9本体、N9製品、ブラックリブ,しまむら,合格,合格,,
Q2726004538,2026-03-30,2026-04-01,青&#23707;&#31166;金源&#32463;&#36152;有限公司（??&#21326;源）(青&#23707;恒新山),メンズカジュアル,,メンズカジュアル,Z5630GR/Z5631GR/Z5632GR ,生地,N0本体、N0総柄本体、N0リブ、N9本体、N9リブ,しまむら,合格,,,
61526006447,2026-03-30,2026-04-01,??浅叶有限公司,岡山,,高木,1Z6449A ,ミニタオル,03ピンク、14ベージュ、35イエロー,しまむら,合格,合格,,
Q2726004563,2026-03-30,2026-04-02,青&#23707;天一泰和国&#38469;&#36152;易有限公司(天森豪?票)普票EXL,レディ－スカジュアル,,レディ-スカジュアル,Y5631GR ,半袖Tシャツ,N7本体、N7製品、チャコールリブ,しまむら,合格,合格,,
Q2726004566,2026-03-30,2026-04-01,青&#23707;天一泰和国&#38469;&#36152;易有限公司(天森豪?票)普票EXL,レディ－スカジュアル,,レディ-スカジュアル,Y5637WR ,半袖Tシャツ,10本体、N7本体、N7製品,しまむら,合格,合格,,
61526006582,2026-03-30,2026-04-01,上海&#39134;&#39532;&#36827;出口有限公司,岡山,,飼田,E5630YZ ,,N9ブラックリブ、製品,しまむら,合格,合格,,
61526006580,2026-03-30,2026-04-01,上海&#39134;&#39532;&#36827;出口有限公司,岡山,,飼田,E5630LZ ,Tシャツ,52ターコイズ,しまむら,,合格,,
61526006497,2026-03-27,2026-04-01,南通新恒祥&#32442;&#32455;服装有限公司,岡山,,?田,SNK-623S/31630HR ,生地(パジャマ),03ピンク、67ネイビー,しまむら,合格,,,
Q2726004461,2026-03-27,2026-03-31,山&#19996;省&#28493;坊市&#36827;出口有限公司,婦人ナイティー,,婦人ナイティー,406418R/406428R/406438R/406458R/406368R/406378R ,パジャマ,03兎柄、03猫柄、13犬柄、67無地、67犬柄、82無地、N3無地、N7無地、N7クロミ柄、N8無地、N8猫柄,しまむら,合格,,,
Q2726004435,2026-03-27,2026-03-31,青&#23707;&#31166;金源&#32463;&#36152;有限公司（??&#21326;源）(青&#23707;恒新山),レディ－スカジュアル,,レディ-スカジュアル,Y5638RR ,婦人シャツ,N9ブラック本体、N9ブラック製品、白刺繍,しまむら,合格,合格,,
Q2726004524,2026-03-27,2026-03-31,青&#23707;伊美瑛国&#38469;&#36152;易有限公司,レディ－スカジュアル,,レディ-スカジュアル,Y6631RR ,スキッパー半袖,N9製品、白刺繍、白天テープ,しまむら,,合格,,
Q2726004504,2026-03-27,2026-03-31,青&#23707;&#31166;金源&#32463;&#36152;有限公司（??&#21326;源）(青&#23707;恒新山),メンズカジュアル,,メンズカジュアル,ZR630QR ,アクティブジャケット,N9本体、N9製品,しまむら,合格,合格,,
Q2726004491,2026-03-27,2026-03-31,青&#23707;佰利源&#32442;&#32455;有限公司,紳士アンダ－ウェア,,紳士アンダ-ウェア,BL5P38Z-1 ,パウパトロールベビー3Pトレーニングパンツ,63、65、N0、白裏パイル、スカイブルー、ネイビー,しまむら,合格,,,
Q2726004416,2026-03-27,2026-03-31,青&#23707;&#31166;金源&#32463;&#36152;有限公司（??&#21326;源）(青&#23707;恒新山),キッズカジュアル,,キッズカジュアル,F563AQZ ,トレーナー,N3グレー製品、N8クロ本体、N8クロ製品、N8クロリブ,しまむら,合格,合格,,
Q2726004413,2026-03-27,2026-03-31,青&#23707;天一泰和国&#38469;&#36152;易有限公司(天森豪?票)普票EXL,レディ－スカジュアル,,レディ-スカジュアル,Y5632XR/Y5630GR ,生地,50本体、50リブ,しまむら,合格,,,
61026006651,2026-03-27,2026-03-31,南通?川服飾有限公司,,,婦人課　大幡,Y4633AA ,,N9ブラック本体、製品,しまむら,合格,合格,,
61026006656,2026-03-27,2026-03-31,南通?川服飾有限公司,,,,Y4632AA ,ショートパンツ,N9ブラック本体、製品,しまむら,合格,合格,,
61026006664,2026-03-27,2026-03-31,如皋帝晨服&#39280;有限公司,岡山,,,21631CR  No.1/2/3:GNE-6012M  No.4/5:GNE-6012LR ,生地(パジャマ),67ネイビー本体、67ネイビーリブ、N7チャコール本体、N7チャコールリブ、N9ブラック本体,しまむら,合格,,,
Q2726004544,2026-03-27,2026-03-31,青&#23707;天一泰和国&#38469;&#36152;易有限公司(天森豪?票)普票EXL,レディ－スカジュアル,,レディ-スカジュアル,Y5633GR ,半袖Tシャツ,33刺繍、N7刺繍、N7本体、N7製品、N7リブ,しまむら,合格,合格,,
61026006591,2026-03-27,2026-03-31,祥安服装如&#19996;有限公司,岡山,,平松,TP612SQ/TP611SQ/KP613SQ/TP626SR/KP627SR/B2615SR/B2617SR ,生地(Reebok血行促進 紳士長袖丸首インナー1P/Reebok血行促進 紳士 半袖丸首Tインナー1P)No.1/2/3:CNRT21   No.4:CNB6007No.5/6:CNB3509,63サックス本体、67ネイビー本体、N7チャコール別布、N7チャコール本体、N9ブラック別布、N9ブラック本体,しまむら,合格,,,
Q2726004453,2026-03-27,2026-03-31,高密亨利制衣有限公司,アンダーウェア,,婦人アンダーウェア　笹田,9H620HR ,スタンダードショーツ,黒×白ゴム、黒本体、黒製品、グレー製品、ブルー製品,しまむら,合格,合格,,
Q2726004437,2026-03-27,2026-03-31,青&#23707;&#31166;金源&#32463;&#36152;有限公司（??&#21326;源）(青&#23707;恒新山),キッズカジュアル,,キッズカジュアル,RT637QZ ,ロンパース,10製品、57製品、黒×白
織ワッペン,しまむら,合格,合格,,
Q2726004441,2026-03-27,2026-03-31,青&#23707;天一泰和国&#38469;&#36152;易有限公司(天森豪?票)普票EXL,レディ－スカジュアル,,レディ-スカジュアル,Y5632GR ,半袖Tシャツ,N9本体、N9リブ,しまむら,合格,合格,,
Q2726004361,2026-03-27,2026-03-31,青&#23707;承越皮革制品有限公司,ライフグッズ,,ライフグッズ,1Z554NR ,チャーム付シュシュ,03、13、N9、白レース,しまむら,合格,,,
Q2726004360,2026-03-27,2026-03-31,青&#23707;承越皮革制品有限公司,ライフグッズ,,ライフグッズ,1T553NR/1T552NR ,キルトトートバッグL/キルトトートバッグS,03本体、03裏地、03テープ、13本体、13テープ、N6本体、N6テープ、ミニー刺,しまむら,合格,,,
Q2726004445,2026-03-27,2026-03-30,青&#23707;依美&#26102;尚国&#38469;&#36152;易有限公司,レディ－スカジュアル,,レディ-スカジュアル,A4626PR/A4624ER ,紐,67、N7、N9,しまむら,合格,,,
Q2726004446,2026-03-27,2026-03-30,青&#23707;依美&#26102;尚国&#38469;&#36152;易有限公司,レディ－スカジュアル,,レディ-スカジュアル,A462CRR/A4624PR ,腰ひも,スミクロ、チャコール、ブラック、ブラウン,しまむら,合格,,,
Q2726004420,2026-03-27,2026-03-31,青&#23707;呈?服装有限公司,レディ－スカジュアル,,レディ-スカジュアル,Y6630QC ,長袖フルZIPパーカー,N7本体,しまむら,合格,合格,,
Q2726004418,2026-03-27,2026-03-31,青&#23707;&#31166;金源&#32463;&#36152;有限公司（??&#21326;源）(青&#23707;恒新山),キッズカジュアル,,キッズカジュアル,F4634QZ ,パンツ,N3グレー製品、N8クロ本体、N8クロ製品、白シックテープ,しまむら,合格,合格,,
Q2726004452,2026-03-27,2026-03-31,高密亨利制衣有限公司,アンダーウェア,,婦人アンダーウェア　笹田,9S622MR/9S623MR/9S622QR/9S623QR/9S621CR/9S6214R ,ショーツ,紫×濃紫
KUROMI、紫×黒
MIFFY、黒×白
(MIFFY+兔)、黒×グレーCONVERSE、グレー×
ゴールドCECIL、ライトブルー×白,しまむら,合格,,,
Q2726004450,2026-03-27,2026-03-31,高密亨利制衣有限公司,アンダーウェア,,婦人アンダーウェア　笹田,9H625XR/9H6274R ,ショーツ,黒×紫9H6274R、黒×サックス9H6274R、黒×ピンク9H6274R、グレー9H625XR、チャコール9H625XR、ベージュ9H625XR,しまむら,合格,,,
Q2726004451,2026-03-27,2026-03-31,高密亨利制衣有限公司,アンダーウェア,,婦人アンダーウェア　笹田,9H628ER/9H629AR/9H621CR/9H623RR ,ショーツ,紺×オフ
EASTBOY
9H628ER、黒×オフ
ARNOLD PALMER 9H629AR、オフ×紫
Reebok
9H623RR、オフ×黒
CONVERSE
9H621CR、オフ×チャコール
Reebok
9H623RR、オフ×ワイン
Reebok
9H623RR,しまむら,合格,,,
Q2726004473,2026-03-27,2026-03-31,青&#23707;&#31166;金源&#32463;&#36152;有限公司（??&#21326;源）(青&#23707;恒新山),子供ナイティー,,子供ナイティー,66640ER ,パジャマ,N7製品、白シックテープ、黒本体、チャコールリブ,しまむら,合格,合格,,
61026006525,2026-03-26,2026-03-30,上海涵浚?&#19994;有限公司,岡山,,小野寺,1M6439A ,マフラータオル,アイボリー,しまむら,,合格,,
Q2726004386,2026-03-26,2026-03-30,&#35832;城和&#35802;服装&#38024;&#32455;有限公司,紳士ナイティー,,紳士ナイティー,116320R ,紳士パジャマ,67製品、白シックテープ、グレー
パイピング,しまむら,合格,合格,,
Q2726004388,2026-03-26,2026-03-30,&#35832;城和&#35802;服装&#38024;&#32455;有限公司,紳士ナイティー,,紳士ナイティー,116340R ,紳士パジャマ,65製品、白シックテープ、ネイビー
パイピング,しまむら,合格,合格,,
Q2726004384,2026-03-26,2026-03-30,&#35832;城和&#35802;服装&#38024;&#32455;有限公司,紳士ナイティー,,紳士ナイティー,116340R ,紳士パジャマ,65,しまむら,合格,,,
Q2726004458,2026-03-26,2026-03-30,山&#19996;省&#28493;坊市&#36827;出口有限公司,子供ナイティー,,子供ナイティー,716318R/71630RR/76632RR ,パジャマ,03身生地、54-3身生地、54-3リブ、54身生地,しまむら,合格,,,
61526006289,2026-03-26,2026-03-30,上海&#39134;&#39532;&#36827;出口有限公司,岡山,,飼田,X4620RA ,ロングパンツ,N9ブラック本体、製品、黒×白ドット引手、ブラックスピンドル紐,しまむら,合格,合格,,
61526006287,2026-03-26,2026-03-30,上海&#39134;&#39532;&#36827;出口有限公司,岡山,,和田,X4620MA ,,N9ブラック本体、製品、黒×白ドット引手、ブラックスピンドル紐,しまむら,合格,合格,,
Q2726004382,2026-03-26,2026-03-30,&#35832;城和&#35802;服装&#38024;&#32455;有限公司,紳士ナイティー,,紳士ナイティー,116310R ,紳士パジャマ,N3製品、白シックテープ、グレー
パイピング,しまむら,合格,合格,,
Q2726004390,2026-03-26,2026-03-30,&#35832;城和&#35802;服装&#38024;&#32455;有限公司,紳士ナイティー,,紳士ナイティー,116360R ,パジャマ,67製品、N3製品、白シックテープ、ネイビー
パイピング,しまむら,合格,合格,,
61026006481,2026-03-26,2026-03-30,祥安服装如&#19996;有限公司,岡山,,平松,B2615SR/BW6C2ER/BW632ER/CG-124RB/CG-51MLB ,,ネイビー、ブラック、ブラウン、ブルー、ホワイト,しまむら,合格,,,
Q2726004400,2026-03-26,2026-03-30,山&#19996;省&#28493;坊市&#36827;出口有限公司,婦人ナイティー,,婦人ナイティー,406448R ,パジャマ,67、N3,しまむら,合格,,,
Q2726004427,2026-03-26,2026-03-30,青&#23707;&#31166;金源&#32463;&#36152;有限公司（??&#21326;源）(青&#23707;恒新山),レディ－スカジュアル,,レディ-スカジュアル,Y5633PC ,婦人シャツ,N7チャコール,しまむら,,合格,,
Q2726004398,2026-03-26,2026-03-30,青&#23707;&#31166;金源&#32463;&#36152;有限公司（??&#21326;源）(青&#23707;恒新山),子供ナイティー,,子供ナイティー,6663UYR/6663YHR ,パジャマ,15、35-3、67A、68-3、N3A、N9,しまむら,合格,,,
61526006463,2026-03-26,2026-03-30,上海&#39134;&#39532;&#36827;出口有限公司,岡山,,和田 ,X4631MA ,ハーフパンツ,N9Aブラック本体、製品、ブラックスピンドル、ブラウンスピンドル,しまむら,合格,合格,,
Q2726004335,2026-03-26,2026-03-31,青&#23707;&#31166;金源&#32463;&#36152;有限公司（??&#21326;源）(青&#23707;恒新山),メンズカジュアル,,メンズカジュアル,G5630AZ ,ラメニットテープ,シルバー,しまむら,合格,,,
61526006465,2026-03-26,2026-03-27,上海&#39134;&#39532;&#36827;出口有限公司,岡山,,和田 ,X4630MA ,ハーフパンツ,N9ブラック本体、製品N9Aブラック,しまむら,合格,合格,,
Q2726004423,2026-03-26,2026-03-30,青&#23707;&#31166;金源&#32463;&#36152;有限公司（??&#21326;源）(青&#23707;恒新山),レディ－スカジュアル,,レディ-スカジュアル,Y5632QC ,T SHIRT,N9,しまむら,,合格,,
61026006491,2026-03-26,2026-03-30,?家港市佳怡&#31166;服&#39280;有限公司,岡山,,田中,A4637ER ,ショートパンツ,N9ブラック本体、製品,しまむら,合格,合格,,
Q2726004343,2026-03-26,2026-03-27,青&#23707;&#31166;金源&#32463;&#36152;有限公司（??&#21326;源）(青&#23707;恒新山),レディ－スカジュアル,,レディ-スカジュアル,F5636MZ/Y5632QC/Y5633PC/Y5634PC ,生地,熊×白POLO刺繍、熊×紺POLO刺繍、白刺繍、紺×赤
ワッペン、紺×グレー
ワッペン、紺刺繍、緑刺繍、赤ワッペン
Coleman、ブラウン×黄
ワッペン,しまむら,合格,,,
Q2726004425,2026-03-26,2026-03-30,青&#23707;&#31166;金源&#32463;&#36152;有限公司（??&#21326;源）(青&#23707;恒新山),レディ－スカジュアル,,レディ-スカジュアル,Y5634PC ,T SHIRT,67,しまむら,,合格,,
61526006445,2026-03-26,2026-03-31,上海&#39134;&#39532;&#36827;出口有限公司,岡山,,飼田,R5631WZ ,Tシャツ,13アイボリー、50ライトグリーン,しまむら,,合格,,
61026006432,2026-03-25,2026-03-27,上海昊客商&#36152;有限公司,,,?山,R2630PZ ,生地(ポロシャツ+ブルマセット),13アイボリー、67ネイビー,しまむら,合格,,,
61026006443,2026-03-25,2026-03-27,上海星雅服&#39280;有限公司,岡山,,西堀,7J631DR ,うさまるベビーフリース45クッション,03ピンク、03ピンク用刺繍,しまむら,合格,合格,,
61026006435,2026-03-25,2026-03-27,南通?川服飾有限公司,,,,Y4632WA ,ハーフパンツ(セミフレア),N2オートミールスピンドル、製品,しまむら,合格,合格,,
Q2726004143,2026-03-25,2026-03-27,青&#23707;&#31166;金源&#32463;&#36152;有限公司（??&#21326;源）(青&#23707;恒新山),子供ナイティー,,子供ナイティー,66636JR ,パジャマ,63-1、N9,しまむら,合格,,,
61026006403,2026-03-25,2026-03-27,南通?川服飾有限公司,,,,F5637WZ ,,63サックス、N3グレー(杢),しまむら,,合格,,
61026006399,2026-03-25,2026-03-27,祥安服装如&#19996;有限公司,岡山,,平松,KP613SQ/B26319R   No.1:CG-26RB   No.2/3:CG-34SRC ,ゴム(Reebok 血行促進 紳士 ロングスパッツ/サンリオ×ヒヤロン ボクサー),ブラック、ホワイト,しまむら,合格,,,
61026006396,2026-03-25,2026-03-25,上海昊客商&#36152;有限公司,,,,RW630PZ  R2630PZ　RT63YPZ ,,63サックス、67ネイビー,しまむら,合格,,,
61026006375,2026-03-25,2026-03-27,祥安服装如&#19996;有限公司,岡山,,平松,BW621EQ/CNRT4 ,,N9ブラック,しまむら,合格,,,
61026006408,2026-03-25,2026-03-27,南通?川服飾有限公司,,,,F5635WZ ,Tシャツ,13アイボリー、17モカチャ,しまむら,,合格,,
61026006446,2026-03-25,2026-03-27,南通?川服飾有限公司,,,,Y5639AA ,半袖DROP T,製品、黒刺繍、黒刺繍糸,しまむら,合格,合格,,
61026006451,2026-03-25,2026-03-27,上海星雅服&#39280;有限公司,岡山,,西堀,7K630DR ,うさまる ベビーフリース ティッシュカバー,03ピンク本体、03ピンク裏地、10オフホワイト本体、10オフホワイト裏地、製品、ブラウン刺繍(10オフホワイトと03ピンク共通)、ワッペン刺繍(10オフホワイトと03ピンク共通),しまむら,合格,合格,,
Q2726004305,2026-03-25,2026-03-27,青&#23707;&#31166;金源&#32463;&#36152;有限公司（??&#21326;源）(青&#23707;恒新山),子供ナイティー,,子供ナイティー,666320R ,パジャマ,57-4、N9,しまむら,合格,,,
Q2726004330,2026-03-25,2026-03-27,Grand Concord Garment(Hong Kong) Limited&#35832;城裕泰&#38024;&#32455;有限公司（广豪）,アンダーウェア,,婦人アンダーウェア　笹田,9K627DR/9N628DR ,インナー,N3、N9,しまむら,合格,,,
Q2726004242,2026-03-25,2026-03-27,青&#23707;紫?国&#38469;&#36152;易有限公司,ライフグッズ,,ライフグッズ,1P6118B ,巾着,05本体、10本体、35本体、65本体、濃ピンク紐、イエロー紐、ブラウン紐,しまむら,合格,,,
Q2726004241,2026-03-25,2026-03-27,青&#23707;紫?国&#38469;&#36152;易有限公司,ライフグッズ,,ライフグッズ,1P6528B ,巾着,03本体、63本体、82本体、ピンク紐、ローズ紐,しまむら,合格,,,
Q2726004359,2026-03-25,2026-03-27,青&#23707;紫?国&#38469;&#36152;易有限公司,ライフグッズ,,ライフグッズ,1T6339A ,収納ボックス,黄
パイピング、黄&#9312;本体、黄&#9313;本体、黄&#9314;本体、黄無地本体、黄裏地、ブルー
パイピング、ブルー&#9312;本体、ブルー&#9313;本体、ブルー&#9314;本体、ブルー&#9315;本体、ブルー無地本体、ブルー裏地,しまむら,合格,,,
Q2726004357,2026-03-25,2026-03-27,青&#23707;紫?国&#38469;&#36152;易有限公司,ライフグッズ,,ライフグッズ,1T6208A ,収納ボックス,黄裏地、黄パイピング、グレー
パイピング、グレー本体、グレー裏地、ピンク本体、ベージュ本体、ライトグレー動物×英字本体、ライトグレー動物本体、ライトグレー文字本体,しまむら,合格,,,
Q2726004380,2026-03-25,2026-03-27,&#35832;城和&#35802;服装&#38024;&#32455;有限公司,紳士ナイティー,,紳士ナイティー,116350R ,紳士パジャマ,63製品、67製品、白シックテープ、ネイビー
パイピング,しまむら,合格,合格,,
Q2726004114,2026-03-25,2026-03-27,高密亨利制衣有限公司,アンダーウェア,,婦人アンダーウェア　笹田,9H626QR ,ショーツ,ピンク製品、ピンクマチ、ブラック
ウエストゴム、ブラック&#9312;製品、ブラック&#9313;製品、ブラック本体,しまむら,合格,合格,,
Q2726004253,2026-03-25,2026-03-27,青&#23707;朗和国&#38469;&#36152;易有限公司,レディ－スカジュアル,,レディ-スカジュアル,A4621ER ,ODメッシュロングP,67本体、67紐、白シックテープ,しまむら,合格,合格,,
61026006450,2026-03-25,2026-03-27,上海星雅服&#39280;有限公司,岡山,,西堀,7K631GR ,うさまる ベビーフリース ティッシュカバー,10オフホワイト/33クリーム☆、10オフホワイト本体、10オフホワイト裏地、10オフホワイトアップリケ刺繍、33クリーム☆、33クリーム本体、33クリーム裏地、製品,しまむら,合格,合格,,
Q2726004183,2026-03-25,2026-03-27,青&#23707;&#31166;金源&#32463;&#36152;有限公司（??&#21326;源）(青&#23707;恒新山),メンズカジュアル,,メンズカジュアル,C5633MR ,紳士シャツ,N0用刺繍
ワッペン、N9A用刺繍
ワッペン、N9B用刺繍
ワッペン、黒本体、黒リブ,しまむら,合格,合格,,
Q2726004257,2026-03-25,2026-03-27,伊藤忠??&#36152;易(中国)有限公司青&#23707;分公司,レディ－スカジュアル,,レディ-スカジュアル,D26312R(CA13036H) ,【ラクっとキレイ】クイックパンツストレートL66,N9ブラック,しまむら,,合格,,
Q2726004245,2026-03-25,2026-03-27,青&#23707;紫?国&#38469;&#36152;易有限公司,ライフグッズ,,ライフグッズ,1T6359A/1T6349A/1P6379A/1T6369A/1P6389A ,おにぎりバッグ、保冷トートバッグ、保冷カバー、保冷バッグ、折りたたみバッグ,イエロー
太テープ、イエロー
細テープ、イエロー
ワンポイント&#9312;、イエロー
ワンポイント&#9313;、イエロー、イエロー紐、イエロー総柄、ベージュ
ワンポイント&#9312;、ベージュ
ワンポイント&#9313;、ベージュ、ベージュ総柄、マスタード紐、モカ太テープ、モカ細テープ,しまむら,合格,,,
Q2726004255,2026-03-25,2026-03-27,伊藤忠??&#36152;易(中国)有限公司青&#23707;分公司,レディ－スカジュアル,,レディ-スカジュアル,D26313R(CA13036H) ,【ラクっとキレイ】クイックパンツテーパードL66,N9,しまむら,,合格,,
61026006405,2026-03-25,2026-03-27,南通?川服飾有限公司,,,,F5636WZ ,,13アイボリー、17モカチャ,しまむら,,合格,,
61526006329,2026-03-25,2026-03-27,南通新恒祥&#32442;&#32455;服装有限公司,岡山,,?田,306340R ,,製品,しまむら,,合格,,
61526006362,2026-03-25,2026-03-27,上海&#39134;&#39532;&#36827;出口有限公司,岡山,,和田 ,X5631MA ,丸首半袖T,N9A ブラック、N9A ブラック本体、N9A ブラックリブ,しまむら,合格,合格,,
61526006327,2026-03-25,2026-03-27,南通新恒祥&#32442;&#32455;服装有限公司,岡山,,?田,316310R ,,製品,しまむら,,合格,,
61526006314,2026-03-25,2026-03-27,上海&#39134;&#39532;&#36827;出口有限公司,岡山,,飼田,F5620YZ/F5621YZ/F5622YZ ,生地(半袖Tシャツ),55グリーン天竺、55グリーンリブ、65ブルー天竺、65ブルーリブ、N0ホワイト天竺、N0ホワイトリブ、N1アイスグレー天竺、N1アイスグレーリブ、N3グレー天竺、N3グレーリブ、N8クロ天竺、N8クロリブ,しまむら,合格,,,
61526006322,2026-03-25,2026-03-27,南通新恒祥&#32442;&#32455;服装有限公司,岡山,,?田,386431R ,パジャマ,03ピンク,しまむら,,合格,,
61526006324,2026-03-25,2026-03-27,南通新恒祥&#32442;&#32455;服装有限公司,岡山,,岡田,306360R ,,63サックス,しまむら,,合格,,
61526006365,2026-03-25,2026-03-27,南通新恒祥&#32442;&#32455;服装有限公司,岡山,,?田,306380R ,,54エメグリーン,しまむら,,合格,,
61526006384,2026-03-25,2026-03-27,上海&#39134;&#39532;&#36827;出口有限公司,岡山,,和田,X5630MA ,丸首半袖T,N9A ブラック、N9A ブラック本体、N9A ブラックリブ,しまむら,合格,合格,,
61526006387,2026-03-25,2026-03-27,南通新恒祥&#32442;&#32455;服装有限公司,岡山,,岡田,306390R ,パジャマ,製品,しまむら,,合格,,
61526006210,2026-03-24,2026-03-27,上海&#39134;&#39532;&#36827;出口有限公司,岡山,,飼田,G5633JR ,,製品、アイボリーゴム,しまむら,合格,合格,,
61526006212,2026-03-24,2026-03-26,上海&#39134;&#39532;&#36827;出口有限公司,岡山,,飼田,G5632JR ,Tシャツ,N2オートミール刺繍、製品,しまむら,合格,合格,,
Q2726004282,2026-03-24,2026-03-26,&#35832;城和&#35802;服装&#38024;&#32455;有限公司,紳士ナイティー,,紳士ナイティー,116330R ,紳士パジャマ,67製品、N3製品、シロシックテープ、ネイビーパイピング,しまむら,合格,合格,,
Q2726004273,2026-03-24,2026-03-27,青&#23707;&#31166;金源&#32463;&#36152;有限公司（??&#21326;源）(青&#23707;恒新山),キッズカジュアル,,キッズカジュアル,F563CQZ ,シャツ,10製品、57製品、黒×白
織ワッペン,しまむら,合格,合格,,
Q2726004271,2026-03-24,2026-03-26,青&#23707;朗和国&#38469;&#36152;易有限公司,レディ－スカジュアル,,レディ-スカジュアル,A5632MR ,MLBボーダー半袖T,15リブ、67本体、67製品、赤×紺
ワッペン、イエロー刺繍、ネイビー刺繍、ブルー刺繍,しまむら,合格,合格,,
Q2726004277,2026-03-24,2026-03-27,青&#23707;&#31166;金源&#32463;&#36152;有限公司（??&#21326;源）(青&#23707;恒新山),キッズカジュアル,,キッズカジュアル,G5630WD ,Tシャツ,N9本体、N9リブ,しまむら,合格,合格,,
Q2726004319,2026-03-24,2026-03-27,大?&#39536;毅服&#39280;科技&#21457;展有限公司,アンダーウェア,,婦人アンダーウェア　笹田,9L62JRR ,ハーフトップ+ショーツ,N7チャコール
ショーツ、N7チャコール
ハーフトップ、N9ブラック
ショーツ、N9ブラック
ハーフトップ,しまむら,,合格,,
Q2726004321,2026-03-24,2026-03-26,青&#23707;&#31166;金源&#32463;&#36152;有限公司（??&#21326;源）(青&#23707;恒新山),レディ－スカジュアル,,レディ-スカジュアル,Y5638RR/Y5639RR ,生地,67リブ、N9リブ、白刺、白衿テープ、黒刺、ネイビー刺,しまむら,合格,,,
Q2726004346,2026-03-24,2026-03-26,青&#23707;&#31166;金源&#32463;&#36152;有限公司（??&#21326;源）(青&#23707;恒新山),キッズカジュアル,,キッズカジュアル,G5631WD ,Tシャツ,55本体、55リブ,しまむら,合格,合格,,
Q2726004324,2026-03-24,2026-03-24,Grand Concord Garment(Hong Kong) Limited&#35832;城裕泰&#38024;&#32455;有限公司（广豪）,アンダーウェア,,婦人アンダーウェア　笹田,9K62TDR ,婦人ハーフトップ,67製品、N9製品、黒×オフ
衿テープ、黒本体、黒カップ下バインダー、黒ゴム、黒パイピング、黒マーキ、黒メッシュ、ネイビー
ゴム、ネイビー
パイピング、ネイビーカップ下バインダー,しまむら,合格,合格,,
61026006225,2026-03-24,2026-03-26,上海星雅服&#39280;有限公司,岡山,,西堀,7X631GR ,,製品,しまむら,,合格,,
Q2726004313,2026-03-24,2026-03-26,Grand Concord Garment(Hong Kong) Limited&#35832;城裕泰&#38024;&#32455;有限公司（广豪）,アンダーウェア,,婦人アンダーウェア　笹田,9M62BHR ,タンクトップ,10製品、67製品、N9製品、白レース、黒本体、黒レース、ネイビー
レース,しまむら,合格,合格,,
61026006292,2026-03-24,2026-03-26,上海星雅服&#39280;有限公司,岡山,,西堀,7J633GR ,お文具ベビーフリース45クッション,33クリームインクジェットpt+刺繍、製品、黒刺繍(10オフホワイトと33クリーム共通),しまむら,合格,合格,,
61026006297,2026-03-24,2026-03-26,?家港市佳怡&#31166;服&#39280;有限公司,岡山,,田中,A4631MR ,ハーフパンツ,N9ブラック本体、製品、イエロー刺繍、ブラックゴム、ホワイト刺繍,しまむら,合格,合格,,
Q2726004251,2026-03-24,2026-03-26,青&#23707;朗和国&#38469;&#36152;易有限公司,レディ－スカジュアル,,レディ-スカジュアル,A4622ZR ,OPパイピングロングP,N7本体、白シックテープ、黒紐、グレー
パイピング、チャコール紐,しまむら,合格,合格,,
61026006329,2026-03-24,2026-03-26,?家港市佳怡&#31166;服&#39280;有限公司,岡山,,田中,A4632PR/A4633PR/A4637ER/A4638ER ,スピンドル、テープ(ショートパンツ),54カーキスピンドル、67ネイビースピンドル、N9ブラックスピンドル、イエロー×クロスピンドル、オレンジスピンドル、オレンジテープ、カーキスピンドル、カーキテープ、ブラック×オフスピンドル,しまむら,合格,,,
Q2726004048,2026-03-24,2026-03-26,青&#23707;依美&#26102;尚国&#38469;&#36152;易有限公司,レディ－スカジュアル,,レディ-スカジュアル,Y6631MA/Y6630EA/Y6630ZA ,生地,N0、N9,しまむら,合格,,,
Q2726003525,2026-03-24,2026-03-26,青&#23707;&#31166;金源&#32463;&#36152;有限公司（??&#21326;源）(青&#23707;恒新山),キッズカジュアル,,キッズカジュアル,R5630UR ,T SHIRT,N7,しまむら,,合格,,
Q2726003628,2026-03-24,2026-03-26,青&#23707;&#31166;金源&#32463;&#36152;有限公司（??&#21326;源）(青&#23707;恒新山),キッズカジュアル,,キッズカジュアル,R5630WR ,Tシャツ,03,しまむら,,合格,,
Q2726004249,2026-03-24,2026-03-27,青&#23707;朗和国&#38469;&#36152;易有限公司,レディ－スカジュアル,,レディ-スカジュアル,A4631ZR ,婦人パンツ,N9製品、白シックテープ、黒ひも、黒本体、チャコールひも、ネイビー
ひも,しまむら,合格,合格,,
50125006417,2026-03-24,2026-03-26,株式会社播,,,高瀬,[8B301R]AF2650(製品品番:126360R) ,パジャマ,63サックス,しまむら,合格,,,
61026006255,2026-03-24,2026-03-26,祥安服装如&#19996;有限公司,岡山,,平松,BW6B38Z/BW6C2ER/BW632ER/BW623CR/BW624CR/BW6E4SR/BW6E5SR/B4683ZR/BW6B48Z ,生地(マインクラフト 男児2Pボクサー/MLB2Pボクサー),67ネイビー、N7チャコール、N9ブラック,しまむら,合格,,,
Q2726004078,2026-03-23,2026-03-25,山&#19996;省&#28493;坊市&#36827;出口有限公司,子供ナイティー,,子供ナイティー,6663V8R ,パジャマ,65製品、白シックテープ、ブルーリブ,しまむら,合格,合格,,
61026006196,2026-03-23,2026-03-25,江?嘉晟&#36827;出口&#36152;易有限公司,岡山,,唐木,5G6D28Z  ,あつまれプラレールズ 男児アンクル丈ソックス3P,A-1 03ピンク、A-2 64スカイブルー、A-3 N2オートミール、B-1 01サーモン、B-2 33クリーム、B-3 65ブルー,しまむら,合格,合格,,
Q2726004116,2026-03-23,2026-03-25,高密亨利制衣有限公司,アンダーウェア,,婦人アンダーウェア　笹田,9S625QR ,サニタリーショーツ,N9本体、N9製品、N9ゴム,しまむら,合格,合格,,
Q2726004112,2026-03-23,2026-03-25,高密亨利制衣有限公司,アンダーウェア,,婦人アンダーウェア　笹田,9H627QR ,スタンダードショーツ,黒×白製品、黒×白ゴム、黒×紫製品、黒身生地、ラベンダー総柄製品,しまむら,合格,合格,,
61026006113,2026-03-23,2026-03-25,南通?川服飾有限公司,,,,Y4631WA ,ショートパンツ,刺繍、製品、ブラック本体,しまむら,合格,合格,,
61026006111,2026-03-23,2026-03-25,南通?川服飾有限公司,,,,Y5632UA ,半袖DROP T,N2オートミール,しまむら,,合格,,
61026006124,2026-03-23,2026-03-25,上海星雅服&#39280;有限公司,岡山,,西堀,7K630DR/7K631GR ,,03ピンク本体、03ピンク裏地、10オフホワイト本体、10オフホワイト裏地、33クリーム本体、33クリーム裏地,しまむら,合格,,,
Q2726004130,2026-03-23,2026-03-25,山&#19996;省&#28493;坊市&#36827;出口有限公司,子供ナイティー,,子供ナイティー,7163U8R ,パジャマ,13製品、白シックテープ、アイボリーリボン,しまむら,合格,合格,,
61026006183,2026-03-23,2026-03-25,上海星雅服&#39280;有限公司,岡山,,西堀,7J632GR ,お文具 ベビーフリース 腰当てクッション,63サックス,しまむら,,合格,,
Q2726004120,2026-03-23,2026-03-25,青&#23707;&#31166;金源&#32463;&#36152;有限公司（??&#21326;源）(青&#23707;恒新山),レディ－スカジュアル,,レディ-スカジュアル,A4633ZR/A5638ZR ,天竺,67、N9,しまむら,合格,,,
Q2726004128,2026-03-23,2026-03-25,山&#19996;省&#28493;坊市&#36827;出口有限公司,子供ナイティー,,子供ナイティー,7663X8R ,パジャマ,83製品、白シックテープ、紫リブ,しまむら,合格,合格,,
Q2726004049,2026-03-23,2026-03-25,山&#19996;省&#28493;坊市&#36827;出口有限公司,子供ナイティー,,子供ナイティー,6663WJR ,パジャマ,65製品、白シックテープ、ブルー袖、ブルーリブ,しまむら,合格,合格,,
61026006162,2026-03-23,2026-03-25,南通?川服飾有限公司,,,,Y4630AA ,ショートパンツ,N2オートミール、製品,しまむら,合格,合格,,
61026006169,2026-03-23,2026-03-25,南通?川服飾有限公司,,,,Y5633UA ,,製品、ブラウン前身刺繍、ブラウン熊刺繍,しまむら,合格,合格,,
61026006182,2026-03-23,2026-03-25,上海星雅服&#39280;有限公司,岡山,,西堀,7J630DR ,うさまる　ベビーフリース 腰当てクッション,83パープル,しまむら,,合格,,
61026006144,2026-03-23,2026-03-26,如皋帝晨服&#39280;有限公司,岡山,,,6663CPR ,,13アイボリー,しまむら,,合格,,
61026006141,2026-03-23,2026-03-25,上海涵浚?&#19994;有限公司,岡山,,小野寺,1P6228A ,生地(ぬいぐるみパスケース),サックスヒモ、ピンク本体(内容物と接触)、ピンク裏地、ピンクヒモ、ホワイト本体(内容物と接触)、ホワイト裏地,しまむら,合格,,,
Q2726004118,2026-03-23,2026-03-25,高密亨利制衣有限公司,アンダーウェア,,婦人アンダーウェア　笹田,9S626QR ,サニタリーショーツ,N9製品、N9身生地、黒×紫ゴム,しまむら,合格,合格,,
61026006126,2026-03-23,2026-03-25,南通?川服飾有限公司,,,,Y4633WR ,,N9ブラック本体、製品,しまむら,合格,合格,,
61026006129,2026-03-23,2026-03-25,江?嘉晟&#36827;出口&#36152;易有限公司,岡山,,唐木,5G6DP8Z ,あつまれプラレールズ ベビーアンクル丈ソックス3P,A-1 03ピンク、A-2 64スカイブルー、A-3 N2オートミール、B-1 01サーモン、B-2 33クリーム、B-3 65ブルー,しまむら,合格,合格,,
61026006177,2026-03-23,2026-03-25,如皋帝晨服&#39280;有限公司,岡山,,藤?,6663Y9R  CK6-3272 ,ワッフル（パジャマ）,14ベージュ,しまむら,合格,,,
61026006125,2026-03-23,2026-03-25,上海星雅服&#39280;有限公司,岡山,,西堀,7J631DR ,生地(うさまる ベビーフリース 45クッション),03ピンク柄、10オフホワイト柄、10ホワイト無地,しまむら,合格,,,
Q2726004239,2026-03-23,2026-03-25,青&#23707;紫?国&#38469;&#36152;易有限公司,ライフグッズ,,ライフグッズ,1T6A38A ,エコバッグ,03本体、65本体　、N0本体、N0ポケット、N9本体、N9ポケット、黄裏地、黒裏地、ピンク裏地、ブルー裏地,しまむら,合格,,,
Q2726004236,2026-03-23,2026-03-25,青&#23707;紫?国&#38469;&#36152;易有限公司,ライフグッズ,,ライフグッズ,1T6A58A ,ポケッタブルトートバッグ,黄裏地、黄テープ、黒本体、アイボリー
パイピング、アイボリー本体、チャコール
パイピング、チャコール裏地、チャコールテープ、ブルー
パイピング、ブルー本体、ブルー裏地、ブルーテープ,しまむら,合格,,,
Q2726004269,2026-03-23,2026-03-25,青&#23707;朗和国&#38469;&#36152;易有限公司,レディ－スカジュアル,,レディ-スカジュアル,A5633MR ,MLBラグラン半袖T,N2製品、赤×紺
ワッペン、黒刺繍、黒本体、黒リブ、ネイビー刺繍,しまむら,合格,合格,,
Q2726003889,2026-03-23,2026-03-26,青&#23707;朗和国&#38469;&#36152;易有限公司,レディ－スカジュアル,,レディ-スカジュアル,A5638ER ,ODパンダ半袖T,82製品、ピンク×黒刺繍、ブルー×黒刺繍,しまむら,合格,合格,,
Q2726004222,2026-03-23,2026-03-25,青&#23707;呈?服装有限公司,メンズカジュアル,,メンズカジュアル,X4630WR ,紳士パンツ,N9本体、N9製品、ブラック腰紐,しまむら,合格,合格,,
Q2726004216,2026-03-23,2026-03-25,青&#23707;朗和国&#38469;&#36152;易有限公司,レディ－スカジュアル,,レディ-スカジュアル,A5637ZR ,CL胸ストーン半袖T,N9ブラック本体、N9ブラック製品,しまむら,合格,合格,,
Q2726004218,2026-03-23,2026-03-25,青&#23707;朗和国&#38469;&#36152;易有限公司,レディ－スカジュアル,,レディ-スカジュアル,A5639ER ,ODシマエナガ半袖T,N8クロ本体、N8クロ製品、N8クロリブ,しまむら,合格,合格,,
Q2726004220,2026-03-23,2026-03-25,青&#23707;伊美瑛国&#38469;&#36152;易有限公司,レディ－スカジュアル,,レディ-スカジュアル,Y5637RR ,Tシャツ,N9製品、白刺繍、黒刺繍,しまむら,合格,合格,,
Q2726004024,2026-03-23,2026-03-24,大?&#39536;毅服&#39280;科技&#21457;展有限公司,アンダーウェア,,婦人アンダーウェア　笹田,9L62JRR ,生地,N7本体、N7裏地、N7クロッチ　、N9本体、N9裏地、N9クロッチ　,しまむら,合格,,,
Q2726002349,2026-03-23,2026-03-25,青&#23707;紫?国&#38469;&#36152;易有限公司,ライフグッズ,,ライフグッズ,1T6198A ,折りたたみショッピングバッグ,淡黄裏地、白地総柄本体、黄地総柄本体、黄裏地、ブラウン テープ、ブラウン紐、ブラウン裏地、ベージュ テープ、ベージュ紐,しまむら,合格,,,
Q2726003893,2026-03-23,2026-03-25,青&#23707;朗和国&#38469;&#36152;易有限公司,レディ－スカジュアル,,レディ-スカジュアル,A5634PR ,POLO異素材ドッキング半袖T,N9本体、N9製品、白刺繍、ネイビー刺繍,しまむら,合格,合格,,
Q2726003886,2026-03-23,2026-03-25,青&#23707;&#31166;金源&#32463;&#36152;有限公司（??&#21326;源）(青&#23707;恒新山),子供ナイティー,,子供ナイティー,76630RR ,パジャマ,83製品、白シックテープ、ネイビー本体、パープルリブ,しまむら,合格,合格,,
Q2726004214,2026-03-23,2026-03-26,大?万林&#36827;出口有限公司（大?佳林）（大?裕森）服装有限公司,メンズカジュアル,,メンズカジュアル,HY1527X（KF-21S-009） ,ヒヤロンナイロン2Wayイージーパンツ,N8ひも、N9ひも、N9製品,しまむら,合格,合格,,
Q2726004134,2026-03-23,2026-03-25,山&#19996;省&#28493;坊市&#36827;出口有限公司,子供ナイティー,,子供ナイティー,7163VWR ,パジャマ,03製品、白シックテープ、ピンクリボン,しまむら,合格,合格,,
Q2726003891,2026-03-23,2026-03-25,青&#23707;朗和国&#38469;&#36152;易有限公司,レディ－スカジュアル,,レディ-スカジュアル,A5635PR ,POLO胸ワンポイント半袖T,14刺繍、N7刺繍、N7本体、N7製品,しまむら,合格,合格,,
Q2726004197,2026-03-23,2026-03-26,Grand Concord Garment(Hong Kong) Limited&#35832;城裕泰&#38024;&#32455;有限公司（广豪）,アンダーウェア,,婦人アンダーウェア　笹田,9N62DRR ,カップ付きタンクトップ,63製品、N9製品、白マーキ、黒本体、黒カップ、黒カップ下
バインダー、黒ゴム、黒マーキ、サックスゴム、ベージュ
カップ、ベージュカップ下バインダー,しまむら,合格,合格,,
Q2726004195,2026-03-23,2026-03-25,Grand Concord Garment(Hong Kong) Limited&#35832;城裕泰&#38024;&#32455;有限公司（广豪）,アンダーウェア,,婦人アンダーウェア　笹田,9M62CHR ,タンクトップ,10製品、63製品、N9製品、白レース、黒本体、黒レース、サックスレース,しまむら,合格,合格,,
Q2726004178,2026-03-23,2026-03-25,青&#23707;&#31166;金源&#32463;&#36152;有限公司（??&#21326;源）(青&#23707;恒新山),レディ－スカジュアル,,レディ-スカジュアル,Y5638WA ,生地,白天竺、白リブ、黒刺繍,しまむら,合格,,,
Q2726004211,2026-03-23,2026-03-26,青&#23707;&#31166;金源&#32463;&#36152;有限公司（??&#21326;源）(青&#23707;恒新山),キッズカジュアル,,キッズカジュアル,R563BPZ/RT63WPZ/RT63ZPZ/RT63UPZ ,T SHIRT,10(11-4300TPX)天竺、10(11-4300TPX)リブ、13
(11-0107TPX)リブ、13(11-0107TPX)天竺、14天竺、14スムース、14リブ、63(14-4307TPX)天竺、63(14-4307TPX)リブ、67(19-3925TPX)天竺、67(19-3925TPX)リブ、67裏毛、67ボーダー,しまむら,合格,,,
Q2726004132,2026-03-23,2026-03-25,山&#19996;省&#28493;坊市&#36827;出口有限公司,子供ナイティー,,子供ナイティー,7163WJR ,パジャマ,03製品、白シックテープ、ピンクリボン,しまむら,合格,合格,,
Q2726004173,2026-03-23,2026-03-25,青&#23707;屹??工&#36152;有限?任公司,レディ－スカジュアル,,レディ-スカジュアル,J5632ZR/J5634ZR ,生地,03、63、67,しまむら,合格,,,
Q2726004204,2026-03-23,2026-03-25,青&#23707;裕?佳商&#36152;有限公司,ライフグッズ,,ライフグッズ,IZ6071B ,ベビーカーシート,14、63,しまむら,合格,,,
Q2726004206,2026-03-23,2026-03-26,青&#23707;&#31166;金源&#32463;&#36152;有限公司（??&#21326;源）(青&#23707;恒新山),レディ－スカジュアル,,レディ-スカジュアル,A4630ER/A4630PR/A4621RR ,綿タッチツイル,N9,しまむら,合格,,,
Q2726004199,2026-03-23,2026-03-25,Grand Concord Garment(Hong Kong) Limited&#35832;城裕泰&#38024;&#32455;有限公司（广豪）,アンダーウェア,,婦人アンダーウェア　笹田,9K623DR ,婦人ハーフトップ,67製品、N9製品、黒本体、黒ゴム、ネイビーゴム,しまむら,合格,合格,,
Q2726004201,2026-03-23,2026-03-25,Grand Concord Garment(Hong Kong) Limited&#35832;城裕泰&#38024;&#32455;有限公司（广豪）,アンダーウェア,,婦人アンダーウェア　笹田,9K623QR/94620QR ,生地,63,しまむら,合格,,,
Q2726004209,2026-03-23,2026-03-25,青&#23707;&#31166;金源&#32463;&#36152;有限公司（??&#21326;源）(青&#23707;恒新山),子供ナイティー,,子供ナイティー,6X637UR/6P637UR/6J637UR ,生地,13本体、63本体、アイボリー
パイピング、サックス
パイピング、ブルー
パイピング,しまむら,合格,,,
Q2726004099,2026-03-20,2026-03-24,高密亨利制衣有限公司,アンダーウェア,,婦人アンダーウェア　笹田,9S6239R ,サニタリーショーツ,N9製品、N9身生地、黒×シロゴム,しまむら,合格,合格,,
Q2726004101,2026-03-20,2026-03-24,高密亨利制衣有限公司,アンダーウェア,,婦人アンダーウェア　笹田,9S6229R ,サニタリーショーツ,N9製品、N9身生地、黒×シロゴム,しまむら,合格,合格,,
Q2726004072,2026-03-20,2026-03-24,&#35832;城和&#35802;服装&#38024;&#32455;有限公司,紳士ナイティー,,紳士ナイティー,116330R ,紳士パジャマ,67、N3,しまむら,合格,,,
Q2726004075,2026-03-20,2026-03-24,山&#19996;省&#28493;坊市&#36827;出口有限公司,婦人ナイティー,,婦人ナイティー,406408R ,パジャマ,83、N3,しまむら,合格,,,
Q2726004093,2026-03-20,2026-03-20,Grand Concord Garment(Hong Kong) Limited&#35832;城裕泰&#38024;&#32455;有限公司（广豪）,アンダーウェア,,婦人アンダーウェア　笹田,9M622DR/9K623DR ,生地,黒×オフ
テープ,しまむら,合格,,,
Q2726004070,2026-03-20,2026-03-24,&#35832;城和&#35802;服装&#38024;&#32455;有限公司,紳士ナイティー,,紳士ナイティー,116360R ,紳士パジャマ,67、N3,しまむら,合格,,,
Q2726004088,2026-03-20,2026-03-24,青&#23707;&#31166;金源&#32463;&#36152;有限公司（??&#21326;源）(青&#23707;恒新山),キッズカジュアル,,キッズカジュアル,G5630DZ/G5631DZ ,Tシャツ,05本体、05リブ、10本体、10リブ、82本体、82リブ,しまむら,合格,,,
Q2726004106,2026-03-20,2026-03-24,高密亨利制衣有限公司,アンダーウェア,,婦人アンダーウェア　笹田,9H6219R ,スタンダードショーツ,N9ブラック(中)製品、N9ブラック(右)製品、N9ブラック(左)製品、N9ブラック本体、ブラックゴム,しまむら,合格,合格,,
Q2726004096,2026-03-20,2026-03-24,高密市明&#35802;服&#39280;有限公司,アンダーウェア,,婦人アンダーウェア　笹田,9H620MR/9H620QR/9H622QR/9H624QR ,ショーツ,黄ゴム
gudetama、黒×赤ゴム
HELLO KITTY、黒×オフゴム
HELLO KITTY、黒クロッチ　、黒ゴム
gudetama、黒ゴム
pochacco、黒テープ、グレークロッチ　、グレーゴム
miffy、グレーテープ、サックスクロッチ　、サックステープ、ネイビーゴム
miffy、ピンククロッチ　、ピンクテープ、ブルーゴム
pochacco,しまむら,合格,,,
Q2726004094,2026-03-20,2026-03-24,Grand Concord Garment(Hong Kong) Limited&#35832;城裕泰&#38024;&#32455;有限公司（广豪）,アンダーウェア,,婦人アンダーウェア　笹田,9M622DR ,長袖,67ネイビー製品、N9ブラック本体、N9ブラック製品,しまむら,合格,合格,,
Q2726004080,2026-03-20,2026-03-24,山&#19996;省&#28493;坊市&#36827;出口有限公司,子供ナイティー,,子供ナイティー,7663ZJR ,パジャマ,03製品、白シックテープ、ピンクリブ,しまむら,合格,合格,,
Q2726004097,2026-03-20,2026-03-24,高密亨利制衣有限公司,アンダーウェア,,婦人アンダーウェア　笹田,9S624MR ,サニタリーショーツ,N9本体、N9製品、N9ゴム、白刺繍,しまむら,合格,合格,,
Q2726004043,2026-03-20,2026-03-25,青&#23707;朗和国&#38469;&#36152;易有限公司,レディ－スカジュアル,,レディ-スカジュアル,A4632ZR ,Phiten ロングP,67、N9,しまむら,合格,,,
Q2726004068,2026-03-20,2026-03-24,&#35832;城和&#35802;服装&#38024;&#32455;有限公司,紳士ナイティー,,紳士ナイティー,116310R ,紳士パジャマ,N3,しまむら,合格,,,
Q2726004104,2026-03-20,2026-03-24,高密亨利制衣有限公司,アンダーウェア,,婦人アンダーウェア　笹田,9H6209R ,スタンダードショーツ,黒×白ゴム、黒×赤製品、黒×黒製品、黒本体、グレー製品、グレークロッチ、グレーテープ,しまむら,合格,合格,,
61526005986,2026-03-20,2026-03-24,上海&#39134;&#39532;&#36827;出口有限公司,岡山,,和田 ,X4620RA/X4620MA ,,N9ブラック,しまむら,合格,,,
Q2726004126,2026-03-20,2026-03-24,山&#19996;省&#28493;坊市&#36827;出口有限公司,子供ナイティー,,子供ナイティー,7663YWR ,パジャマ,13製品、白シックテープ、ピンクリブ,しまむら,合格,合格,,
Q2726004163,2026-03-20,2026-03-24,南京平吉&#36152;易有限公司,レディ－スカジュアル,,レディ-スカジュアル,J6634TR ,婦人シャツ,67製品、ネイビー無地裏衿・袖口、ネイビーボーダー本体,しまむら,合格,合格,,
Q2726004161,2026-03-20,2026-03-24,南京平吉&#36152;易有限公司,レディ－スカジュアル,,レディ-スカジュアル,J6633TR ,婦人シャツ,67無地本体、67ボーダー本体,しまむら,合格,合格,,
Q2726004046,2026-03-20,2026-03-24,青&#23707;朗和国&#38469;&#36152;易有限公司,レディ－スカジュアル,,レディ-スカジュアル,A563CZR ,Phiten 半袖T,03、N9,しまむら,合格,,,
61026006014,2026-03-20,2026-03-24,上海昊客商&#36152;有限公司,,,?山,F5638QZ ,生地(丸首半袖T),57カーキ天竺、57カーキリブ、N2オートミール天竺、N2オートミールリブ、N9ブラック天竺、N9ブラックリブ,しまむら,合格,,,
61026006010,2026-03-20,2026-03-23,祥安服装如&#19996;有限公司,岡山,,平松,KH6329R/CG-1GH ,,ブラック,しまむら,合格,,,
Q2726004064,2026-03-20,2026-03-24,&#35832;城和&#35802;服装&#38024;&#32455;有限公司,紳士ナイティー,,紳士ナイティー,116350R ,紳士パジャマ,63、67,しまむら,合格,,,
Q2726004066,2026-03-20,2026-03-24,&#35832;城和&#35802;服装&#38024;&#32455;有限公司,紳士ナイティー,,紳士ナイティー,116320R ,紳士パジャマ,67,しまむら,合格,,,
61026006052,2026-03-20,2026-03-24,海&#23425;宇力&#19994;有限公司,岡山,,唐木,5G6B58R ,男児アンクル3P,A-1 55グリーン、A-2 83パープル、A-3 25オレンジ、B-1 N9ブラック、B-2 N8クロ、B-3 N7チャコール、C-1 52ターコ、C-2 83パープル、C-3 N3グレー、D-1 N7チャコール、D-2 N6チャコールグレー、D-3 N3グレー,しまむら,合格,合格,,
Q2726003872,2026-03-20,2026-03-24,青&#23707;朗和国&#38469;&#36152;易有限公司,レディ－スカジュアル,,レディ-スカジュアル,A6630ZR ,Phiten　NPUジップパーカー,67、N3,しまむら,合格,,,
61526005782,2026-03-20,2026-03-27,上海&#39134;&#39532;&#36827;出口有限公司,岡山,,飼田,E5630LZ/E5631LZ/E5630YZ/E5631YZ/E5632YZ/E5630BZ/E5631BZ/E5632BZ ,生地(Tシャツ+半袖Tシャツ),10オフホワイト本体、10オフホワイトリブ、25オレンジ本体、25オレンジリブ、52ターコイズ本体、52ターコイズリブ、55グリーン本体、55グリーンリブ、63サックス本体、63サックスリブ、65ブルー本体、65ブルーリブ、82ラベンダー本体、82ラベンダーリブ、N0ホワイト本体、N0ホワイトリブ、N7チャコール本体、N7チャコールリブ、N9ブラック本体、N9ブラックリブ,しまむら,合格,,,
Q1726000042,2026-03-20,2026-04-02,ヤマシタ商事株式会社,レディ－スカジュアル,,レディ-スカジュアル,Y5636ZR/YW630ZR ,ペプラムトップス/ワンピース,アイボリー、ネイビー、ブラック,しまむら,合格,,,
61026005932,2026-03-19,2026-03-23,南通?川服飾有限公司,,,,R4633PZ ,生地(ハーフパンツ),63サックス,しまむら,合格,,,
61026005950,2026-03-19,2026-03-23,如皋帝晨服&#39280;有限公司,岡山,,,21631TA ,パジャマ,67ネイビー、67ネイビー本体、67ネイビーリブ、N9ブラック、N9ブラック本体、N9ブラックリブ,しまむら,合格,合格,,
61026005946,2026-03-19,2026-03-23,南通?川服飾有限公司,,,,G5633MZ  F5638MZ  F5635WZ  F5636WZ  F5637WZ ,生地(Tシャツ/半袖T), 25オレンジ天竺、 25オレンジゴム、03ピンク編立リブ、05レッドリブ、10オフホワイト天竺、10オフホワイトリブ、13アイボリーボーダー、15ブラウン編立リブ、17モカチャ天竺、17モカチャボーダー、63サックス天竺(F5637WZ)、63サックス天竺(G5633MZ)、63サックス編立リブ、63サックスゴム、63サックスリブ、65ブルー天竺、65ブルーリブ、N3グレー天竺、N3グレーゴム、N3グレーリブ,しまむら,合格,,,
Q2726003272,2026-03-19,2026-03-23,青&#23707;&#21326;杉&#36152;易有限公司,ジーンズカジュアル,,ジーンズカジュアル,D16362R(RB036-1H) ,レディースパンツ,N9,しまむら,,合格,,
61026005931,2026-03-19,2026-03-23,如皋帝晨服&#39280;有限公司,岡山,,林,6663Z9R 6663Y9R 6663CPR  CK6-3271  CK6-3271R CK6-3273 CK6-3273R ,,10オフホワイト、13アイボリー、14ベージュ、65ブルー、ブラックワッペン,しまむら,合格,,,
Q2726003270,2026-03-19,2026-03-23,青&#23707;&#21326;杉&#36152;易有限公司,ジーンズカジュアル,,ジーンズカジュアル,D36362R(RB036-1H) ,レディースパンツ,N9中黒,しまむら,,合格,,
61026005958,2026-03-19,2026-03-25,南通?川服飾有限公司,,,,Y5637WA ,半袖DROP T,2085C淡パープル刺繍、2101Cパープル刺繍、230Cピンク刺繍、製品、黒刺繍,しまむら,合格,合格,,
Q2726003268,2026-03-19,2026-03-23,青&#23707;&#21326;杉&#36152;易有限公司,ジーンズカジュアル,,ジーンズカジュアル,D16363R(RB036-1H) ,レディースパンツ,N9中黒,しまむら,,合格,,
Q2726004013,2026-03-19,2026-03-23,Grand Concord Garment(Hong Kong) Limited&#35832;城裕泰&#38024;&#32455;有限公司（广豪）,アンダーウェア,,婦人アンダーウェア　笹田,9N62UDR ,カップ付きタンクトップ,67製品、N9製品、紺
下バインダー、紺
バインダー、紺胸下ゴム、黒
下バインダー、黒
バインダー、黒×白
衿テープ、黒本体、黒胸下ゴム、黒マーキ、黒メッシュ,しまむら,合格,合格,,
Q2726003980,2026-03-19,2026-03-23,山&#19996;省&#28493;坊市&#36827;出口有限公司,子供ナイティー,,子供ナイティー,6163VJR ,パジャマ,63製品、白シックテープ,しまむら,,合格,,
Q2726003970,2026-03-19,2026-03-23,青&#23707;吉利基&#19994;&#36152;易公司,紳士ナイティー,,紳士ナイティー,126350R ,パジャマ,67製品、N3製品、白シックテープ、白テープ、ネイビー
パイピング,しまむら,合格,合格,,
Q2726004051,2026-03-19,2026-03-23,山&#19996;省&#28493;坊市&#36827;出口有限公司,子供ナイティー,,子供ナイティー,6163U8R ,パジャマ,63サックス製品、白シックテープ,しまむら,,合格,,
Q2726004017,2026-03-19,2026-03-23,Grand Concord Garment(Hong Kong) Limited&#35832;城裕泰&#38024;&#32455;有限公司（广豪）,アンダーウェア,,婦人アンダーウェア　笹田,9K620TR ,ハーフトップ,10製品、N9製品、白×黒ゴム、黒×白テープ、黒本体,しまむら,合格,合格,,
Q2726004019,2026-03-19,2026-03-23,Grand Concord Garment(Hong Kong) Limited&#35832;城裕泰&#38024;&#32455;有限公司（广豪）,アンダーウェア,,婦人アンダーウェア　笹田,9N621TR ,カップ付きタンクトップ,10製品、N9製品、N9身生地、白
アンダーゴム、白マーキー、白メッシュ、黒×白
衿テープ、ブラックアンダーゴム、ブラックカップ、ブラックカップ下バインダー、ブラックマーキー、ブラックメッシュ、ベージュカップ、ベージュカップ下バインダー,しまむら,合格,合格,,
Q2726004041,2026-03-19,2026-03-27,青&#23707;依美&#26102;尚国&#38469;&#36152;易有限公司,レディ－スカジュアル,,レディ-スカジュアル,A4626PR ,ロングパンツ,67、N7、N9,しまむら,合格,,,
Q2726004053,2026-03-19,2026-03-23,山&#19996;省&#28493;坊市&#36827;出口有限公司,子供ナイティー,,子供ナイティー,6163WAR ,パジャマ,63サックス製品、N3グレー製品、白シックテープ,しまむら,,合格,,
Q2726004082,2026-03-19,2026-03-23,大?&#39536;毅服&#39280;科技&#21457;展有限公司,アンダーウェア,,婦人アンダーウェア　笹田,9L620QR ,ハーフトップ+ショーツ,13ショーツ、13ハーフトップ、67ショーツ、67ハーフトップ、白裏地、白クロッチ,しまむら,,合格,,
Q2726003907,2026-03-19,2026-03-23,青&#23707;&#31166;金源&#32463;&#36152;有限公司（??&#21326;源）(青&#23707;恒新山),レディ－スカジュアル,,レディ-スカジュアル,Y5630PC ,Tシャツ,N7製品、黒刺繍、チャコール刺繍、ピンク刺繍,しまむら,合格,合格,,
61026005707,2026-03-19,2026-03-23,南通?川服飾有限公司,,,,E2632YR ,半袖Tシャツ+ハーフパンツ,N8クロ本体、N8クロリブ、N9ブラック総柄本体、製品、ブラックスピンドル,しまむら,合格,合格,,
61026005924,2026-03-19,2026-03-23,祥安服装如&#19996;有限公司,岡山,,平松,WH6B18R ,男児マイクラステテコ,52ターコ、67ネイヒー、N9ブラック,しまむら,,合格,,
61026005796,2026-03-19,2026-03-23,上海星雅服&#39280;有限公司,岡山,,西堀,7X631GR ,,13アイボリー、33クリーム、35イエローバインダー、63サックス、63サックスバインダー,しまむら,合格,,,
Q2726003968,2026-03-19,2026-03-23,青&#23707;吉利基&#19994;&#36152;易公司,紳士ナイティー,,紳士ナイティー,126240R ,パジャマ,67製品、N3製品、白シックテープ、白テープ、ネイビー
パイピング,しまむら,合格,合格,,
Q2726004055,2026-03-19,2026-03-23,山&#19996;省&#28493;坊市&#36827;出口有限公司,子供ナイティー,,子供ナイティー,6663XAR ,パジャマ,65製品、N9製品、白シックテープ、黒本体、黒リブ、ブルーリブ,しまむら,合格,合格,,
Q2726003964,2026-03-19,2026-03-23,青&#23707;&#31166;金源&#32463;&#36152;有限公司（??&#21326;源）(青&#23707;恒新山),子供ナイティー,,子供ナイティー,66641JR ,パジャマ,65製品、白シックテープ、ネイビー本体、ネイビーリブ,しまむら,合格,合格,,
Q2726003861,2026-03-18,2026-03-20,青&#23707;&#31166;金源&#32463;&#36152;有限公司（??&#21326;源）(青&#23707;恒新山),子供ナイティー,,子供ナイティー,76630RR/76638VR/76639KR/76639SR/7663VVR/7663Z8R ,パジャマ,01、60-1、67A、82、82-1、82-2、82-4、83、N3A、N9,しまむら,合格,,,
Q2726003937,2026-03-18,2026-03-20,青&#23707;&#31166;金源&#32463;&#36152;有限公司（??&#21326;源）(青&#23707;恒新山),メンズカジュアル,,メンズカジュアル,C5635MR ,紳士シャツ,N9本体、N9リブ,しまむら,合格,合格,,
Q2726003859,2026-03-18,2026-03-20,青&#23707;吉利基&#19994;&#36152;易公司,紳士ナイティー,,紳士ナイティー,126320R ,パジャマ,63製品、白シックテープ、白テープ、ネイビー
パイピング,しまむら,合格,合格,,
Q2726003856,2026-03-18,2026-03-20,高密亨利制衣有限公司,アンダーウェア,,婦人アンダーウェア　笹田,9H626QR/9H627QR/9S625QR/9S626QR ,ショーツ,紫×白KUROMI、紫本体、紫テープ、黒×白HELLOKITTY、黒×白KUROMI、黒×紫KUROMI、黒×ピンクHELLOKITTY、ピンク×白HELLOKITTY、ピンク本体、ピンクテープ,しまむら,合格,,,
Q2726003794,2026-03-18,2026-03-20,Grand Concord Garment(Hong Kong) Limited&#35832;城裕泰&#38024;&#32455;有限公司（广豪）,アンダーウェア,,婦人アンダーウェア　笹田,9N628HR ,カップ付きタンクトップ,10胸下ゴム、10製品、10レース、63胸下ゴム、63製品、63メッシュ、63レース、N9本体、N9胸下ゴム、N9製品、N9レース、黒上バインダー、黒カップ、ベージュ上バインダー、ベージュカップ,しまむら,合格,合格,,
Q2726003792,2026-03-18,2026-03-23,Grand Concord Garment(Hong Kong) Limited&#35832;城裕泰&#38024;&#32455;有限公司（广豪）,アンダーウェア,,婦人アンダーウェア　笹田,9N629HR ,カップ付きタンクトップ,10製品、14製品、N9製品、白アンダーゴム、白レース、黒本体、黒アンダーゴム、黒カップ、黒カップ上
バインダー、黒レース、ベージュ
アンダーゴム、ベージュ
カップ、ベージュ
メッシュ、ベージュ
レース、ベージュカップ上バインダー,しまむら,合格,合格,,
Q2726003624,2026-03-18,2026-03-20,青&#23707;&#31166;金源&#32463;&#36152;有限公司（??&#21326;源）(青&#23707;恒新山),キッズカジュアル,,キッズカジュアル,R5630DR ,Tシャツ,14,しまむら,,合格,,
Q2726003946,2026-03-18,2026-03-20,青&#23707;朗和国&#38469;&#36152;易有限公司,レディ－スカジュアル,,レディ-スカジュアル,A4621ER ,ODメッシュロングP,67,しまむら,合格,,,
Q2726003948,2026-03-18,2026-03-20,伊藤忠??&#36152;易(中国)有限公司青&#23707;分公司,レディ－スカジュアル,,レディ-スカジュアル,下記 ,生地,14、N1、N1&#9313;、N4、N6、N9,しまむら,合格,,,
Q2726003995,2026-03-18,2026-03-20,青&#23707;&#31166;金源&#32463;&#36152;有限公司（??&#21326;源）(青&#23707;恒新山),レディ－スカジュアル,,レディ-スカジュアル,Y5631QC ,婦人シャツ,N7チャコール,しまむら,,合格,,
61026005635,2026-03-18,2026-03-25,南通?川服飾有限公司,,,,Y4631AA ,ショートパンツ,N2オートミール、N9ブラック本体、製品,しまむら,合格,合格,,
61026005853,2026-03-18,2026-03-20,上海昊客商&#36152;有限公司,,,?山,R2630PZ/RT63YPZ ,生地(ポロシャツ+ブルマセット/ブルマセット),63サックス、67ネイビー,しまむら,合格,,,
61026005849,2026-03-18,2026-03-20,上海昊客商&#36152;有限公司,,,?山,R2630PZ/RT63XPZ/RT63YPZ ,生地(ポロシャツ+ブルマセット/ロンパース/スカート付きロンパース),13アイボリー、67ネイビー,しまむら,合格,,,
Q2726003993,2026-03-18,2026-03-20,青&#23707;&#31166;金源&#32463;&#36152;有限公司（??&#21326;源）(青&#23707;恒新山),レディ－スカジュアル,,レディ-スカジュアル,Y5630QC ,T SHIRT,N0、N9,しまむら,,合格,,
Q2726003988,2026-03-18,2026-03-18,高密亨利制衣有限公司,アンダーウェア,,婦人アンダーウェア　笹田,下記 ,ショーツ,65身生地、67身生地、N9身生地、灰×白文字(HK)ゴム、白×黒文字(HK)ゴム、黒×白文字(CLATHAS)ゴム,しまむら,合格,,,
Q2726003956,2026-03-18,2026-03-20,青&#23707;吉利基&#19994;&#36152;易公司,紳士ナイティー,,,126340R ,紳士パジャマ,63製品、67製品、白シックテープ、白テープ、ネイビー
パイピング,しまむら,合格,合格,,
Q2726003961,2026-03-18,2026-03-20,青&#23707;&#31166;金源&#32463;&#36152;有限公司（??&#21326;源）(青&#23707;恒新山),子供ナイティー,,子供ナイティー,66640ER/66641JR/666420R ,パジャマ,57-4、65-2、67A、N7B、N9,しまむら,合格,,,
Q2726003983,2026-03-18,2026-03-24,Grand Concord Garment(Hong Kong) Limited&#35832;城裕泰&#38024;&#32455;有限公司（广豪）,アンダーウェア,,婦人アンダーウェア　笹田,9N627HR ,カップ付きキャミソール,03製品、13製品、17製品、N9製品、N9身生地、アイボリー
肩テープ、アイボリー
アンダーゴム、アイボリー
メッシュ、ピンク
肩テープ、ピンクアンダーゴム、ピンクテープ、ピンクメッシュ、ブラック
肩テープ、ブラック
アンダーゴム、ブラックカップ、ブラックテープ、ベージュ
カップ、ベージュ
テープ、モカチャ
肩テープ、モカチャアンダーゴム、モカチャテープ、モカチャメッシュ,しまむら,合格,合格,,
Q2726003987,2026-03-18,2026-03-18,高密亨利制衣有限公司,アンダーウェア,,婦人アンダーウェア　笹田,左記 ,ショーツ,67、N9、グレー、チャコール、ラベンダー,しまむら,合格,,,
Q2726003986,2026-03-18,2026-03-20,高密亨利制衣有限公司,アンダーウェア,,婦人アンダーウェア　笹田,左記 ,ショーツ,67本体、67バインダー、N9兎柄本体、N9本体、N9防水布、N9バインダー,しまむら,合格,,,
61026005861,2026-03-18,2026-03-20,上海昊客商&#36152;有限公司,,,?山,R4635PZ/RT63VPZ ,,14ベージュ、67ネイビー,しまむら,合格,,,
61526005871,2026-03-18,2026-03-20,西尾株式会社,,,,E8632YR ,生地(マインクラフト ボンサック),グリーン内バインダー、グリーン把手テープ(内容物と接触)、グリーン系本体、グリーン鞄口/下本体/底(内容物と接触)、グリーンスピンドル、グリーンパイピング、ブラック内バインダー、ブラック把手テープ(内容物と接触)、ブラック系本体、ブラック鞄口/下本体/底(内容物と接触)、ブラックスピンドル、ブラックパイピング,しまむら,合格,,,
61526005867,2026-03-18,2026-03-20,西尾株式会社,,,,E8633BZ ,,濃ピンク裏地、白バインダー、ピンク把手(内容物と接触)、ピンク系表地(内容物と接触)、ピンク肩ひも、ピンク裏バインダー,しまむら,合格,,,
61526005865,2026-03-18,2026-03-20,西尾株式会社,,,,E8632BZ ,,63サックス本体*、サックス上鞄(裏パイピング)、サックスパイピング、ネイビー下鞄(裏パイピング)、ネイビー下鞄本体/底 上鞄裏底、ネイビー把手/テープ*、ネイビー紐,しまむら,合格,,,
61526005868,2026-03-18,2026-03-20,西尾株式会社,,,,E8631BR ,,サックス把手(内容物と接触)、サックス本体(上部)、サックス本体(下部)/裏地、サックス裏バインダー、サックススピンドル,しまむら,合格,,,
61526005869,2026-03-18,2026-03-20,西尾株式会社,,,,E8633YZ ,生地(マインクラフト ボンサック),チャパイピング、ブラック内里バインダー、ブラック把手(※)、ブラック本体(下部)/裏地(※)、ブラック系本体(上部)、ブラックスピンドル,しまむら,合格,,,
61526005863,2026-03-18,2026-03-20,上海&#39134;&#39532;&#36827;出口有限公司,岡山,,飼田,X4630RA X5630MA X4630MA C5530VA  C5531VA C5532VA ,,15ブラウン天竺、N7チャコール天竺、N7チャコールリブ、N9ブラック天竺、N9ブラックリブ、チャコールスピンドル、ブラックスピンドル、ブラウンスピンドル,しまむら,合格,,,
61526005870,2026-03-18,2026-03-20,西尾株式会社,,,,E8634YZ ,,チャバインダー表地、ブラック把手、テープ(内容物と接触)、ブラック柄表地、ブラック肩ひも、ブラック表地、裏地、ブラック裏バンダー,しまむら,合格,,,
Q2726003913,2026-03-17,2026-03-19,青&#23707;屹??工&#36152;有限?任公司,レディ－スカジュアル,,レディ-スカジュアル,J6631JR ,【ヒヤロン×USPP】フードジップJK,67、N3,しまむら,合格,,,
Q2726003800,2026-03-17,2026-03-18,青&#23707;朗和国&#38469;&#36152;易有限公司,レディ－スカジュアル,,レディ-スカジュアル,A563FER ,OUTDOOR Tシャツ,57本体、57製品、オレンジ×
ブラウン刺繍,しまむら,合格,合格,,
61026005711,2026-03-17,2026-03-19,南通?川服飾有限公司,,,,E5632YR ,,製品、ターコイズリブ,しまむら,合格,合格,,
61526005769,2026-03-17,2026-03-19,上海&#39134;&#39532;&#36827;出口有限公司,岡山,,飼田,E5620MR ,生地(丸首半袖T),12キャメル、15ブラウン、25オレンジ、25オレンジB、26レンガ、52ターコイズ、67ネイビー、83パープル、N7チャコール,しまむら,合格,,,
Q2726003909,2026-03-17,2026-03-19,青&#23707;屹??工&#36152;有限?任公司,レディ－スカジュアル,,レディ-スカジュアル,J5632JR ,【ヒヤロン×USPP】ジャガードチュニック70,67、N7,しまむら,合格,,,
61526005776,2026-03-17,2026-03-19,上海&#39134;&#39532;&#36827;出口有限公司,岡山,,飼田,R5631WZ ,生地(Tシャツ),13アイボリー天竺、13アイボリーリブ、50ライトグリーン天竺、50ライトグリーンリブ,しまむら,合格,,,
61026005797,2026-03-17,2026-03-20,上海星雅服&#39280;有限公司,岡山,,西堀,7J632GR ,生地(お文具ベビーフリース腰当てクッション),03ピンク表用、03ピンク裏用、63サックス表用、63サックス裏用,しまむら,合格,,,
50125006178,2026-03-17,2026-03-23,株式会社カイタックファミリー,戦略開発課,,谷本,306330R ,FDC100サッカーギンガムシャツ(パジャマ),03ピンク、63サックス、消臭テープ/シロ、パイピング/シロ,しまむら,,合格,,
61026005758,2026-03-17,2026-03-19,南通?川服飾有限公司,,,,E5633YR ,半袖Tシャツ,N8クロ本体、N8クロリブ部分、製品N8クロ,しまむら,合格,合格,,
61026005722,2026-03-17,2026-03-20,南通?川服飾有限公司,,,,E2631YR ,半袖Tシャツ+ハーフパンツ,N9ブラック本体、N9ブラックリブ、製品、ブラックスピンドル,しまむら,合格,合格,,
61026005721,2026-03-17,2026-03-19,祥安服装如&#19996;有限公司,岡山,,平松,B26348Q/KP627SR/CG-6APEX/CG-3APEX/CG-49RB ,,グリーン、ブラック,しまむら,合格,,,
61026005785,2026-03-17,2026-03-20,上海星雅服&#39280;有限公司,岡山,,西堀,7J633GR ,,10オフホワイト柄、10オフホワイト無地、33クリーム柄、33クリーム無地,しまむら,合格,,,
61026005782,2026-03-17,2026-03-20,上海星雅服&#39280;有限公司,岡山,,西堀,7J630DR ,,10オフホワイト(クリーム)、10オフホワイト(パープル)、33クリーム、83パープル,しまむら,合格,,,
Q2726003915,2026-03-17,2026-03-19,青&#23707;屹??工&#36152;有限?任公司,レディ－スカジュアル,,レディ-スカジュアル,J5630JR ,【ヒヤロン】表綿/裏ナイロンクルーネック7分袖PO,63、67,しまむら,合格,,,
Q2726003903,2026-03-17,2026-03-19,青&#23707;&#31166;金源&#32463;&#36152;有限公司（??&#21326;源）(青&#23707;恒新山),レディ－スカジュアル,,レディ-スカジュアル,Y5631PC ,Tシャツ,N9製品、白刺繍、チャコール刺繍,しまむら,合格,合格,,
Q2726003826,2026-03-17,2026-03-19,青&#23707;&#31166;金源&#32463;&#36152;有限公司（??&#21326;源）(青&#23707;恒新山),子供ナイティー,,子供ナイティー,6663UJR ,パジャマ,63製品、63リブ,しまむら,合格,合格,,
Q2726003618,2026-03-17,2026-03-19,青&#23707;&#31166;金源&#32463;&#36152;有限公司（??&#21326;源）(青&#23707;恒新山),キッズカジュアル,,キッズカジュアル,F5632LZ ,Tシャツ,N8,しまむら,,合格,,
61026005705,2026-03-17,2026-03-19,祥安服装如&#19996;有限公司,岡山,,平松,B26348Q  No.1:CNRT21  No.2:CNB6124 ,生地(APEX 紳士1Pボクサーブリーフ),55グリーン、N9ブラック,しまむら,合格,,,
Q2726003917,2026-03-17,2026-03-19,青&#23707;屹??工&#36152;有限?任公司,レディ－スカジュアル,,レディ-スカジュアル,J5631JR ,【ヒヤロン】表綿/裏ナイロンクルーチビハイネックネック7分袖PO,66、82,しまむら,合格,,,
Q2726003901,2026-03-17,2026-03-19,青&#23707;&#31166;金源&#32463;&#36152;有限公司（??&#21326;源）(青&#23707;恒新山),メンズカジュアル,,メンズカジュアル,Z5430TR ,T SHIRT,66本体、66リブ、N8本体、N8製品、N8リブ、キイロ刺繍、ブルー刺繍,しまむら,合格,合格,,
Q2726003620,2026-03-17,2026-03-19,青&#23707;&#31166;金源&#32463;&#36152;有限公司（??&#21326;源）(青&#23707;恒新山),キッズカジュアル,,キッズカジュアル,F5630LZ ,T SHIRT,N8,しまむら,,合格,,
61026005713,2026-03-17,2026-03-19,南通?川服飾有限公司,,,,E5634YR ,,N8クロリブ、製品,しまむら,合格,合格,,
61526005781,2026-03-17,2026-03-19,上海&#39134;&#39532;&#36827;出口有限公司,岡山,,飼田,R5630WZ ,生地(Tシャツ),05BレッドB本体、05BレッドBリブ、05レッド本体、35BイエローB本体、35BイエローBリブ、35イエロー本体、63サックス本体、65ブルー本体、65ブルーリブ,しまむら,合格,,,
Q2726003626,2026-03-17,2026-03-19,青&#23707;&#31166;金源&#32463;&#36152;有限公司（??&#21326;源）(青&#23707;恒新山),キッズカジュアル,,キッズカジュアル,G5634DR ,T SHIRT,N9,しまむら,,合格,,
Q2726003622,2026-03-17,2026-03-19,青&#23707;&#31166;金源&#32463;&#36152;有限公司（??&#21326;源）(青&#23707;恒新山),キッズカジュアル,,キッズカジュアル,F5631LZ ,シャツ,N7,しまむら,,合格,,
Q2726003905,2026-03-17,2026-03-19,青&#23707;&#31166;金源&#32463;&#36152;有限公司（??&#21326;源）(青&#23707;恒新山),レディ－スカジュアル,,レディ-スカジュアル,Y5632PC ,Tシャツ,67製品、白刺繍、チャコール刺繍、ベージュ刺繍,しまむら,合格,合格,,
Q2726003796,2026-03-16,2026-03-18,青&#23707;朗和国&#38469;&#36152;易有限公司,レディ－スカジュアル,,レディ-スカジュアル,A5636ER ,ODハリネズミ半袖T,N9/14刺繍、N9製品、黒本体,しまむら,合格,合格,,
Q2726003786,2026-03-16,2026-03-18,青&#23707;&#31166;金源&#32463;&#36152;有限公司（??&#21326;源）(青&#23707;恒新山),メンズカジュアル,,メンズカジュアル,C563FMA ,紳士シャツ,黒本体、黒リブ,しまむら,合格,合格,,
Q2726003780,2026-03-16,2026-03-18,青&#23707;&#31166;金源&#32463;&#36152;有限公司（??&#21326;源）(青&#23707;恒新山),メンズカジュアル,,メンズカジュアル,C563BMA ,紳士シャツ,N9Dブラック,しまむら,,合格,,
Q2726003583,2026-03-16,2026-03-18,青&#23707;吉利基&#19994;&#36152;易公司,紳士ナイティー,,紳士ナイティー,126260R ,パジャマ,67製品、白シックテープ、ネイビー
パイピング,しまむら,合格,合格,,
Q2726003798,2026-03-16,2026-03-18,青&#23707;朗和国&#38469;&#36152;易有限公司,レディ－スカジュアル,,レディ-スカジュアル,A5635ER ,ODくま釣り半袖T,N9本体、N9製品、緑刺繍、グレー刺繍,しまむら,合格,合格,,
Q2726003815,2026-03-16,2026-03-19,青&#23707;呈?服装有限公司,レディ－スカジュアル,,レディ-スカジュアル,Y4631ZR ,パンツ,N9ブラック本体、N9ブラック製品,しまむら,合格,合格,,
Q2726003657,2026-03-16,2026-03-18,青&#23707;吉利基&#19994;&#36152;易公司,紳士ナイティー,,紳士ナイティー,126250R ,紳士パジャマ,67製品、白シックテープ、ネイビー
パイピング,しまむら,合格,合格,,
Q2726003831,2026-03-16,2026-03-18,大?程?国&#38469;&#36152;易有限公司（帛来）,婦人ナイティー,,婦人ナイティー,386461R ,パジャマ,09製品、白シックテープ、白テープ,しまむら,,合格,,
Q2726003852,2026-03-16,2026-03-17,Grand Concord Garment(Hong Kong) Limited&#35832;城裕泰&#38024;&#32455;有限公司（广豪）,アンダーウェア,,婦人アンダーウェア　笹田,9K62TDR/9N62UDR/9K627DR/9N628DR/9N621TR/9N62CHR/9N62DHR/9N62GHR/9N62RHR/9N62JHR ,生地,白パワーネット、白マーキZ、黒TCバイヤス、黒カップ、黒ゴム、黒パワーネット、黒マーキZ、ベージュ
TCバイヤス、ベージュカップ,しまむら,合格,,,
Q2726003821,2026-03-16,2026-03-19,青&#23707;&#21326;杉&#36152;易有限公司,ジーンズカジュアル,,ジーンズカジュアル,DM6363R(QXW795) ,メンズパンツ,N9製品、コンテープ、ブラックテープ,しまむら,合格,合格,,
Q2726003811,2026-03-16,2026-03-18,青&#23707;呈?服装有限公司,レディ－スカジュアル,,レディ-スカジュアル,Y4630VR Y4630ZR Y4631ZR ,生地,N3,しまむら,合格,,,
Q2726003804,2026-03-16,2026-03-18,青&#23707;朗和国&#38469;&#36152;易有限公司,レディ－スカジュアル,,レディ-スカジュアル,A563GER ,Tシャツ,N0製品、ブラウン×緑刺繍,しまむら,合格,合格,,
Q2726003802,2026-03-16,2026-03-18,青&#23707;朗和国&#38469;&#36152;易有限公司,レディ－スカジュアル,,レディ-スカジュアル,A563AER ,ODねこ半袖T,N9本体、N9製品、グレー×
ベージュ×
ターコイズ刺繍、グレー×
ベージュ×赤
刺繍,しまむら,合格,合格,,
Q2726003813,2026-03-16,2026-03-19,青&#23707;呈?服装有限公司,レディ－スカジュアル,,レディ-スカジュアル,Y4630ZR ,パンツ,N9本体、N9製品、白シックテープ,しまむら,合格,合格,,
Q2726003817,2026-03-16,2026-03-19,青&#23707;呈?服装有限公司,レディ－スカジュアル,,レディ-スカジュアル,Y4630VR ,パンツ,N9本体,しまむら,合格,合格,,
Q2726003776,2026-03-16,2026-03-18,大?&#39536;毅服&#39280;科技&#21457;展有限公司,アンダーウェア,,婦人アンダーウェア　笹田,9L620QR ,ハーフトップ/ショーツ,13、67,しまむら,合格,,,
Q2726003675,2026-03-16,2026-03-18,青&#23707;吉利基&#19994;&#36152;易公司,紳士ナイティー,,紳士ナイティー,126330R ,パジャマ,67製品、N3製品、白シックテープ、紺パイピング,しまむら,合格,合格,,
Q2726003702,2026-03-16,2026-03-18,高密亨利制衣有限公司,アンダーウェア,,婦人アンダーウェア　笹田,9S624BR ,サニタリーショーツ,N9本体、N9製品、N9ゴム,しまむら,合格,合格,,
Q2726003774,2026-03-16,2026-03-18,大?&#39536;毅服&#39280;科技&#21457;展有限公司,アンダーウェア,,婦人アンダーウェア　笹田,9K622HR ,生地,黒本体、黒カップ、黒テープ、チャコール
カップ、チャコール
テープ、チャコール本体,しまむら,合格,,,
Q2726003704,2026-03-16,2026-03-18,高密亨利制衣有限公司,アンダーウェア,,婦人アンダーウェア　笹田,9H621BR ,スタンダードショーツ,黒×緑製品、黒×黄製品、黒×ピンク製品、黒身生地、黒ゴム,しまむら,合格,合格,,
Q2726003700,2026-03-16,2026-03-18,高密亨利制衣有限公司,アンダーウェア,,婦人アンダーウェア　笹田,9S623BR ,ショーツ,N9ブラック本体、N9ブラック製品、グリーン
ゴム,しまむら,合格,合格,,
Q2726003696,2026-03-16,2026-03-19,高密亨利制衣有限公司,アンダーウェア,,婦人アンダーウェア　笹田,9H6209R/9H6219R/9S6229R/9S6239R/9H628QR/9H629QR/9S627QR/9S628QR/9S624MR ,ショーツ,杢グレー総柄、紫×白KUROMI(正体)、赤×白HELLO KITTY、赤×白HELLO KITTY(正体)、赤×白MONCHHICHI、黒×白HELLO KITTY、黒×白KUROMI、黒×白MIFFY、黒×白MONCHHICHI、黒×紫KUROMI、黒総柄、アイボリー総柄,しまむら,合格,,,
Q2726003698,2026-03-16,2026-03-18,高密亨利制衣有限公司,アンダーウェア,,婦人アンダーウェア　笹田,9S622BR ,ショーツ,N9ブラック
ゴム、N9ブラック本体、N9ブラック製品,しまむら,合格,合格,,
Q2726003706,2026-03-16,2026-03-18,高密亨利制衣有限公司,アンダーウェア,,婦人アンダーウェア　笹田,9H620BR ,スタンダードショーツ,N9ブラックA製品、N9ブラックB製品、N9ブラックC製品、黒×グリーン
ゴム、ブラック本体,しまむら,合格,合格,,
Q2726003758,2026-03-16,2026-03-18,青&#23707;朗和国&#38469;&#36152;易有限公司,レディ－スカジュアル,,レディ-スカジュアル,A563HER ,OUTDOOR Tシャツ,03刺繍、N9刺繍、N9製品、黒本体,しまむら,合格,合格,,
Q2726003729,2026-03-16,2026-03-18,青&#23707;呈?服装有限公司,レディ－スカジュアル,,レディ-スカジュアル,Y4630VR/Y4630ZR/Y4631ZR ,スピンドル,03、14、67、N3、N7、N9,しまむら,合格,,,
Q2726002348,2026-03-16,2026-03-19,青&#23707;紫?国&#38469;&#36152;易有限公司,ライフグッズ,,ライフグッズ,1T6B38R ,エコバッグ,03ピンク、54エメグリーン,しまむら,,合格,,
Q2726003760,2026-03-16,2026-03-18,青&#23707;朗和国&#38469;&#36152;易有限公司,レディ－スカジュアル,,レディ-スカジュアル,A5637ER ,婦人シャツ,N8本体、オレンジ×グレー刺繍、モカ×赤刺繍,しまむら,合格,合格,,
Q2726003727,2026-03-16,2026-03-18,青&#23707;朗和国&#38469;&#36152;易有限公司,レディ－スカジュアル,,レディ-スカジュアル,A5637PR ,シャツ,67本体、67リブ、赤刺繍、黒刺繍,しまむら,合格,合格,,
61026005667,2026-03-16,2026-03-18,?家港市佳怡&#31166;服&#39280;有限公司,岡山,,田中,A4632PR   A4633PR ,,57カーキ、67ネイビー、N9ブラック,しまむら,合格,,,
Q2726003693,2026-03-16,2026-03-18,青&#23707;&#31166;金源&#32463;&#36152;有限公司（??&#21326;源）(青&#23707;恒新山),キッズカジュアル,,キッズカジュアル,F5636MR ,シャツ,05製品、15製品、25製品、赤×紺
ワッペン,しまむら,合格,合格,,
Q2726003773,2026-03-16,2026-03-18,大?&#39536;毅服&#39280;科技&#21457;展有限公司,アンダーウェア,,婦人アンダーウェア　笹田,9K624HR ,ハーフトップ,03製品、03テープ、15製品、15テープ,しまむら,合格,合格,,
61026005616,2026-03-16,2026-03-18,南通?川服飾有限公司,,,,Y5635WA    ,,製品,しまむら,,合格,,
Q2726003679,2026-03-16,2026-03-18,青&#23707;吉利基&#19994;&#36152;易公司,紳士ナイティー,,紳士ナイティー,126310R ,パジャマ,N3製品、白シックテープ、白テープ、ネイビー
パイピング,しまむら,合格,合格,,
Q2726003655,2026-03-16,2026-03-18,青&#23707;吉利基&#19994;&#36152;易公司,紳士ナイティー,,紳士ナイティー,126230R ,パジャマ,67製品、白シックテープ、白テープ、白パイピング,しまむら,,合格,,
61026005657,2026-03-16,2026-03-18,南通?川服飾有限公司,,,,Y5634WA ,半袖DROP T,製品,しまむら,,合格,,
61026005632,2026-03-16,2026-03-18,?家港市佳怡&#31166;服&#39280;有限公司,岡山,,田中,A4638ER ,ワッペン(ショートパンツ),ブラック,しまむら,合格,,,
61026005643,2026-03-16,2026-03-18,祥安服装如&#19996;有限公司,岡山,,平松,1Z6031H ,冷感アームカバー,N9ブラック,しまむら,,合格,,
61026005623,2026-03-16,2026-03-18,上海星雅服&#39280;有限公司,岡山,,西堀,X563CER ,丸首半袖T,製品,しまむら,,合格,,
Q2726003597,2026-03-13,2026-03-17,大?程?国&#38469;&#36152;易有限公司（帛来）,婦人ナイティー,,婦人ナイティー,386451R ,パジャマ,63製品、白テープ,しまむら,,合格,,
Q2726003603,2026-03-13,2026-03-17,大?程?国&#38469;&#36152;易有限公司（帛来）,婦人ナイティー,,婦人ナイティー,386421R ,パジャマ,63製品、白テープ,しまむら,,合格,,
Q2726003527,2026-03-13,2026-03-17,青&#23707;&#31166;金源&#32463;&#36152;有限公司（??&#21326;源）(青&#23707;恒新山),メンズカジュアル,,メンズカジュアル,C563GMA ,紳士タンクトップ,N9Aブラック本体、N9Aブラック製品、N9Aブラックリブ,しまむら,合格,合格,,
Q2726003601,2026-03-13,2026-03-17,大?程?国&#38469;&#36152;易有限公司（帛来）,婦人ナイティー,,婦人ナイティー,386411R ,パジャマ(楊柳),63サックス製品、白テープ,しまむら,,合格,,
Q2726003607,2026-03-13,2026-03-17,大?程?国&#38469;&#36152;易有限公司（帛来）,婦人ナイティー,,婦人ナイティー,306370R ,パジャマ,63製品、白シックテープ、白テープ、白パイピング,しまむら,,合格,,
Q2726003599,2026-03-13,2026-03-17,大?程?国&#38469;&#36152;易有限公司（帛来）,婦人ナイティー,,婦人ナイティー,306350R ,8分丈パジャマ,63製品、白シックテープ、白テープ、白パイピング,しまむら,,合格,,
Q2726003617,2026-03-13,2026-03-16,青&#23707;&#31166;金源&#32463;&#36152;有限公司（??&#21326;源）(青&#23707;恒新山),メンズカジュアル,,メンズカジュアル,C5633MR/C5634MR/C5635MR ,生地,白刺、紺×赤
ワッペン、黄刺、黒刺繍、黒プリント
テープ、ブルー刺、ワッペン,しまむら,合格,,,
Q2726003605,2026-03-13,2026-03-17,大?程?国&#38469;&#36152;易有限公司（帛来）,婦人ナイティー,,婦人ナイティー,386441R ,パジャマ(楊柳),03,しまむら,,合格,,
Q2726003663,2026-03-13,2026-03-17,大?程?国&#38469;&#36152;易有限公司（帛来）,婦人ナイティー,,婦人ナイティー,316300R ,パジャマ（楊柳）,03製品、白シックテープ、白テープ,しまむら,,合格,,
61026005519,2026-03-13,2026-03-17,江?嘉晟&#36827;出口&#36152;易有限公司,岡山,,唐木,5K6A28Z ,マインクラフト男児アンクル丈ソックス1P,67ネイビー、83パープル、N9ブラック,しまむら,合格,合格,,
61026005536,2026-03-13,2026-03-18,江?嘉晟&#36827;出口&#36152;易有限公司,岡山,,唐木,5G64CEQ ,,A-1 14ベージュ、A-2 N3グレー、A-3 N7チャコール、B-1 15ブラウン、B-2 83パープル、B-3 N7チャコール、※刺繍,しまむら,,合格,,
61026005515,2026-03-13,2026-03-17,江?嘉晟&#36827;出口&#36152;易有限公司,岡山,,唐木,5G6B38Z ,マインクラフト 男児アンクル丈ソックス3P,A-1 83パープル、A-2 67ネイビー、A-3 52ターコ,しまむら,合格,合格,,
61026005509,2026-03-13,2026-03-17,如皋帝晨服&#39280;有限公司,岡山,,,21631TA/GNE-698M/GNE-698R/GNE-699 ,,67ネイビー柄、67ネイビー無地、67ネイビーリブ、N9ブラック無地、N9ブラックリブ、ネイビースピンドル、ブラックスピンドル、ブルーテープ,しまむら,合格,,,
61026005501,2026-03-13,2026-03-17,上海昊客商&#36152;有限公司,,,?山,R563DPZ ,,13アイボリー、67ネイビー,しまむら,合格,,,
61026005511,2026-03-13,2026-03-17,上海昊客商&#36152;有限公司,,,?山,R2631PZ/RW630PZ ,生地(ワンピース・ブルマセット/ワンピース),13アイボリー、67ネイビー,しまむら,合格,,,
Q2726003653,2026-03-13,2026-03-17,大?程?国&#38469;&#36152;易有限公司（帛来）,婦人ナイティー,,婦人ナイティー,386401R ,パジャマ,55製品、83製品、白テープ,しまむら,,合格,,
61026005384,2026-03-12,2026-03-16,如皋帝晨服&#39280;有限公司,岡山,,伊藤,216368A ,パジャマ,製品、ブラック本体、ブラックリブ,しまむら,合格,合格,,
61026005403,2026-03-12,2026-03-16,上海星雅服&#39280;有限公司,岡山,,西堀,X4633ER ,ハーフパンツ,N3グレー,しまむら,,合格,,
Q2726003468,2026-03-12,2026-03-16,青&#23707;&#31166;金源&#32463;&#36152;有限公司（??&#21326;源）(青&#23707;恒新山),レディ－スカジュアル,,レディ-スカジュアル,Y5633WR ,Tシャツ,10製品、緑刺繍,しまむら,合格,合格,,
61026005241,2026-03-12,2026-03-16,南通?川服飾有限公司,,,,E2631YR/E2632YR/E5632YR/E5633YR/E5634YR ,生地(半袖Tシャツ/ハーフパンツ),52ターコイズPT、52ターコイズリブ、55グリーンPT、55グリーンリブ、N8クロPT、N8クロメッシュ、N8クロリブ、N9ブラックPT、N9ブラックメッシュ、N9ブラックリブ,しまむら,合格,,,
61526005462,2026-03-12,2026-03-17,南通新恒祥&#32442;&#32455;服装有限公司,岡山,,?田,下記 ,生地(パジャマ),03ピンク、54エメグリーン、63サックス、67ネイビー,しまむら,合格,,,
61026005436,2026-03-12,2026-03-16,祥安服装如&#19996;有限公司,岡山,,平松,B2631CQ ,コンバース ナイロンベア天 紳士1Pボクサー,03ピンク、54エメグリーン、67ネイビー、N8クロ、N9ブラック、ホワイトゴム,しまむら,合格,合格,,
Q2726003609,2026-03-12,2026-03-16,青&#23707;佰利源&#32442;&#32455;有限公司,紳士アンダ－ウェア,,紳士アンダ-ウェア,BW6A38Z ,男児2Pボクサー,63製品、67製品、サックス足口ウエスト 部分、ネイビー本体,しまむら,合格,合格,,
Q2726002797,2026-03-12,2026-03-16,青&#23707;&#31166;金源&#32463;&#36152;有限公司（??&#21326;源）(青&#23707;恒新山),キッズカジュアル,,キッズカジュアル,RT631CZ ,ロンパス,03ピンク製品、05レッド製品,しまむら,,合格,,
Q2726003302,2026-03-12,2026-03-16,青&#23707;&#31166;金源&#32463;&#36152;有限公司（??&#21326;源）(青&#23707;恒新山),キッズカジュアル,,キッズカジュアル,F563AYR ,Tシャツ,83製品、グリーン
ワッペン,しまむら,合格,合格,,
50125006250,2026-03-12,2026-03-16,株式会社播,,,高瀬,[8B300R]AF2649(製品品番:126370R) ,パジャマ,67ネイビー,しまむら,合格,,,
Q2726003611,2026-03-12,2026-03-16,Grand Concord Garment(Hong Kong) Limited&#35832;城裕泰&#38024;&#32455;有限公司（广豪）,アンダーウェア,,婦人アンダーウェア　笹田,9K620MR ,婦人ハーフトップ,10製品、10ゴム、N9製品、N9ゴム、白刺繍、黒刺繍,しまむら,合格,合格,,
61026005446,2026-03-12,2026-03-16,上海星雅服&#39280;有限公司,岡山,,西堀,X6630ER ,半袖ポロシャツ脇切替,製品、ブラック無地、ブラックリブ,しまむら,合格,合格,,
Q2726003633,2026-03-12,2026-03-16,青&#23707;呈?服装有限公司,レディ－スカジュアル,,レディ-スカジュアル,Y5631VR ,半袖Tシャツ,57本体、N0本体,しまむら,合格,合格,,
Q2726003559,2026-03-12,2026-03-16,青&#23707;朗和国&#38469;&#36152;易有限公司,レディ－スカジュアル,,レディ-スカジュアル,A5634PR/A5637ZR/A5635PR ,POLO異素材ドッキング半袖T/CL胸ストーン半袖T/POLO胸ワンポイント半袖T,14、67、N7、N9、白布帛,しまむら,合格,,,
Q2726003637,2026-03-12,2026-03-16,青&#23707;呈?服装有限公司,レディ－スカジュアル,,レディ-スカジュアル,#Y5632VR ,半袖Tシャツ,N7本体、N7製品,しまむら,合格,合格,,
Q2726003561,2026-03-12,2026-03-16,青&#23707;朗和国&#38469;&#36152;易有限公司,レディ－スカジュアル,,レディ-スカジュアル,A5632MR A5637PR ,生地,15本体、65本体、67本体、N0本体、白リブ、ネイビーリブ、ブラウンリブ,しまむら,合格,,,
Q2726003631,2026-03-12,2026-03-16,青&#23707;呈?服装有限公司,レディ－スカジュアル,,レディ-スカジュアル,Y5630VR ,半袖Tシャツ,67ネイビー本体、67ネイビー製品,しまむら,合格,合格,,
Q2726003635,2026-03-12,2026-03-16,青&#23707;呈?服装有限公司,レディ－スカジュアル,,レディ-スカジュアル,Y5632ZR ,半袖Tシャツ,N7本体、N7製品,しまむら,合格,合格,,
Q2726003571,2026-03-12,2026-03-16,青&#23707;呈?服装有限公司,レディ－スカジュアル,,レディ-スカジュアル,Y5631ZR ,半袖Tシャツ,N9本体,しまむら,合格,合格,,
Q2726003573,2026-03-12,2026-03-16,青&#23707;呈?服装有限公司,レディ－スカジュアル,,レディ-スカジュアル,Y5630ZR ,半袖Tシャツ,N7製品、チャコール本体,しまむら,合格,合格,,
61526005312,2026-03-11,2026-03-13,上海&#39134;&#39532;&#36827;出口有限公司,岡山,,飼田,G5634UR ,半袖Tシャツ,03ピンク本体、03ピンクリブ、製品03ピンク,しまむら,合格,合格,,
61526005319,2026-03-11,2026-03-13,上海&#39134;&#39532;&#36827;出口有限公司,岡山,,飼田,E5630WZ ,生地(Tシャツ),13アイボリー1×1スパンフライスリブ、13アイボリーエステルメッシュ、63サックス1×1スパンフライスリブ、63サックスエステルメッシュ,しまむら,合格,,,
Q2726003586,2026-03-11,2026-03-12,大?程?国&#38469;&#36152;易有限公司（帛来）,婦人ナイティー,,婦人ナイティー,386421R/386461R/386411R/386401R/386441R/386451R/306350R/306370R/316300R ,パジャマ,09、63
、63,しまむら,合格,,,
61026005359,2026-03-11,2026-03-13,南通?川服飾有限公司,,,,Y5638AA ,半袖DROPT,N7チャコール,しまむら,,合格,,
Q2726003519,2026-03-11,2026-03-16,青&#23707;&#31166;金源&#32463;&#36152;有限公司（??&#21326;源）(青&#23707;恒新山),キッズカジュアル,,キッズカジュアル,RT63WPZ ,Tシャツ,紺,しまむら,合格,,,
Q2726003393,2026-03-11,2026-03-13,青&#23707;&#31166;金源&#32463;&#36152;有限公司（??&#21326;源）(青&#23707;恒新山),キッズカジュアル,,キッズカジュアル,F4631UR ,パンツ,05製品、黒刺繍、黒ワッペン,しまむら,合格,合格,,
61026004457,2026-03-11,2026-03-26,上海涵浚?&#19994;有限公司,岡山,,小野寺,1M6439A ,生地(マフラータオル),アイボリー、イエロー,しまむら,合格,,,
Q2726003363,2026-03-11,2026-03-13,青&#23707;&#31166;金源&#32463;&#36152;有限公司（??&#21326;源）(青&#23707;恒新山),メンズカジュアル,,メンズカジュアル,C5635ER ,紳士シャツ,N8刺繍、N8製品,しまむら,合格,合格,,
Q2726003358,2026-03-11,2026-03-13,青&#23707;&#31166;金源&#32463;&#36152;有限公司（??&#21326;源）(青&#23707;恒新山),キッズカジュアル,,キッズカジュアル,F5636YR ,シャツ,14製品、52製品、黒ワッペン、グリーン
ワッペン,しまむら,合格,合格,,
Q2726003554,2026-03-11,2026-03-13,青&#23707;依美&#26102;尚国&#38469;&#36152;易有限公司,レディ－スカジュアル,,レディ-スカジュアル,A4624PR ,ロングパンツ,N7、N9,しまむら,合格,,,
Q2726003503,2026-03-11,2026-03-13,青&#23707;&#31166;金源&#32463;&#36152;有限公司（??&#21326;源）(青&#23707;恒新山),メンズカジュアル,,メンズカジュアル,C5636ER ,T　SHIRT,N0製品、紺前刺繍、紺後刺繍、ワイン後刺繍,しまむら,合格,合格,,
Q2726003501,2026-03-11,2026-03-13,青&#23707;&#31166;金源&#32463;&#36152;有限公司（??&#21326;源）(青&#23707;恒新山),メンズカジュアル,,メンズカジュアル,C5630BR ,T SHIRT,N8製品、チャコール刺繍、ブルーグレー刺繍,しまむら,合格,合格,,
Q2726003389,2026-03-11,2026-03-13,青&#23707;&#31166;金源&#32463;&#36152;有限公司（??&#21326;源）(青&#23707;恒新山),レディ－スカジュアル,,レディ-スカジュアル,Y564RMA ,Tシャツ,N9ブラック,しまむら,,合格,,
61026004866,2026-03-11,2026-03-13,南通?川服飾有限公司,,,,Y5636AA ,半袖DROP T,134C刺繍(N0ホワイト)、170C刺繍(N0ホワイト)、236C刺繍(N0ホワイト)、404C刺繍(N0ホワイト)、4705C刺繍(N0ホワイト)、631C刺繍(N0ホワイト)、7499C刺繍(N0ホワイト)、N7チャコール刺繍、製品,しまむら,合格,合格,,
61026005281,2026-03-11,2026-03-13,&#19996;莞市三越帽袋有限公司,岡山,,高木,1C603ER ,キャップ,製品、ブラック内テープ、ブラック汗帯、ブラックゴム、ブラックテープ,しまむら,合格,合格,,
61026005346,2026-03-11,2026-03-13,南通?川服飾有限公司,,,,Y5630AA ,,N9ブラック、刺繍,しまむら,合格,合格,,
61026005317,2026-03-11,2026-03-13,南通?川服飾有限公司,,,,E4620MR/E1620MR ,生地(ストレートパンツ/ジップジャケット),15ブラウン、39マスタード、52ターコイズ、白刺繍糸、キナリ綾テープ、ターコイズテープ、パープルテープ、ブルー刺繍糸、ホワイト吊りテープ、ラベンダーテープ,しまむら,合格,,,
61026005344,2026-03-11,2026-03-13,南通?川服飾有限公司,,,,Y5632AA ,半袖DROP T,N7チャコール,しまむら,,合格,,
61026005356,2026-03-11,2026-03-13,南通?川服飾有限公司,,,,Y5631AA ,半袖DROP T,製品、ブラック刺繍,しまむら,合格,合格,,
Q2726003548,2026-03-11,2026-03-13,威海市??国&#38469;合作集&#22242;有限公司,レディ－スカジュアル,,レディ-スカジュアル,PO5146 ,生地,白、ネイビー,しまむら,合格,,,
Q2726003546,2026-03-11,2026-03-13,青&#23707;朗和国&#38469;&#36152;易有限公司,レディ－スカジュアル,,レディ-スカジュアル,A4628RR ,RB4WAYロングP,N7、N9,しまむら,合格,,,
61026005234,2026-03-10,2026-03-12,南通?川服飾有限公司,,,,Y4633WR ,生地<ハーフパンツ(セミフレア)>,N1アイスグレー、N3グレー、N9ブラック、オレンジスピンドル、ホワイト吊りテープ、ホワイトスピンドル、レッドスピンドル,しまむら,合格,,,
61026005228,2026-03-10,2026-03-12,南通?川服飾有限公司,,,,F4630MR ,パンツ,14ベージュ、15ブラウン、N9ブラック、N9ブラック本体、グリーン右前刺繍、グリーン左前刺繍、ブラウン右前刺繍、ブラウン左前刺繍、ブルー右前刺繍、ブルー左前刺繍,しまむら,合格,合格,,
Q2726003536,2026-03-10,2026-03-12,青&#23707;朗和国&#38469;&#36152;易有限公司,レディ－スカジュアル,,レディ-スカジュアル,A5639RR ,RBリンガー半袖T,N9製品、白×黒
リブ部分、白刺繍、黒×白
リブ部分、黒刺繍、黒本体,しまむら,合格,合格,,
61526005271,2026-03-10,2026-03-12,上海&#39134;&#39532;&#36827;出口有限公司,岡山,,飼田,F5630LR ,Tシャツ,N8クロ本体、N8クロリブ、製品:N8クロ,しまむら,合格,合格,,
61526005260,2026-03-10,2026-03-12,上海?秀商&#36152;有限公司,岡山,,高木,1C6068B ,,製品、透明ワッペン、ブラック本体、ブラック総柄、ブラック裏テープ、ブラックメッシュ,しまむら,合格,合格,,
Q2726003510,2026-03-10,2026-03-12,青&#23707;&#31166;金源&#32463;&#36152;有限公司（??&#21326;源）(青&#23707;恒新山),メンズカジュアル,,メンズカジュアル,C563CMA ,紳士シャツ,,しまむら,,合格,,
Q2726003532,2026-03-10,2026-03-12,青&#23707;朗和国&#38469;&#36152;易有限公司,レディ－スカジュアル,,レディ-スカジュアル,A563KER ,ODペイズリー半袖,N0製品、紺刺繍,しまむら,合格,合格,,
Q2726003534,2026-03-10,2026-03-12,青&#23707;朗和国&#38469;&#36152;易有限公司,レディ－スカジュアル,,レディ-スカジュアル,A5638RR ,RBメンタスニーカーPTT,N9製品、黒本体、黒リブ部分、ピンク刺繍、ブルー刺繍,しまむら,合格,合格,,
Q2726003462,2026-03-10,2026-03-12,青&#23707;&#31166;金源&#32463;&#36152;有限公司（??&#21326;源）(青&#23707;恒新山),キッズカジュアル,,キッズカジュアル,G563BUR ,Tシャツ,05製品、白刺繍、黒×ブルーアップリケ,しまむら,合格,合格,,
61026005243,2026-03-10,2026-03-12,祥安服装如&#19996;有限公司,岡山,,平松,TH617SR ,リーボック丸首半袖PT&#9314;,B:N9ブラックリブ、製品,しまむら,合格,合格,,
Q2726003491,2026-03-10,2026-03-12,?庄超越&#38024;&#32455;制衣有限公司,キッズカジュアル,,キッズカジュアル,F1630QZ/F563BQZ/F563DQZ/RT636QZ/RT638QZ ,パーカー,03本体、63本体、黒テープ、ピンクテープ、ブルーテープ,しまむら,合格,,,
Q2726003476,2026-03-10,2026-03-12,Grand Concord Garment(Hong Kong) Limited&#35832;城裕泰&#38024;&#32455;有限公司（广豪）,アンダーウェア,,婦人アンダーウェア　笹田,9K620TR/9N621TR ,生地,10、N9,しまむら,合格,,,
Q2726003497,2026-03-10,2026-03-12,青&#23707;朗和国&#38469;&#36152;易有限公司,レディ－スカジュアル,,レディ-スカジュアル,A563EER ,ODペイズリー半袖T,N9製品、白刺繍、黒刺繍、黒本体、黒リブ,しまむら,合格,合格,,
Q2726003538,2026-03-10,2026-03-12,青&#23707;&#31166;金源&#32463;&#36152;有限公司（??&#21326;源）(青&#23707;恒新山),レディ－スカジュアル,,レディ-スカジュアル,Y5648MA ,Tシャツ,N9A製品、白刺繍、紺刺繍、黄刺繍,しまむら,合格,合格,,
Q2726003474,2026-03-10,2026-03-12,青&#23707;&#31166;金源&#32463;&#36152;有限公司（??&#21326;源）(青&#23707;恒新山),キッズカジュアル,,キッズカジュアル,F5637YR ,T SHIRT,,しまむら,,合格,,
Q2726003493,2026-03-10,2026-03-12,青&#23707;朗和国&#38469;&#36152;易有限公司,レディ－スカジュアル,,レディ-スカジュアル,A563BRR ,RB靴大量バックプリント半袖T,N9製品、黒本体、黒リブ部分、ネイビー刺繍、ピンク刺繍,しまむら,合格,合格,,
Q2726003489,2026-03-10,2026-03-12,?庄超越&#38024;&#32455;制衣有限公司,キッズカジュアル,,キッズカジュアル,F563DQZ/RT638QZ ,Tシャツ/ロンパース,03天竺、03リブ、66天竺、66リブ,しまむら,合格,,,
Q2726003495,2026-03-10,2026-03-12,青&#23707;朗和国&#38469;&#36152;易有限公司,レディ－スカジュアル,,レディ-スカジュアル,A563ARR ,RB丸バックプリント半袖T,N8製品、白刺繍、黒刺繍、チャコール本体、チャコールリブ部分,しまむら,合格,合格,,
Q2726003487,2026-03-10,2026-03-12,?庄超越&#38024;&#32455;制衣有限公司,キッズカジュアル,,キッズカジュアル,F563BQZ/RT636QZ ,Tシャツ/ロンパース,14天竺、14リブ、26天竺、26リブ、白刺繍、赤刺繍,しまむら,合格,,,
Q2726003385,2026-03-09,2026-03-11,青&#23707;&#31166;金源&#32463;&#36152;有限公司（??&#21326;源）(青&#23707;恒新山),レディ－スカジュアル,,レディ-スカジュアル,Y564LMA ,Tシャツ,N9,しまむら,,合格,,
61026005133,2026-03-09,2026-03-11,如皋帝晨服&#39280;有限公司,岡山,,伊藤,216228R ,,N9ブラック本体、N9ブラックリブ、製品,しまむら,合格,合格,,
61026005124,2026-03-09,2026-03-12,祥安服装如&#19996;有限公司,岡山,,平松,1Z6031H ,生地(冷感アームカバー),N9ブラック,しまむら,合格,,,
Q2726003391,2026-03-09,2026-03-11,青&#23707;&#31166;金源&#32463;&#36152;有限公司（??&#21326;源）(青&#23707;恒新山),レディ－スカジュアル,,レディ-スカジュアル,Y564AMA ,Tシャツ,N9B製品、イエロー×
ベージュ刺繍、ピンク×サックス刺繍、ピンク×ブルー刺繍,しまむら,合格,合格,,
Q2726003395,2026-03-09,2026-03-11,青&#23707;&#31166;金源&#32463;&#36152;有限公司（??&#21326;源）(青&#23707;恒新山),キッズカジュアル,,キッズカジュアル,G563DUR ,Tシャツ,N0ホワイト,しまむら,,合格,,
61026005110,2026-03-09,2026-03-11,祥安服装如&#19996;有限公司,岡山,,平松,TH642MQ ,Kappa 丸首サーフ ハニカムメッシュ,製品,しまむら,,合格,,
Q2726003397,2026-03-09,2026-03-12,青&#23707;&#31166;金源&#32463;&#36152;有限公司（??&#21326;源）(青&#23707;恒新山),キッズカジュアル,,キッズカジュアル,F4633UR ,パンツ,N2製品、白シックテープ,しまむら,,合格,,
Q2726003408,2026-03-09,2026-03-11,青&#23707;呈?服装有限公司,メンズカジュアル,,メンズカジュアル,X4630WR/X5630WA ,生地,N0本体、N0リブ、N7本体、N7リブ、N9本体、N9リブ,しまむら,合格,,,
61026005014,2026-03-09,2026-03-11,南通?川服飾有限公司,,,,Y5635AA ,半袖DROP T,製品,しまむら,,合格,,
Q2726003457,2026-03-09,2026-03-11,青&#23707;&#31166;金源&#32463;&#36152;有限公司（??&#21326;源）(青&#23707;恒新山),レディ－スカジュアル,,レディ-スカジュアル,Y564EMA ,Tシャツ,15刺繍、N0A刺繍、N0B刺繍、N9A刺繍、N9B刺繍、N9B製品,しまむら,合格,合格,,
61026005114,2026-03-09,2026-03-11,如皋帝晨服&#39280;有限公司,岡山,,伊藤,216378A ,,N8クロ/N9ブラック本体、N8クロ/N9ブラックリブ、製品N8クロ、製品N9ブラック、ブラックワッペン,しまむら,合格,合格,,
61026005156,2026-03-09,2026-03-11,祥安服装如&#19996;有限公司,岡山,,平松,BW6D4CR　　BW624CR　　WW633CR　　WW634CR　　WW641NR  WH642NR   BW6A28R   BW6E4SR   B2616SR   B2617SR   BW6D3CR   BW623CR   BW6E5SR   ,,エメグリーン、カーキ、グレー、ターコ、ターコイズ、ネイビー、パープル、ブラック、ブルー、レッド,しまむら,合格,,,
Q2726003367,2026-03-09,2026-03-12,青&#23707;&#31166;金源&#32463;&#36152;有限公司（??&#21326;源）(青&#23707;恒新山),キッズカジュアル,,キッズカジュアル,F5635UR ,シャツ,65製品、65アップリケ刺繍、N1製品、N1アップリケ刺繍、白刺繍、赤刺繍,しまむら,合格,合格,,
61026005097,2026-03-09,2026-03-11,祥安服装如&#19996;有限公司,岡山,,平松,TH643MQ ,,A:N9ブラック、B:14ベージュ,しまむら,,合格,,
Q2726003149,2026-03-09,2026-03-11,大?&#39536;毅服&#39280;科技&#21457;展有限公司,アンダーウェア,,婦人アンダーウェア　笹田,9K623HR ,カップ付きハーフトップ,63、N9,しまむら,,合格,,
Q2726003365,2026-03-09,2026-03-12,青&#23707;&#31166;金源&#32463;&#36152;有限公司（??&#21326;源）(青&#23707;恒新山),キッズカジュアル,,キッズカジュアル,G563AUR ,Tシャツ,N0,しまむら,,合格,,
Q2726003415,2026-03-09,2026-03-11,青&#23707;&#31166;金源&#32463;&#36152;有限公司（??&#21326;源）(青&#23707;恒新山),子供ナイティー,,子供ナイティー,7762VJR ,パジャマ,03製品、03リブ、83製品、83リブ、白シックテープ,しまむら,合格,合格,,
Q2726003319,2026-03-09,2026-03-10,大?程?国&#38469;&#36152;易有限公司（帛来）,婦人ナイティー,,婦人ナイティー,316300R ,パジャマ,03,しまむら,合格,,,
Q2726003317,2026-03-09,2026-03-10,大?程?国&#38469;&#36152;易有限公司（帛来）,婦人ナイティー,,婦人ナイティー,386401R ,パジャマ,83,しまむら,合格,,,
Q2726003195,2026-03-09,2026-03-11,青&#23707;呈?服装有限公司,メンズカジュアル,,メンズカジュアル,X5630WA ,シャツ,N9,しまむら,,合格,,
Q2726003446,2026-03-09,2026-03-11,青&#23707;佰利源&#32442;&#32455;有限公司,紳士アンダ－ウェア,,紳士アンダ-ウェア,TW6A57R ,タンクトップ,N0製品、N9本体、N9製品,しまむら,合格,合格,,
Q2726003379,2026-03-09,2026-03-12,青&#23707;&#31166;金源&#32463;&#36152;有限公司（??&#21326;源）(青&#23707;恒新山),レディ－スカジュアル,,レディ-スカジュアル,Y564CMA ,Tシャツ,N0B製品、イエロー
刺繍、ピンク
刺繍,しまむら,合格,合格,,
Q2726003377,2026-03-09,2026-03-11,青&#23707;&#31166;金源&#32463;&#36152;有限公司（??&#21326;源）(青&#23707;恒新山),キッズカジュアル,,キッズカジュアル,F4632UR ,パンツ,67本体、67製品、67ワッペン、白ひも、白刺繍、白シックテープ、赤アップリケ、ネイビー
アップリケ,しまむら,合格,合格,,
Q2726003381,2026-03-09,2026-03-11,青&#23707;&#31166;金源&#32463;&#36152;有限公司（??&#21326;源）(青&#23707;恒新山),レディ－スカジュアル,,レディ-スカジュアル,Y563YMA ,Tシャツ,N9A製品、白前刺繍、赤前刺繍、赤袖刺繍、黄前刺繍、黄袖刺繍、黒前刺繍,しまむら,合格,合格,,
Q2726003310,2026-03-09,2026-03-11,高密市明&#35802;服&#39280;有限公司,アンダーウェア,,婦人アンダーウェア　笹田,左下記 ,ショーツ,杢グレー、ピンク、ブルー,しまむら,合格,,,
Q2726003383,2026-03-09,2026-03-11,青&#23707;&#31166;金源&#32463;&#36152;有限公司（??&#21326;源）(青&#23707;恒新山),レディ－スカジュアル,,レディ-スカジュアル,Y5641MA ,Tシャツ,N9A製品、黄刺繍、黒刺繍,しまむら,合格,合格,,
61026005077,2026-03-09,2026-03-11,祥安服装如&#19996;有限公司,岡山,,平松,TH641MQ ,Kappa 丸首半袖 ハニカムメッシュ,A:67ネイビー、B:N9ブラック,しまむら,,合格,,
Q2726003370,2026-03-09,2026-03-12,青&#23707;&#31166;金源&#32463;&#36152;有限公司（??&#21326;源）(青&#23707;恒新山),キッズカジュアル,,キッズカジュアル,GW630CZ ,ワンピース,54、55,しまむら,,合格,,
61026005032,2026-03-09,2026-03-11,祥安服装如&#19996;有限公司,岡山,,平松,1Z626ER/1Z627ER ,生地(アームカバー),N9ブラック,しまむら,合格,,,
Q2726003375,2026-03-09,2026-03-11,青&#23707;&#31166;金源&#32463;&#36152;有限公司（??&#21326;源）(青&#23707;恒新山),キッズカジュアル,,キッズカジュアル,G563CUR ,Tシャツ,03,しまむら,,合格,,
Q2726003372,2026-03-09,2026-03-12,青&#23707;&#31166;金源&#32463;&#36152;有限公司（??&#21326;源）(青&#23707;恒新山),キッズカジュアル,,キッズカジュアル,F5633CZ ,T SHIRT,54、55,しまむら,,合格,,
Q2726002551,2026-03-06,2026-03-10,&#35832;城方利制衣有限公司,アンダーウェア,,婦人アンダーウェア　笹田,9N62AHR ,カップ付きタンクトップ,15製品、N7製品、N9製品、黒本体、黒バインダー、黒マーキ,しまむら,合格,合格,,
61026004965,2026-03-06,2026-03-10,上海昊客商&#36152;有限公司,,,?山,RT63XPZ ,生地(ロンパース),63サックス,しまむら,合格,,,
61026004937,2026-03-06,2026-03-10,如皋帝晨服&#39280;有限公司,岡山,,,7663V3R ,,03ピンク、N3グレー、オレンジ背首テープ、ネイビーワッペン、ピンク本体、ピンク背首テープ、ピンクリブ,しまむら,,合格,,
61026004926,2026-03-06,2026-03-10,南通?川服飾有限公司,,,,F563BYR ,,製品,しまむら,,合格,,
61026004977,2026-03-06,2026-03-10,上海昊客商&#36152;有限公司,,,?山,R2630PZ+RT63YPZ+RW630PZ ,,63サックスB、67ネイビーA,しまむら,合格,,,
61026004913,2026-03-06,2026-03-10,南通?川服飾有限公司,,,,Y5637AA ,,淡キャメル刺繍糸、濃イエロー刺繍糸、製品N0ホワイト、オレンジ刺繍糸、クリームイエロー刺繍糸、サックス刺繍糸、チャ刺繍糸、ピンク刺繍糸,しまむら,合格,合格,,
Q2726003264,2026-03-06,2026-03-10,青&#23707;&#31166;金源&#32463;&#36152;有限公司（??&#21326;源）(青&#23707;恒新山),レディ－スカジュアル,,レディ-スカジュアル,Y564MMA ,Tシャツ,N9,しまむら,,合格,,
50125005911,2026-03-06,2026-03-09,株式会社カイタックファミリー,戦略開発課,,脇本,126200R ,日本製播州織デニム調ツイル長袖長パンツ(パジャマ),67ネイビー、パイピング,しまむら,,合格,,
Q2726003266,2026-03-06,2026-03-10,青&#23707;&#31166;金源&#32463;&#36152;有限公司（??&#21326;源）(青&#23707;恒新山),レディ－スカジュアル,,レディ-スカジュアル,Y564GMA ,Tシャツ,N9,しまむら,,合格,,
61026004912,2026-03-06,2026-03-10,南通?川服飾有限公司,,,,Y5630AA/Y5631AA/Y5632AA/Y5636AA/Y5637AA/Y5638AA/Y5639AA/Y563AAA/Y563BAA/Y563CAA/Y5633UA/Y5632UA/Y5633WA/Y5634WA ,,10Cチャコール、1215Cイエロー、129Cピンク、137Cオレンジ、1Cアイボリー、2151Cブルー、2170Cブルー、2319Cチャ、4017Cイエロー、4525Cブラウン、542Cサックス、7686Cネイビー、9060C淡イエロー、9480Cサックス、桔&#32418;、橘&#32418;、淡イエロー、淡キャメル、濃イエロー、濃チャ、白、イエロー、オウド、オレンジ、キャメル、クリーム、クリームイエロー、グリーン、グレーブルー、サックス、サンドベージュ、ターコ、チャ、チャコール、ネイビー、ピンク、ブラウン、ブルー,しまむら,合格,,,
Q2726003287,2026-03-06,2026-03-10,青&#23707;&#31166;金源&#32463;&#36152;有限公司（??&#21326;源）(青&#23707;恒新山),レディ－スカジュアル,,レディ-スカジュアル,Y4631WR ,婦人パンツ,14製品、白シックテープ、ベージュ
ひも,しまむら,合格,合格,,
Q2726003285,2026-03-06,2026-03-10,青&#23707;&#31166;金源&#32463;&#36152;有限公司（??&#21326;源）(青&#23707;恒新山),メンズカジュアル,,メンズカジュアル,ZR630QR ,生地,05、N9,しまむら,合格,,,
Q2726003250,2026-03-05,2026-03-09,青&#23707;&#31166;金源&#32463;&#36152;有限公司（??&#21326;源）(青&#23707;恒新山),レディ－スカジュアル,,レディ-スカジュアル,Y564PMA ,Tシャツ,N9ブラック,しまむら,,合格,,
61026004533,2026-03-05,2026-03-09,南通?川服飾有限公司,,,,Y5630UA  Y5631UA  Y5633WA  Y5634WR  Y4630AA  Y4631AA ,糸(半袖DROP T),113Cイエロー、136Cイエロー、198Cピンク、203Cピンク、7509Cイエロー、9220Cベージュ、淡イエロー、濃イエロー、白、茶、赤、黒、イエロー、グリーン、ネイビー、ベージュ,しまむら,合格,,,
Q2726003258,2026-03-05,2026-03-09,青&#23707;天一泰和国&#38469;&#36152;易有限公司(天森豪?票)普票EXL,レディ－スカジュアル,,レディ-スカジュアル,Y5630GR/Y5631GR/Y5632GR/Y5633GR/Y5634WR/Y5636WR/Y5637WR/Y5630XR/Y5631XR/Y5632XR ,生地,10、67、82、N7、N9,しまむら,合格,,,
Q2726003252,2026-03-05,2026-03-09,青&#23707;&#31166;金源&#32463;&#36152;有限公司（??&#21326;源）(青&#23707;恒新山),レディ－スカジュアル,,レディ-スカジュアル,Y564DMA ,Tシャツ,N9A,しまむら,,合格,,
61026004848,2026-03-05,2026-03-09,南通?川服飾有限公司,,,,G5635DR ,半袖Tシャツ,N0ホワイト、N9ブラック、サガラ刺繍糸(N9ブラック),しまむら,合格,合格,,
61026004845,2026-03-05,2026-03-09,如皋帝晨服&#39280;有限公司,,,,216238R ,生地(パジャマ),67ネイビー天竺pt、67ネイビー天竺無地、67ネイビーリブ、オレンジ背首テープ,しまむら,合格,,,
61026004534,2026-03-05,2026-03-09,南通?川服飾有限公司,,,,Y5631UA ,半袖DROP T,113Cイエロー、136Cイエロー、198Cピンク、203Cピンク、7509Cイエロー、9220Cベージュ、N7チャコール、白、黒、ブラック刺繍糸太、ブラック刺繍糸細,しまむら,合格,合格,,
Q2726003228,2026-03-05,2026-03-09,青&#23707;朗和国&#38469;&#36152;易有限公司,レディ－スカジュアル,,レディ-スカジュアル,A563ARR/A563BRR/A5638RR/A5639RR/A5633MR ,生地,15本体、15リブ、50本体、50リブ、67本体、67リブ、N0本体、N1本体、N2本体、N3本体、N3リブ、N8本体、N8リブ、N9本体、N9リブ,しまむら,合格,,,
Q2726003217,2026-03-05,2026-03-06,青&#23707;&#31166;金源&#32463;&#36152;有限公司（??&#21326;源）(青&#23707;恒新山),子供ナイティー,,子供ナイティー,7663UYR ,パジャマ,15、63-6、N4-1,しまむら,合格,,,
61026004536,2026-03-05,2026-03-09,南通?川服飾有限公司,,,,Y5633WA ,半袖DROP T,113Cイエロー、136Cイエロー、9220Cベージュ、N7チャコール、淡イエロー、濃イエロー、白、茶、茶刺繍、赤、イエロー、グリーン、ネイビー、ベージュ,しまむら,合格,合格,,
Q2726003239,2026-03-05,2026-03-06,青&#23707;&#31166;金源&#32463;&#36152;有限公司（??&#21326;源）(青&#23707;恒新山),レディ－スカジュアル,,レディ-スカジュアル,C563JMA ,生地,N9刺
(NT/LA/SD)、N9衿テープ、N9身生地、N9リブ,しまむら,合格,,,
Q2726003248,2026-03-05,2026-03-09,青&#23707;&#31166;金源&#32463;&#36152;有限公司（??&#21326;源）(青&#23707;恒新山),レディ－スカジュアル,,レディ-スカジュアル,Y564QMA ,Tシャツ,N9,しまむら,,合格,,
Q2726003244,2026-03-05,2026-03-09,青&#23707;&#31166;金源&#32463;&#36152;有限公司（??&#21326;源）(青&#23707;恒新山),子供ナイティー,,子供ナイティー,7762ZRR ,パジャマ,54製品、白シックテープ、エメグリーンリブ,しまむら,合格,合格,,
Q2726003240,2026-03-05,2026-03-09,Grand Concord Garment(Hong Kong) Limited&#35832;城裕泰&#38024;&#32455;有限公司（广豪）,アンダーウェア,,婦人アンダーウェア　笹田,9L620ER ,生地,67、N9,しまむら,合格,,,
61026004858,2026-03-05,2026-03-10,南通?川服飾有限公司,,,,Y563CAA ,半袖DROP T,N9ブラック後背刺繍、製品,しまむら,合格,合格,,
61026004892,2026-03-05,2026-03-09,祥安服装如&#19996;有限公司,岡山,,平松,BW5N48Z-1 ,マインクラフト 男児2Pボクサー,67ネイビー本体、N9ブラック本体、製品67ネイビー、製品N9ブラック、グリーンゴム、ブラックゴム,しまむら,,合格,,
61026004882,2026-03-05,2026-03-10,南通?川服飾有限公司,,,,Y563AAA ,,3517C赤刺繍糸、360Cグリーン刺繍糸、715Cイエロー刺繍糸、白刺繍糸、製品、黒刺繍糸、オレンジ系刺繍(後身),しまむら,合格,合格,,
61026004894,2026-03-05,2026-03-09,祥安服装如&#19996;有限公司,岡山,,平松,B26328Q ,プリングルズ 紳士エステルベア天ボクサー,50ライトグリーン、55グリーン、N9ブラック、ブラックゴム,しまむら,合格,合格,,
61026004898,2026-03-05,2026-03-09,祥安服装如&#19996;有限公司,岡山,,平松,TH6A3SR ,男児リーボックV首ノースリーブPT,A:N0ホワイト、B:N9ブラック、B:N9ブラックリブ,しまむら,,合格,,
61026004862,2026-03-05,2026-03-09,祥安服装如&#19996;有限公司,岡山,,平松,TH618SR ,リーボック丸首PTノースリーブ,A:N0ホワイト、B:N9ブラック、N9ブラックリブ,しまむら,合格,合格,,
61026004878,2026-03-05,2026-03-09,南通?川服飾有限公司,,,,Y5633AA ,半袖DROP T,製品,しまむら,,合格,,
61026004864,2026-03-05,2026-03-09,南通?川服飾有限公司,,,,Y5634AA ,,製品,しまむら,,合格,,
61026004874,2026-03-05,2026-03-09,南通?川服飾有限公司,,,,Y563BAA ,半袖DROP T,114Cイエロー刺繍、156ベージュ刺繍、5Cグレー刺繍、7724Cグリーン刺繍、白刺繍、製品、黒刺繍,しまむら,合格,合格,,
61026004868,2026-03-05,2026-03-09,祥安服装如&#19996;有限公司,岡山,,平松,BW5N38Z-1 ,マインクラフト 男児2Pボクサー,N3グレー、N9ブラック、N9ブラック本体、パープルゴム、レッドゴム,しまむら,合格,合格,,
Q2726003167,2026-03-04,2026-03-06,Grand Concord Garment(Hong Kong) Limited&#35832;城裕泰&#38024;&#32455;有限公司（广豪）,アンダーウェア,,婦人アンダーウェア　笹田,9N621HR/9N622HR/9M62BHR/9M62CHR ,インナー,03、10、63、67、82、N9,しまむら,合格,,,
Q2726003180,2026-03-04,2026-03-06,青&#23707;&#31166;金源&#32463;&#36152;有限公司（??&#21326;源）(青&#23707;恒新山),メンズカジュアル,,メンズカジュアル,S5630WR ,紳士シャツ,N9A,しまむら,,合格,,
Q2726003184,2026-03-04,2026-03-09,青&#23707;伊美瑛国&#38469;&#36152;易有限公司,レディ－スカジュアル,,レディ-スカジュアル,Y4630RR ,パンツ,N9製品、白刺繍、黒刺繍、黒本体,しまむら,合格,合格,,
Q2726003165,2026-03-04,2026-03-06,Grand Concord Garment(Hong Kong) Limited&#35832;城裕泰&#38024;&#32455;有限公司（广豪）,アンダーウェア,,婦人アンダーウェア　笹田,9K620MR/9K623QR/9K624QR/94620QR/94621QR/9N620QR/9N621QR ,生地,10、N9,しまむら,合格,,,
61026004769,2026-03-04,2026-03-16,江?嘉晟&#36827;出口&#36152;易有限公司,岡山,,唐木,5K6D5EZ ,MLB女児ルーズソックス1P,15ブラウン、15ブラウン刺繍、15ブラウン本体、63サックス、63サックス刺繍、63サックス本体、N3グレー、N3グレー刺繍、N3グレー本体,しまむら,合格,合格,,
61026004773,2026-03-04,2026-03-06,上海星雅服&#39280;有限公司,岡山,,西堀,X6630ER   X4633ER   X563CER ,,N3グレー迷彩pt、N3グレーポロ衿、N3グレーメッシュ、N9ブラック迷彩pt、N9ブラックポロ衿、N9ブラックメッシュ、チャコールニットパイピング、ブラック×チャコールPT、ブラックニットパイピング,しまむら,合格,,,
61026004753,2026-03-04,2026-03-06,如皋帝晨服&#39280;有限公司,岡山,,伊藤,216378A   GNE-6001 ,生地(パジャマ),N9ブラック,しまむら,合格,,,
Q2726003237,2026-03-04,2026-03-06,Grand Concord Garment(Hong Kong) Limited&#35832;城裕泰&#38024;&#32455;有限公司（广豪）,アンダーウェア,,婦人アンダーウェア　笹田,9L6204R/9L6214R/9K6284R/9K6294R/9L62NRR/9M62PRR/9M62QRR/9R62RRR ,生地,10、N3、N9,しまむら,合格,,,
Q2726003235,2026-03-04,2026-03-06,Grand Concord Garment(Hong Kong) Limited&#35832;城裕泰&#38024;&#32455;有限公司（广豪）,アンダーウェア,,婦人アンダーウェア　笹田,9N620MR ,カップ付きタンクトップ,10製品、N9製品、白内ゴム、白刺繍、黒内ゴム、黒刺繍,しまむら,合格,合格,,
Q2726003207,2026-03-04,2026-03-06,&#35832;城和&#35802;服装&#38024;&#32455;有限公司,紳士ナイティー,,紳士ナイティー,226320R ,紳士パジャマ,67製品、白シックテープ、グレー
パイピング,しまむら,合格,合格,,
Q2726003171,2026-03-04,2026-03-06,青&#23707;&#21326;杉&#36152;易有限公司,ジーンズカジュアル,,ジーンズカジュアル,DM6363R(QXW795/QXW795MK) ,メンズパンツ,69、N7、N9,しまむら,合格,,,
Q1726000040,2026-03-04,2026-03-06,南通同泰服装有限公司,レディ－スカジュアル,,レディ-スカジュアル,Y9630QC ,婦人シャツ,63,しまむら,,合格,,
Q2726002974,2026-03-04,2026-03-06,青&#23707;&#31166;金源&#32463;&#36152;有限公司（??&#21326;源）(青&#23707;恒新山),キッズカジュアル,,キッズカジュアル,RT630CZ ,カバーオール,03ピンク製品、67ネイビー製品,しまむら,,合格,,
Q2726002964,2026-03-04,2026-03-06,青&#23707;&#31166;金源&#32463;&#36152;有限公司（??&#21326;源）(青&#23707;恒新山),レディ－スカジュアル,,レディ-スカジュアル,Y4632WR ,婦人パンツ,N9製品、生成り
シックテープ、ブラック
スピンドル,しまむら,合格,合格,,
Q2726003160,2026-03-04,2026-03-05,青&#23707;&#31166;金源&#32463;&#36152;有限公司（??&#21326;源）(青&#23707;恒新山),レディ－スカジュアル,,レディ-スカジュアル,Y564DMA/Y564NMA/Y564MMA/Y564QMA/Y564PMA ,刺繍,淡ピンク、濃ピンク、白、黄、黒、ローズ,しまむら,合格,,,
Q2726003161,2026-03-04,2026-03-06,青&#23707;&#31166;金源&#32463;&#36152;有限公司（??&#21326;源）(青&#23707;恒新山),レディ－スカジュアル,,レディ-スカジュアル,Y564NMA ,Tシャツ,N9,しまむら,,合格,,
Q2726003163,2026-03-04,2026-03-06,Grand Concord Garment(Hong Kong) Limited&#35832;城裕泰&#38024;&#32455;有限公司（广豪）,アンダーウェア,,婦人アンダーウェア　笹田,92620MR ,ショーツ,67製品、N9製品、紺テープ、黒×白ゴム、黒テープ,しまむら,合格,合格,,
Q2726003087,2026-03-03,2026-03-05,青&#23707;吉利基&#19994;&#36152;易公司,紳士ナイティー,,紳士ナイティー,226330R ,パジャマ,N3製品、白シックテープ、紺パイピング,しまむら,合格,合格,,
Q2726003125,2026-03-03,2026-03-05,青&#23707;朗和国&#38469;&#36152;易有限公司,レディ－スカジュアル,,レディ-スカジュアル,A4632RR ,ReebokスピードドライロングP,N9製品、白シックテープ、黒
脇パイピング、黒本体、黒ヒモ、グレー刺繍、ネイビー
脇パイピング、ネイビーヒモ,しまむら,合格,合格,,
Q2726003118,2026-03-03,2026-03-04,青&#23707;&#21326;杉&#36152;易有限公司,ジーンズカジュアル,,ジーンズカジュアル,D16362R/D16363R/D36362R(RB036-1H) ,レディースパンツ,N1、N9,しまむら,合格,,,
Q2726003101,2026-03-03,2026-03-06,青&#23707;&#31166;金源&#32463;&#36152;有限公司（??&#21326;源）(青&#23707;恒新山),子供ナイティー,,子供ナイティー,6762XHR ,パジャマ,N9製品、白シックテープ、黒本体、黒リブ,しまむら,合格,合格,,
Q2726003089,2026-03-03,2026-03-05,青&#23707;吉利基&#19994;&#36152;易公司,紳士ナイティー,,紳士ナイティー,226350R ,パジャマ,N7製品、白シックテープ、グレー
パイピング,しまむら,合格,合格,,
Q2726003091,2026-03-03,2026-03-05,青&#23707;吉利基&#19994;&#36152;易公司,紳士ナイティー,,紳士ナイティー,226310R ,パジャマ,67製品、N7製品、白刺繍、白シックテープ、白パイピング,しまむら,,合格,,
Q2726003001,2026-03-03,2026-03-05,青&#23707;&#31166;金源&#32463;&#36152;有限公司（??&#21326;源）(青&#23707;恒新山),レディ－スカジュアル,,レディ-スカジュアル,Y564HMA ,Tシャツ,N9,しまむら,,合格,,
Q2726002956,2026-03-03,2026-03-05,青&#23707;&#31166;金源&#32463;&#36152;有限公司（??&#21326;源）(青&#23707;恒新山),子供ナイティー,,子供ナイティー,7663WJR ,パジャマ,13製品、白シックテープ、アイボリー
リブ,しまむら,合格,合格,,
Q2726002456,2026-03-03,2026-03-05,青&#23707;伊美瑛国&#38469;&#36152;易有限公司,レディ－スカジュアル,,レディ-スカジュアル,Y5634RR ,Tシャツ,15製品、サックス刺繍、ブルー刺繍,しまむら,合格,合格,,
Q2726002996,2026-03-03,2026-03-05,青&#23707;&#31166;金源&#32463;&#36152;有限公司（??&#21326;源）(青&#23707;恒新山),レディ－スカジュアル,,レディ-スカジュアル,A4630WR/A5630WR ,生地,10本体、55本体、N7本体、N9本体、アイボリーリブ、グリーンリブ,しまむら,合格,,,
Q2726003083,2026-03-03,2026-03-05,大?程?国&#38469;&#36152;易有限公司（帛来）,婦人ナイティー,,婦人ナイティー,386451R ,パジャマ,63,しまむら,合格,,,
Q2726002999,2026-03-03,2026-03-05,青&#23707;&#31166;金源&#32463;&#36152;有限公司（??&#21326;源）(青&#23707;恒新山),キッズカジュアル,,キッズカジュアル,F4631CZ ,パンツ,03本体、03製品、10製品、白シックテープ、黄紐,しまむら,合格,合格,,
Q2726003085,2026-03-03,2026-03-05,青&#23707;吉利基&#19994;&#36152;易公司,紳士ナイティー,,紳士ナイティー,226340R ,紳士パジャマ,N3製品、白シックテープ、ブラウン
パイピング,しまむら,合格,合格,,
61026004728,2026-03-03,2026-03-05,祥安服装如&#19996;有限公司,岡山,,平松,TH616SR ,,A:N0ホワイト、B:N9ブラック、N9ブラックリブ,しまむら,合格,合格,,
Q2726003145,2026-03-03,2026-03-05,青&#23707;朗和国&#38469;&#36152;易有限公司,レディ－スカジュアル,,レディ-スカジュアル,A6620VR ,PERSONSジップパーカ,N9製品、黒本体,しまむら,合格,合格,,
Q2726003151,2026-03-03,2026-03-05,青&#23707;&#31166;金源&#32463;&#36152;有限公司（??&#21326;源）(青&#23707;恒新山),レディ－スカジュアル,,レディ-スカジュアル,A5630WR ,半袖T,10オフホワイト,しまむら,,合格,,
Q2726003143,2026-03-03,2026-03-05,青&#23707;朗和国&#38469;&#36152;易有限公司,レディ－スカジュアル,,レディ-スカジュアル,A5620VR ,PERSONS　Tシャツ,N9製品、黒本体,しまむら,合格,合格,,
50125005946,2026-03-03,2026-03-05,株式会社播,,,高瀬,[5BN241R]AF2629 ,パジャマ,03ピンク,しまむら,合格,,,
Q2726003169,2026-03-03,2026-03-05,青&#23707;朗和国&#38469;&#36152;易有限公司,レディ－スカジュアル,,レディ-スカジュアル,A4620VR ,PERSONSパンツ,67製品、N9本体、白シックテープ、紺紐、黒紐、チャコール紐,しまむら,合格,合格,,
Q2726002935,2026-03-03,2026-03-05,青&#23707;&#31166;金源&#32463;&#36152;有限公司（??&#21326;源）(青&#23707;恒新山),子供ナイティー,,子供ナイティー,76636SR ,パジャマ,83製品、83リブ、白シックテープ,しまむら,合格,合格,,
Q2726002937,2026-03-03,2026-03-05,青&#23707;&#31166;金源&#32463;&#36152;有限公司（??&#21326;源）(青&#23707;恒新山),子供ナイティー,,子供ナイティー,76637SR ,パジャマ,63製品、63リブ、白シックテープ,しまむら,合格,合格,,
Q2726003129,2026-03-03,2026-03-05,青&#23707;朗和国&#38469;&#36152;易有限公司,レディ－スカジュアル,,レディ-スカジュアル,A5633RR ,Reebokスピードドライ半袖T,N9本体、N9製品,しまむら,合格,合格,,
61026004693,2026-03-03,2026-03-05,如皋帝晨服&#39280;有限公司,岡山,,伊藤,28631EA ,パジャマ,57カーキ,しまむら,,合格,,
61026004662,2026-03-03,2026-03-05,如皋帝晨服&#39280;有限公司,岡山,,藤澤,7663V3R    No.1/2:CK6-3235   No.3/4:CK-3235FR ,生地(パジャマ),03ピンク天竺、03ピンクリブ、N3グレー天竺、N3グレーリブ,しまむら,合格,,,
61026004710,2026-03-03,2026-03-05,祥安服装如&#19996;有限公司,岡山,,平松,K2632AR  CG-4GH ,ゴム(トロイニットラ),ブラック,しまむら,合格,,,
61026004720,2026-03-03,2026-03-05,如皋帝晨服&#39280;有限公司,岡山,,,206211R ,パジャマ,67ネイビーA/B/C、67ネイビー天竺、67ネイビー裏毛本体、67ネイビーリブ、N3グレーA/B/C、N3グレーボーダー本体、ベージュ系ワッペン,しまむら,合格,合格,,
61026004733,2026-03-03,2026-03-05,江?嘉晟&#36827;出口&#36152;易有限公司,岡山,,唐木,5G6A48R ,,A-1 55グリーン、A-1 55グリーン/B-3 55グリーン刺繍、A-1 55グリーン本体、A-2 83パープル、A-2 83パープル刺繍、A-2 83パープル本体、A-3 52ターコ、A-3 52ターコ/B-1 52ターコ刺繍、A-3 52ターコ本体、B-1 52ターコ、B-1 52ターコ本体、B-2 35イエロー、B-2 35イエロー刺繍、B-2 35イエロー本体、B-3 55グリーン、B-3 55グリーン本体,しまむら,合格,合格,,
Q2726002454,2026-03-03,2026-03-05,青&#23707;伊美瑛国&#38469;&#36152;易有限公司,レディ－スカジュアル,,レディ-スカジュアル,Y5631RR ,Tシャツ,N9製品、白刺繍,しまむら,,合格,,
Q2726003127,2026-03-03,2026-03-05,青&#23707;朗和国&#38469;&#36152;易有限公司,レディ－スカジュアル,,レディ-スカジュアル,A5634RR ,Reebok綿タッチ鹿の子半袖T,N9本体、N9製品、白刺繍、黒×白
衿リブ、黒×白袖口リブ、黒刺繍、アイボリー×黒衿リブ、アイボリー×黒袖口リブ,しまむら,合格,合格,,
61526004763,2026-03-03,2026-03-05,上海&#39134;&#39532;&#36827;出口有限公司,岡山,,飼田,G5630MR ,,製品、ブラック本体、ブラック首ぐりリブ,しまむら,合格,合格,,
Q2726002838,2026-03-02,2026-03-04,青&#23707;&#31166;金源&#32463;&#36152;有限公司（??&#21326;源）(青&#23707;恒新山),キッズカジュアル,,キッズカジュアル,RT63ZPZ ,生地,63,しまむら,合格,,,
Q2726002962,2026-03-02,2026-03-04,青&#23707;&#31166;金源&#32463;&#36152;有限公司（??&#21326;源）(青&#23707;恒新山),レディ－スカジュアル,,レディ-スカジュアル,Y4632RR ,パンツ,N9本体、白刺繍、白シックテープ、白テープ、紺刺繍、紺テープ、黒紐、オートミール紐,しまむら,合格,合格,,
Q2726002960,2026-03-02,2026-03-04,青&#23707;&#31166;金源&#32463;&#36152;有限公司（??&#21326;源）(青&#23707;恒新山),キッズカジュアル,,キッズカジュアル,RT633CZ ,カバーオール,54エメグリーン、55グリーン,しまむら,,合格,,
Q2726002986,2026-03-02,2026-03-04,Grand Concord Garment(Hong Kong) Limited&#35832;城裕泰&#38024;&#32455;有限公司（广豪）,アンダーウェア,,婦人アンダーウェア　笹田,9K62TDR/9N62UDR ,生地,67、N9,しまむら,合格,,,
61526004561,2026-03-02,2026-03-04,上海&#39134;&#39532;&#36827;出口有限公司,岡山,,飼田,F5638YZ ,,製品,しまむら,,合格,,
Q2726002988,2026-03-02,2026-03-04,Grand Concord Garment(Hong Kong) Limited&#35832;城裕泰&#38024;&#32455;有限公司（广豪）,アンダーウェア,,婦人アンダーウェア　笹田,9M622DR/9K623DR ,生地,67、N9,しまむら,合格,,,
Q2726002992,2026-03-02,2026-03-05,青&#23707;&#31166;金源&#32463;&#36152;有限公司（??&#21326;源）(青&#23707;恒新山),レディ－スカジュアル,,レディ-スカジュアル,A4630WR ,パンツ,N9本体、N9製品、白シックテープ、チャコール紐、ブラック紐,しまむら,合格,合格,,
Q2726003075,2026-03-02,2026-03-04,青&#23707;&#31166;金源&#32463;&#36152;有限公司（??&#21326;源）(青&#23707;恒新山),レディ－スカジュアル,,レディ-スカジュアル,Y5642MA ,婦人シャツ,55A,しまむら,,合格,,
Q2726003073,2026-03-02,2026-03-04,青&#23707;&#31166;金源&#32463;&#36152;有限公司（??&#21326;源）(青&#23707;恒新山),レディ－スカジュアル,,レディ-スカジュアル,Y564JMA ,婦人シャツ,,しまむら,,合格,,
61526004667,2026-03-02,2026-03-05,上海&#39134;&#39532;&#36827;出口有限公司,岡山,,飼田,F5634MR ,丸首半袖T,15ブラウン、67ネイビー、N3グレー、ネイビー系左袖ワッペン,しまむら,合格,合格,,
Q2726002978,2026-03-02,2026-03-04,青&#23707;&#31166;金源&#32463;&#36152;有限公司（??&#21326;源）(青&#23707;恒新山),レディ－スカジュアル,,レディ-スカジュアル,Y5632WR ,T SHIRT,N9製品、白刺繍,しまむら,,合格,,
61526004564,2026-03-02,2026-03-04,上海&#39134;&#39532;&#36827;出口有限公司,岡山,,飼田,F5639YZ ,,製品,しまむら,,合格,,
Q2726002972,2026-03-02,2026-03-04,青&#23707;&#31166;金源&#32463;&#36152;有限公司（??&#21326;源）(青&#23707;恒新山),キッズカジュアル,,キッズカジュアル,RT632CZ ,ロンパース,10、N9,しまむら,,合格,,
Q2726002966,2026-03-02,2026-03-04,青&#23707;&#31166;金源&#32463;&#36152;有限公司（??&#21326;源）(青&#23707;恒新山),キッズカジュアル,,キッズカジュアル,F5630CZ ,Tシャツ,03、67,しまむら,,合格,,
61526004586,2026-03-02,2026-03-04,上海&#39134;&#39532;&#36827;出口有限公司,岡山,,飼田,F563AYZ ,半袖Tシャツ,N0ホワイト,しまむら,,合格,,
Q2726002950,2026-03-02,2026-03-04,山&#19996;省&#28493;坊市&#36827;出口有限公司,子供ナイティー,,子供ナイティー,6663DJR ,パジャマ,63上衣、63下衣、白腹巻、白シックテープ、白テープ,しまむら,,合格,,
Q2726003077,2026-03-02,2026-03-04,青&#23707;&#31166;金源&#32463;&#36152;有限公司（??&#21326;源）(青&#23707;恒新山),レディ－スカジュアル,,レディ-スカジュアル,Y564KMA ,婦人シャツ,55A,しまむら,,合格,,
Q2726002952,2026-03-02,2026-03-04,山&#19996;省&#28493;坊市&#36827;出口有限公司,子供ナイティー,,子供ナイティー,7663DJR ,パジャマ,03上衣、03下衣、白腹巻、白シックテープ、白テープ,しまむら,,合格,,
61026004595,2026-03-02,2026-03-04,祥安服装如&#19996;有限公司,岡山,,平松,TW6B1SR-1 ,男児リーボック2Pタンクトップ,N9ブラック本体、製品N0ホワイト、製品N9ブラック,しまむら,,合格,,
61026004612,2026-03-02,2026-03-04,南通?川服飾有限公司,,,,G5636DR ,半袖Tシャツ,10オフホワイト、10オフホワイト刺繍、N7チャコール、N7チャコール刺繍,しまむら,合格,合格,,
Q2726002958,2026-03-02,2026-03-04,青&#23707;&#31166;金源&#32463;&#36152;有限公司（??&#21326;源）(青&#23707;恒新山),子供ナイティー,,子供ナイティー,6762ZHR ,パジャマ,N3製品、杢グレーリブ、白シックテープ、ブラック本体、ブラックリブ,しまむら,合格,合格,,
61026004583,2026-03-02,2026-03-04,祥安服装如&#19996;有限公司,岡山,,平松,BW6A18R ,ブルーイ2Pボクサー,63サックス、68ダークブルー、68ダークブルー本体、ネイビーゴム,しまむら,,合格,,
Q2726002915,2026-02-28,2026-03-03,青&#23707;&#31166;金源&#32463;&#36152;有限公司（??&#21326;源）(青&#23707;恒新山),キッズカジュアル,,キッズカジュアル,F5636YZ ,Tシャツ,N9,しまむら,,合格,,
Q2726002830,2026-02-28,2026-03-03,高密亨利制衣有限公司,アンダーウェア,,婦人アンダーウェア　笹田,9A620QR ,ショーツ,N9ブラック本体、N9ブラック製品、黒×イエロー
ゴム,しまむら,合格,合格,,
Q2726002832,2026-02-28,2026-03-03,高密亨利制衣有限公司,アンダーウェア,,婦人アンダーウェア　笹田,9A621QR ,サニタリーショーツ,N9本体、N9製品、N9ゴム,しまむら,合格,合格,,
Q2726002917,2026-02-28,2026-03-03,青&#23707;&#31166;金源&#32463;&#36152;有限公司（??&#21326;源）(青&#23707;恒新山),キッズカジュアル,,キッズカジュアル,F5633YZ ,Tシャツ,N8,しまむら,,合格,,
Q2726002834,2026-02-28,2026-03-03,高密亨利制衣有限公司,アンダーウェア,,婦人アンダーウェア　笹田,9S624QR ,サニタリーショーツ,67製品、N9本体、N9製品、N9ゴム,しまむら,合格,合格,,
Q2726002919,2026-02-28,2026-03-03,青&#23707;&#31166;金源&#32463;&#36152;有限公司（??&#21326;源）(青&#23707;恒新山),キッズカジュアル,,キッズカジュアル,F5634YZ ,Tシャツ,N9,しまむら,,合格,,
Q2726002347,2026-02-27,2026-03-02,青&#23707;紫?国&#38469;&#36152;易有限公司,ライフグッズ,,ライフグッズ,1T621ER ,バックパック,N9製品、黒
裏バインダー、黒テープ,しまむら,合格,合格,,
Q2726002346,2026-02-27,2026-03-02,青&#23707;紫?国&#38469;&#36152;易有限公司,ライフグッズ,,ライフグッズ,1T620ER ,バックパック,N9製品、黒裏バインダー、黒テープ,しまむら,合格,合格,,
61026004531,2026-02-27,2026-03-03,祥安服装如&#19996;有限公司,岡山,,平松,BW6E1SR-1 ,,N9ブラック(パープルゴム)、N9ブラック(ブルーゴム)、N9ブラック本体、パープルゴム、ブルーゴム,しまむら,合格,合格,,
Q2726002790,2026-02-27,2026-03-02,青&#23707;呈?服装有限公司,レディ－スカジュアル,,レディ-スカジュアル,Y6630QC ,生地,57、65、N7,しまむら,合格,,,
61526004542,2026-02-27,2026-03-03,上海&#39134;&#39532;&#36827;出口有限公司,岡山,,飼田,F5632LR ,Tシャツ,製品,しまむら,,合格,,
Q2726002825,2026-02-27,2026-03-03,高密亨利制衣有限公司,アンダーウェア,,婦人アンダーウェア　笹田,9H62BUR ,スタンダードショーツ,黒×白製品、黒×クリーム製品、黒身生地、ネイビー製品,しまむら,合格,合格,,
61026004389,2026-02-27,2026-03-02,?家港市佳怡&#31166;服&#39280;有限公司,岡山,,田中,A1620DR ,ZIP JK,67ネイビー本体、製品67ネイビー、金糸刺繍,しまむら,合格,合格,,
Q2726002854,2026-02-27,2026-03-02,山&#19996;省&#28493;坊市&#36827;出口有限公司,婦人ナイティー,,婦人ナイティー,7663KPR ,パジャマ,67刺繍、67本体、67製品、白シックテープ,しまむら,合格,合格,,
Q2726002849,2026-02-27,2026-03-02,山&#19996;省&#28493;坊市&#36827;出口有限公司,婦人ナイティー,,婦人ナイティー,7663MWR ,パジャマ,N7本体、N7製品、白シックテープ,しまむら,合格,合格,,
61526003335,2026-02-27,2026-03-03,上海&#39134;&#39532;&#36827;出口有限公司,岡山,,飼田,G5630RZ ,丸首半袖T,製品N9ブラック、黒刺繍、サックス刺繍,しまむら,合格,合格,,
Q2726002847,2026-02-27,2026-03-02,山&#19996;省&#28493;坊市&#36827;出口有限公司,婦人ナイティー,,婦人ナイティー,7663LPR ,パジャマ,13アイボリー製品、白シックテープ,しまむら,,合格,,
61026004498,2026-02-27,2026-03-03,祥安服装如&#19996;有限公司,岡山,,平松,BW6B38Z/BW6B48Z  CG-51MC ,ゴム(マインクラフト男児2Pボクサー),チャコール、ブルー、モスグリーン、ライトグリーン,しまむら,合格,,,
Q2726002823,2026-02-27,2026-03-02,高密亨利制衣有限公司,アンダーウェア,,婦人アンダーウェア　笹田,9H620XR ,スタンダードショーツ,黒×白製品、黒×白ゴム、黒×ゴールド製品、黒×シルバー製品、黒身生地,しまむら,合格,合格,,
61026004524,2026-02-27,2026-03-03,如皋帝晨服&#39280;有限公司,岡山,,伊藤,21621RR ,パジャマ,67ネイビー(無地)本体、67ネイビー(ボーダー)本体、67ネイビーリブ、製品67ネイビー、ネイビー用刺繍,しまむら,合格,合格,,
61026004512,2026-02-27,2026-03-03,南通?川服飾有限公司,,,,Y5630UA ,,製品、黄刺繍,しまむら,合格,合格,,
61526004467,2026-02-26,2026-03-02,上海&#39134;&#39532;&#36827;出口有限公司,岡山,,飼田,F5637YZ ,半袖Tシャツ,N9ブラック,しまむら,,合格,,
61526004465,2026-02-26,2026-03-02,上海&#39134;&#39532;&#36827;出口有限公司,岡山,,飼田,F5635YZ ,半袖Tシャツ,製品,しまむら,,合格,,
61026004468,2026-02-26,2026-03-02,南通?川服飾有限公司,,,,F563DYR ,半袖Tシャツ,N9ブラック,しまむら,,合格,,
61026004462,2026-02-26,2026-03-02,南通?川服飾有限公司,,,,F563CYR ,半袖Tシャツ,N7チャコール,しまむら,,合格,,
Q2726002651,2026-02-26,2026-02-28,青&#23707;伊美瑛国&#38469;&#36152;易有限公司,レディ－スカジュアル,,レディ-スカジュアル,Y4630RR ,パンツ,N1丸ゴム、N1本体、N1スピンドル、N9丸ゴム、N9本体、N9スピンドル、白シックテープ、白テープ,しまむら,合格,,,
61026004473,2026-02-26,2026-03-02,祥安服装如&#19996;有限公司,岡山,,平松,BW6418R ,初音ミク 紳士2Pボクサー,A-2 N9ブラック本体、製品、ブラックゴム,しまむら,合格,合格,,
61026004475,2026-02-26,2026-03-02,南通?川服飾有限公司,,,,F563FYR ,半袖Tシャツ,N9ブラック,しまむら,,合格,,
Q2726002685,2026-02-26,2026-03-02,青&#23707;&#31166;金源&#32463;&#36152;有限公司（??&#21326;源）(青&#23707;恒新山),子供ナイティー,,子供ナイティー,7663E8R ,パジャマ,13上衣、13下衣、ローズリブ,しまむら,合格,合格,,
61026004434,2026-02-26,2026-03-02,如皋帝晨服&#39280;有限公司,岡山,,伊藤,216378A  216328A(216328ア)  216338A(216338ア)  216368A(216368ア)  GNE-670M GNE-670R ,,N9ブラック本体、N9ブラックリブ、ブラック背首テープ、ブラックスピンドル紐,しまむら,合格,,,
61026004456,2026-02-26,2026-03-02,上海涵浚?&#19994;有限公司,岡山,,小野寺,1P6218A/1P6419A ,生地(ティッシュポーチ),淡イエロー、淡ピンク、アイボリー、アイボリー裏地、イエロー、イエロー裏地、オフ、オレンジ、クリーム、サックス、サックス裏地、ピンク裏地、ブルー裏地、モカ、モカ裏地、ローズ,しまむら,合格,,,
61526004497,2026-02-26,2026-03-02,?家港&#21326;夏帽&#19994;有限公司,岡山,,高木,1C616ER ,,N9ブラックテープ、製品,しまむら,合格,合格,,
61026004445,2026-02-26,2026-03-02,南通?川服飾有限公司,,,,F563EYR ,,製品,しまむら,,合格,,
61526004500,2026-02-26,2026-03-02,上海&#39134;&#39532;&#36827;出口有限公司,岡山,,飼田,F5631LR ,Tシャツ,13アイボリー本体、13アイボリーリブ、製品,しまむら,合格,合格,,
50125005876,2026-02-25,2026-03-09,株式会社カイタックファミリー,戦略開発課,,川棚,126210R ,日本製播州織デニム調ツイル長袖長パンツ(パジャマ),67ネイビー、N9ブラック、パイピング,しまむら,,合格,,
61026004399,2026-02-25,2026-02-27,如皋帝晨服&#39280;有限公司,岡山,,伊藤,28632EA ,,N9ブラック、N9ブラック無地,しまむら,合格,合格,,
61026004419,2026-02-25,2026-02-27,祥安服装如&#19996;有限公司,岡山,,平松,K26252R ,,83パープル、83パープル本体、N9ブラックサポーター部分,しまむら,合格,合格,,
61026004414,2026-02-25,2026-02-27,祥安服装如&#19996;有限公司,岡山,,平松,K26242R ,,55グリーン、55グリーン本体、N9ブラックサポーター,しまむら,合格,合格,,
61026004407,2026-02-25,2026-02-27,祥安服装如&#19996;有限公司,岡山,,平松,K26262R ,CLハンモックコモン,67ネイビー本体、製品、ブラックサポーター部分,しまむら,合格,合格,,
Q2726002868,2026-02-25,2026-02-27,威海市??国&#38469;合作集&#22242;有限公司,レディ－スカジュアル,,レディ-スカジュアル,PO6059/PO6060 ,生地,オフ、サックス,しまむら,合格,,,
Q2726002803,2026-02-25,2026-02-27,高密市?&#21326;美制衣有限公司,アンダーウェア,,婦人アンダーウェア　笹田,9L620UR ,ハーフトップ+ショーツセット,03ショーツ、03ハーフトップ、67ショーツ、67ハーフトップ、N9本体、N9ショーツ、N9ハーフトップ,しまむら,合格,合格,,
61026004355,2026-02-25,2026-02-27,祥安服装如&#19996;有限公司,岡山,,平松,TH621SQ ,,A:N0ホワイト、B:N9ブラック,しまむら,,合格,,
61026004383,2026-02-25,2026-02-27,祥安服装如&#19996;有限公司,岡山,,平松,BW6218R ,ミッフィーエステルベアボクサー2P,67ネイビー、69コン、N8クロ、N9ブラック、ブラックゴム,しまむら,合格,合格,,
61026004391,2026-02-25,2026-02-27,上海昊客商&#36152;有限公司,,,?山,RT632MZ ,ロンパース,10オフホワイト、15ブラウン、N2オートミール、ブラックリブ,しまむら,合格,合格,,
Q2726002807,2026-02-25,2026-02-27,&#35832;城方利制衣有限公司,アンダーウェア,,婦人アンダーウェア　笹田,9Q626BA ,うさまる1分丈パンツ,N9ブラック,しまむら,,合格,,
Q2726002805,2026-02-25,2026-02-27,&#35832;城方利制衣有限公司,アンダーウェア,,婦人アンダーウェア　笹田,9Q625BA ,うさまる箔プリント1分丈パンツ,N9,しまむら,,合格,,
Q2726002801,2026-02-24,2026-02-26,青&#23707;&#31166;金源&#32463;&#36152;有限公司（??&#21326;源）(青&#23707;恒新山),メンズカジュアル,,メンズカジュアル,C563GMA ,生地,SD黄刺繍,しまむら,合格,,,
Q2726002771,2026-02-24,2026-02-26,青&#23707;&#31166;金源&#32463;&#36152;有限公司（??&#21326;源）(青&#23707;恒新山),レディ－スカジュアル,,レディ-スカジュアル,Y5632QC/Y5633QC/Y5634PC/Y5633PC ,生地,14、67、N0/10、N2,しまむら,合格,,,
Q2726002795,2026-02-24,2026-02-26,青&#23707;&#31166;金源&#32463;&#36152;有限公司（??&#21326;源）(青&#23707;恒新山),キッズカジュアル,,キッズカジュアル,F5632CZ ,Tシャツ,10、N9,しまむら,,合格,,
Q2726002772,2026-02-24,2026-02-26,青&#23707;&#31166;金源&#32463;&#36152;有限公司（??&#21326;源）(青&#23707;恒新山),メンズカジュアル,,メンズカジュアル,C563GMA ,生地,50,しまむら,合格,,,
Q2726002706,2026-02-24,2026-02-26,青&#23707;&#31166;金源&#32463;&#36152;有限公司（??&#21326;源）(青&#23707;恒新山),キッズカジュアル,,キッズカジュアル,F5630UR/F5631UR/G5635UR ,Tシャツ,03B、55、83、N0,しまむら,合格,,,
Q2726002713,2026-02-24,2026-02-26,青&#23707;&#31166;金源&#32463;&#36152;有限公司（??&#21326;源）(青&#23707;恒新山),キッズカジュアル,,キッズカジュアル,G5635UR ,Tシャツ,03製品、緑リブ,しまむら,合格,合格,,
Q2726002839,2026-02-24,2026-02-26,&#35832;城和&#35802;服装&#38024;&#32455;有限公司,紳士ナイティー,,紳士ナイティー,22621RR ,紳士パジャマ,67本体、67製品、グレー
パイピング、グレー刺繍,しまむら,合格,合格,,
Q2726002758,2026-02-24,2026-02-26,青&#23707;&#31166;金源&#32463;&#36152;有限公司（??&#21326;源）(青&#23707;恒新山),メンズカジュアル,,メンズカジュアル,Z5630GA ,紳士シャツ,N9A本体、N9A製品、ブラックリブ,しまむら,合格,合格,,
Q2726002715,2026-02-24,2026-02-26,青&#23707;&#31166;金源&#32463;&#36152;有限公司（??&#21326;源）(青&#23707;恒新山),キッズカジュアル,,キッズカジュアル,F5631UR ,Tシャツ,N0製品、パープルリブ,しまむら,合格,合格,,
50125005805,2026-02-24,2026-02-26,株式会社播,,,高瀬,[6BN201R]AF2628(製品品番:306201R) ,パジャマ,03ピンク、83パープル,しまむら,合格,,,
Q2726002480,2026-02-24,2026-02-26,青&#23707;朗和国&#38469;&#36152;易有限公司,レディ－スカジュアル,,レディ-スカジュアル,A4620WR ,パンツ,N9本体、白シックテープ、黒紐,しまむら,合格,合格,,
61526004413,2026-02-24,2026-02-26,上海&#39134;&#39532;&#36827;出口有限公司,岡山,,飼田,E5631YR ,,製品,しまむら,,合格,,
61026004345,2026-02-24,2026-02-26,如皋帝晨服&#39280;有限公司,岡山,,伊藤,21631NA ,Reebok梨地半袖半パンツ(パジャマ),白刺繍、製品、ブラック切替、ブラックスピンドル紐、ブラックテープ,しまむら,合格,合格,,
Q2726002532,2026-02-24,2026-02-25,大?程?国&#38469;&#36152;易有限公司（帛来）,婦人ナイティー,,婦人ナイティー,386441R ,パジャマ,03,しまむら,合格,,,
Q2726002662,2026-02-24,2026-02-26,青&#23707;&#31166;金源&#32463;&#36152;有限公司（??&#21326;源）(青&#23707;恒新山),メンズカジュアル,,メンズカジュアル,C5630ER ,紳士シャツ,,しまむら,,合格,,
Q2726002534,2026-02-24,2026-02-26,大?程?国&#38469;&#36152;易有限公司（帛来）,婦人ナイティー,,婦人ナイティー,40635LA ,パジャマ,N7チャコール本体、N7チャコール製品、白シックテープ,しまむら,合格,合格,,
Q2726002528,2026-02-24,2026-02-26,大?程?国&#38469;&#36152;易有限公司（帛来）,婦人ナイティー,,婦人ナイティー,386401R ,パジャマ,55,しまむら,合格,,,
Q2726002531,2026-02-24,2026-02-26,山&#19996;省&#28493;坊市&#36827;出口有限公司,子供ナイティー,,子供ナイティー,7663DJR ,パジャマ,03身生地、03リブ,しまむら,合格,,,
Q2726002530,2026-02-24,2026-02-25,山&#19996;省&#28493;坊市&#36827;出口有限公司,子供ナイティー,,子供ナイティー,6663DJR ,パジャマ,63身生地、63リブ,しまむら,合格,,,
61026004347,2026-02-24,2026-02-26,如皋帝晨服&#39280;有限公司,岡山,,伊藤,21631CA ,パジャマ,N9ブラック本体、N9ブラックリブ、製品、ブラック背首テープ、ブラックスピンドル紐,しまむら,合格,合格,,
61026004340,2026-02-14,2026-02-26,祥安服装如&#19996;有限公司,岡山,,平松,TH611SR ,リーボックEベアハイネック長袖,B:N9ブラック別布、B:N9ブラック本体、製品,しまむら,合格,合格,,
Q2726002777,2026-02-13,2026-02-25,青&#23707;朗和国&#38469;&#36152;易有限公司,レディ－スカジュアル,,レディ-スカジュアル,A4632RR/A5633RR ,ReebokスピードドライロングP/Reebokスピードドライ半袖T,67、N0、N9,しまむら,合格,,,
Q2726002775,2026-02-13,2026-02-25,青&#23707;&#31166;金源&#32463;&#36152;有限公司（??&#21326;源）(青&#23707;恒新山),メンズカジュアル,,メンズカジュアル,Z5630ZR ,紳士シャツ,N9製品、黒刺繍、ピンク×白刺繍、ブルー×紺刺繍,しまむら,合格,合格,,
Q2726002767,2026-02-13,2026-02-25,青&#23707;&#31166;金源&#32463;&#36152;有限公司（??&#21326;源）(青&#23707;恒新山),キッズカジュアル,,キッズカジュアル,F5630UR ,Tシャツ,N0ホワイト
リブ、N0ホワイト本体、N0ホワイト製品,しまむら,,合格,,
61026004253,2026-02-13,2026-03-03,江?嘉晟&#36827;出口&#36152;易有限公司,岡山,,唐木,5G6C2QZ ,,A-1 N9ブラック、A-1 N9ブラック本体、A-2 57カーキ、A-2 57カーキ本体、A-3 N7グレー杢、A-3 N7グレー杢本体、B-1 N0ホワイト、B-1 N0ホワイト本体、B-2 N9ブラック、B-2 N9ブラック本体、B-3 13アイボリー、B-3 13アイボリー本体、黒刺繍☆、シロ刺繍(A-1 N9ブラック/B-2 N9ブラック),しまむら,合格,合格,,
Q2726002590,2026-02-13,2026-02-25,青&#23707;&#31166;金源&#32463;&#36152;有限公司（??&#21326;源）(青&#23707;恒新山),メンズカジュアル,,メンズカジュアル,C5634ER ,シャツ,N0,しまむら,,合格,,
Q2726002761,2026-02-13,2026-02-25,青&#23707;裕?佳商&#36152;有限公司,ライフグッズ,,ライフグッズ,1A605BB ,生地,67本体、67裏側、N9
パイピング+
裏側、N9本体、ピンク
パイピング,しまむら,合格,,,
Q2726002779,2026-02-13,2026-02-25,青&#23707;朗和国&#38469;&#36152;易有限公司,レディ－スカジュアル,,レディ-スカジュアル,A5634ZR/A5635ZR/A5632ZR/A4620ZR/A4621ZR/A5632RR/A4620VR/A5620VR/A6620VR ,テディベア胸刺半袖T/テディベアプリント半袖T/RBバックプリント半袖T/PERSONSパンツ/PERSONS　Tシャツ/PERSONSジップパーカ,03、03リブ、33、65、67、67リブ、N0、N0リブ、N7、N9、N9リブ,しまむら,合格,,,
Q2726002557,2026-02-13,2026-02-25,&#35832;城方利制衣有限公司,アンダーウェア,,婦人アンダーウェア　笹田,9N626HR ,カップ付きタンクトップ,03、10、N9,しまむら,,合格,,
Q2726002780,2026-02-13,2026-02-25,青&#23707;朗和国&#38469;&#36152;易有限公司,レディ－スカジュアル,,レディ-スカジュアル,A5634RR ,半袖Tシャツ,10、N9,しまむら,合格,,,
61526004295,2026-02-13,2026-02-25,上海&#39134;&#39532;&#36827;出口有限公司,岡山,,飼田,E2630EZ ,丸首半袖T+ハーフパンツ,N9A ブラックA本体、N9A ブラックAリブ、製品N9A ブラックA,しまむら,合格,合格,,
61526004287,2026-02-13,2026-02-25,上海&#39134;&#39532;&#36827;出口有限公司,岡山,,飼田,E2630AZ ,,82ラベンダー、ブラック本体(下衣),しまむら,合格,合格,,
Q2726002495,2026-02-13,2026-02-25,Grand Concord Garment(Hong Kong) Limited&#35832;城裕泰&#38024;&#32455;有限公司（广豪）,アンダーウェア,,婦人アンダーウェア　笹田,9N62CRR ,カップ付きタンクトップ,N3製品、N9本体、N9製品、黒カップ、黒ゴム、グレーゴム,しまむら,合格,合格,,
61526004298,2026-02-13,2026-02-25,上海&#39134;&#39532;&#36827;出口有限公司,岡山,,飼田,E2631AZ ,Tシャツ+ショートパンツ,N9ブラック本体、N9ブラックリブ、製品、ブラック刺繍、ブルー刺繍,しまむら,合格,合格,,
Q2726002550,2026-02-13,2026-02-25,青&#23707;裕?佳商&#36152;有限公司,ライフグッズ,,ライフグッズ,1A605BB ,シートベルトパッド,67、N9,しまむら,,合格,,
Q2726002548,2026-02-13,2026-02-25,Grand Concord Garment(Hong Kong) Limited&#35832;城裕泰&#38024;&#32455;有限公司（广豪）,アンダーウェア,,婦人アンダーウェア　笹田,9L628RR ,ハーフトップ+ショーツ,N7ショーツ、N7ハーフトップ、N9ショーツ、N9ハーフトップ、黒×オフ
ゴム、黒本体、グレークロッチ　,しまむら,合格,合格,,
61526004300,2026-02-13,2026-02-25,上海&#39134;&#39532;&#36827;出口有限公司,岡山,,飼田,E2630UR ,半袖Tシャツ+ショートパンツ,03ピンク,しまむら,,合格,,
Q2726002697,2026-02-12,2026-02-13,青&#23707;伊美瑛国&#38469;&#36152;易有限公司,レディ－スカジュアル,,レディ-スカジュアル,Y4620UR ,パンツ,63サックス製品、白シックテープ,しまむら,,合格,,
61026004203,2026-02-12,2026-02-24,江?嘉晟&#36827;出口&#36152;易有限公司,岡山,,唐木
,5G6A68R ,,05レッド(A-3)、05レッド(A-3)/05レッド(B-3)刺繍、05レッド(A-3)本体、05レッド(B-3)、05レッド(B-3)本体、55グリーン(A-1)、55グリーン(A-1)/67ネイビー(B-2)刺繍、55グリーン(A-1)本体、65ブルー(B-1)、65ブルー(B-1)本体、67ネイビー(B-2)、67ネイビー(B-2)本体、83パープル(A-2)、83パープル(A-2)/65ブルー(B-1)刺繍、83パープル(A-2)本体,しまむら,合格,合格,,
61026004199,2026-02-12,2026-02-24,祥安服装如&#19996;有限公司,岡山,,平松,BW6E2SR ,男児リーボック2Pボクサー,N7チャコール本体、N9ブラック本体、製品N7チャコール、製品N9ブラック、ブルーゴム、レッドゴム,しまむら,合格,合格,,
61026004196,2026-02-12,2026-02-24,如皋帝晨服&#39280;有限公司,岡山,,伊藤,28632EA/GNE-697P/GNE-697M ,,N9ブラック柄、N9ブラック無地,しまむら,合格,,,
61026004212,2026-02-12,2026-02-24,江?嘉晟&#36827;出口&#36152;易有限公司,岡山,,唐木,5G6B48Z ,マインクラフト 男児ショート丈ソックス3P,A-1 55グリーン、A-2 83パープル、A-3 52ターコ,しまむら,合格,合格,,
61026004214,2026-02-12,2026-02-24,&#19996;莞市三越帽袋有限公司,岡山,,高木,1C617ER ,,65ブルー、ブラックテープ,しまむら,合格,合格,,
61026004194,2026-02-12,2026-02-24,如皋帝晨服&#39280;有限公司,岡山,,伊藤,28631EA/GNE-696 ,生地(パジャマ),57カーキ,しまむら,合格,,,
61526004055,2026-02-12,2026-02-13,上海&#39134;&#39532;&#36827;出口有限公司,岡山,,和田 ,C5630RA ,半袖Tシャツ,N9ブラック本体、N9ブラックリブ、製品:N9ブラック、ブラック刺繍、ホワイト刺繍,しまむら,合格,合格,,
61526004057,2026-02-12,2026-02-13,上海&#39134;&#39532;&#36827;出口有限公司,岡山,,和田 ,C5632RA ,半袖Tシャツ,N9ブラック本体、N9ブラックリブ、製品:N9ブラック、ブラック刺繍、ホワイト刺繍,しまむら,合格,合格,,
61526004059,2026-02-12,2026-02-13,上海&#39134;&#39532;&#36827;出口有限公司,岡山,,和田 ,C5631RA ,半袖Tシャツ,N9ブラック本体、N9ブラックリブ、製品N9ブラック、ブラック刺繍、ホワイト刺繍,しまむら,合格,合格,,
61026004220,2026-02-12,2026-02-24,祥安服装如&#19996;有限公司,岡山,,平松,BW6E3SR ,,67ネイビー、67ネイビー本体、N9ブラック、N9ブラック本体、グレーゴム、ブラックゴム,しまむら,合格,合格,,
61026004192,2026-02-12,2026-02-24,如皋帝晨服&#39280;有限公司,岡山,,伊藤,21631CA/21631NA/GNE-695M/GNE-695R ,,67ネイビー、N9ブラック、N9ブラックリブ,しまむら,合格,,,
Q2726002740,2026-02-12,2026-02-24,&#35832;城方利制衣有限公司,アンダーウェア,,婦人アンダーウェア　笹田,9M62EHR ,タンクトップ,14製品、55製品、N7製品、N7身生地,しまむら,合格,合格,,
Q2726002739,2026-02-12,2026-02-24,大?程?国&#38469;&#36152;易有限公司（帛来）,婦人ナイティー,,婦人ナイティー,386421R/386461R/386411R/386401R/386441R/386451R/306350R/306370R/316300R ,パジャマ,09、63
、63,しまむら,合格,,,
Q2726002742,2026-02-12,2026-02-24,&#35832;城方利制衣有限公司,アンダーウェア,,婦人アンダーウェア　笹田,9M62DHR ,キャミソール,10製品、14製品、N9製品、N9身生地,しまむら,合格,合格,,
Q2726002744,2026-02-12,2026-02-25,&#35832;城方利制衣有限公司,アンダーウェア,,婦人アンダーウェア　笹田,9N625HR ,カップ付きキャミソール,10オフホワイト、N9ブラック,しまむら,,合格,,
Q2726002737,2026-02-12,2026-02-24,青&#23707;&#31166;金源&#32463;&#36152;有限公司（??&#21326;源）(青&#23707;恒新山),婦人ナイティー,,婦人ナイティー,85603HR ,エプロン,N9本体、N9製品,しまむら,合格,合格,,
61026004137,2026-02-11,2026-02-13,南通?川服飾有限公司,,,,G5637DR ,半袖Tシャツ,2002C(120C)イエロー刺繍糸、217Cピンク刺繍糸、4060Cレッド刺繍糸、420Cグレー刺繍糸、501C白刺繍糸、7Cクロ刺繍糸、YKK501白刺繍糸、YKK580クロ刺繍糸、製品、クロ刺繍糸,しまむら,合格,合格,,
61526004209,2026-02-11,2026-02-13,上海&#39134;&#39532;&#36827;出口有限公司,岡山,,飼田,E5630UR ,丸首半袖T,10オフホワイト、10オフホワイト本体、10オフホワイトリブ、N8クロ、N8クロ本体、N8クロリブ,しまむら,合格,合格,,
Q2726002660,2026-02-11,2026-02-28,青&#23707;&#31166;金源&#32463;&#36152;有限公司（??&#21326;源）(青&#23707;恒新山),キッズカジュアル,,キッズカジュアル,F5636UR ,T SHIRT,55,しまむら,,合格,,
Q2726002584,2026-02-11,2026-02-13,青&#23707;&#31166;金源&#32463;&#36152;有限公司（??&#21326;源）(青&#23707;恒新山),メンズカジュアル,,メンズカジュアル,C5630BR/C5631BR/C5630HR/C5631HR ,Tシャツ,55本体、55リブ、66(18-4711TPX)本体、66(18-4711TPX)リブ、66(536C)
リブ、66(536C)本体、N8本体、N8リブ,しまむら,合格,,,
61026004145,2026-02-11,2026-02-13,祥安服装如&#19996;有限公司,岡山,,平松,BW6D1CR ,,N7チャコール本体、N9ブラック本体、製品、ネイビーゴム(N7チャコール)、ブラックゴム(N9ブラック),しまむら,合格,合格,,
61026004136,2026-02-11,2026-02-13,南通?川服飾有限公司,,,,G5635DR/G5636DR/G5637DR/F5635MR/F4630MR ,糸(半袖Tシャツ/パンツ/ジップジャケット),2002C(120C)イエロー、217Cピンク、2336Cチャコール、236Cピンク、2468C淡茶、420Cグレー、424Cグレー、4272Cベージュ、4273Cチャコール、439C茶、4735Cベージュ、501C白、661Cブルー、7Cクロ、Black3Cクロ、YKK501白、YKK580クロ、白、クロ、グリーン、グレー、サックス、チャ、ブルー、ベージュ、レッド4060C,しまむら,合格,,,
61026004027,2026-02-11,2026-02-13,如皋帝晨服&#39280;有限公司,岡山,,,6663X3R ,,製品、イエロー背首テープ、ネイビー本体、ネイビーリブ,しまむら,合格,合格,,
61026004115,2026-02-11,2026-02-13,上海昊客商&#36152;有限公司,,,?山,RT633MZ ,ロンパース,N2オートミール,しまむら,,合格,,
61026003812,2026-02-11,2026-02-13,如皋帝晨服&#39280;有限公司,岡山,,,6663W3R ,,N9ブラック本体、N9ブラックリブ部分、製品:N9ブラック、レッド背首テープ,しまむら,合格,合格,,
Q2726002542,2026-02-11,2026-02-13,高密市?&#21326;美制衣有限公司,アンダーウェア,,婦人アンダーウェア　笹田,9K620VR ,成型リブハーフトップ,82、N9,しまむら,,合格,,
61026004151,2026-02-11,2026-02-13,如皋帝晨服&#39280;有限公司,岡山,,,66622AR ,パジャマ,製品83パープル、製品N3グレー、グレー本体、ブラック本体、ブラックリブ,しまむら,合格,合格,,
Q2726002493,2026-02-11,2026-02-13,高密市?&#21326;美制衣有限公司,アンダーウェア,,婦人アンダーウェア　笹田,9G621VR ,成型リブショーツ,82、N9,しまむら,,合格,,
Q2726002738,2026-02-11,2026-02-24,青&#23707;&#31166;金源&#32463;&#36152;有限公司（??&#21326;源）(青&#23707;恒新山),婦人ナイティー,,婦人ナイティー,85602HR ,エプロン,55製品、黒本体,しまむら,合格,合格,,
Q2726002664,2026-02-11,2026-02-24,青&#23707;&#31166;金源&#32463;&#36152;有限公司（??&#21326;源）(青&#23707;恒新山),メンズカジュアル,,メンズカジュアル,C5633ER ,Tシャツ,N9製品、白刺繍、黒刺繍,しまむら,合格,合格,,
61526004198,2026-02-11,2026-02-13,上海&#39134;&#39532;&#36827;出口有限公司,岡山,,飼田,E5633DR ,半袖Tシャツ,製品,しまむら,,合格,,
61526004202,2026-02-11,2026-02-13,上海&#39134;&#39532;&#36827;出口有限公司,岡山,,,X4631MA  X5631MA ,,15ブラウンDRYメッシュ、67ネイビー1×1フライスリブ、67ネイビーDRYメッシュ、N9ブラック1×1フライスリブ、N9ブラックDRYメッシュ,しまむら,合格,,,
Q2726002511,2026-02-10,2026-02-24,&#35832;城和&#35802;服装&#38024;&#32455;有限公司,紳士ナイティー,,紳士ナイティー,226219R ,紳士パジャマ,67本体、67製品、白シックテープ、グレー
バイヤステープ,しまむら,合格,合格,,
Q2726002585,2026-02-10,2026-02-12,高密市?&#21326;美制衣有限公司,アンダーウェア,,婦人アンダーウェア　笹田,9L620UR ,生地,03本体、03裏地、03足口ゴム、03テープ、67本体、67裏地、67足口ゴム、67テープ、N9本体、N9裏地、N9足口ゴム、N9テープ、アイボリーウエスト,しまむら,合格,,,
Q2726002600,2026-02-10,2026-02-24,青&#23707;&#31166;金源&#32463;&#36152;有限公司（??&#21326;源）(青&#23707;恒新山),メンズカジュアル,,メンズカジュアル,C5632ER ,紳士シャツ,N9,しまむら,,合格,,
Q2726002628,2026-02-10,2026-02-25,大?程?国&#38469;&#36152;易有限公司（帛来）,婦人ナイティー,,婦人ナイティー,40634LA ,パジャマ,03本体、03製品、白シックテープ,しまむら,合格,合格,,
Q2726002598,2026-02-10,2026-02-24,青&#23707;&#31166;金源&#32463;&#36152;有限公司（??&#21326;源）(青&#23707;恒新山),メンズカジュアル,,メンズカジュアル,C5631ER ,Tシャツ,66,しまむら,,合格,,
Q2726002586,2026-02-10,2026-02-24,青&#23707;&#31166;金源&#32463;&#36152;有限公司（??&#21326;源）(青&#23707;恒新山),キッズカジュアル,,キッズカジュアル,F5631CZ ,Tシャツ,03、05,しまむら,,合格,,
Q2726002588,2026-02-10,2026-02-24,青&#23707;&#31166;金源&#32463;&#36152;有限公司（??&#21326;源）(青&#23707;恒新山),レディ－スカジュアル,,レディ-スカジュアル,A5635RR ,婦人シャツ,白
パイピング、白製品、白リブ、黒刺繍、黒本体、黒パイピング、黒リブ、グレーテープ、チャコール刺繍、ピンク
パイピング、ピンクリブ,しまむら,合格,合格,,
Q2726002592,2026-02-10,2026-02-24,青&#23707;&#31166;金源&#32463;&#36152;有限公司（??&#21326;源）(青&#23707;恒新山),キッズカジュアル,,キッズカジュアル,F4633CZ ,パンツ,03ピンク製品、N3グレー製品、N9ブラック本体、N9ブラック製品、生成
シックテープ,しまむら,合格,合格,,
Q2726001939,2026-02-10,2026-02-12,青&#23707;&#21326;杉&#36152;易有限公司,ジーンズカジュアル,,ジーンズカジュアル,DM6362R(RB036-1) ,メンズパンツ,N9ブラック,しまむら,,合格,,
61526004044,2026-02-10,2026-02-12,上海&#39134;&#39532;&#36827;出口有限公司,岡山,,飼田,G5632WR ,Tシャツ,N9ブラック天竺、N9ブラックリブ、製品,しまむら,合格,合格,,
61526004046,2026-02-10,2026-02-12,上海&#39134;&#39532;&#36827;出口有限公司,岡山,,飼田,E5631UR ,丸首半袖T,N8クロ本体、N8クロリブ、製品,しまむら,合格,合格,,
61526004039,2026-02-10,2026-02-12,上海&#39134;&#39532;&#36827;出口有限公司,岡山,,飼田,F5630YR ,,製品,しまむら,,合格,,
61526004051,2026-02-10,2026-02-12,上海&#39134;&#39532;&#36827;出口有限公司,岡山,,飼田,E2630DR ,,63サックス、82ラベンダー,しまむら,,合格,,
61526004071,2026-02-10,2026-02-12,上海&#39134;&#39532;&#36827;出口有限公司,岡山,,飼田,RT632QZ ,,14ベージュ、39マスタード、67ネイビー、N3グレー,しまむら,,合格,,
61526004107,2026-02-10,2026-02-12,上海&#39134;&#39532;&#36827;出口有限公司,岡山,,飼田,F5631WZ ,丸首半袖T,N9ブラック天竺、N9ブラックリブ、製品,しまむら,合格,合格,,
Q2726002333,2026-02-10,2026-02-13,&#28493;坊瑞思百&#24503;&#36827;出口有限公司,レディ－スカジュアル,,レディ-スカジュアル,Y6630MA ,ポロシャツ,67製品、白刺繍、黄刺繍、ブルー刺繍,しまむら,合格,合格,,
61026003875,2026-02-10,2026-02-12,祥安服装如&#19996;有限公司,岡山,,平松,BW6D18Z ,,67ネイビー、67ネイビー本体、N3グレー,しまむら,,合格,,
61026003877,2026-02-10,2026-02-12,南通?川服飾有限公司,,,,G5631DR ,半袖Tシャツ,製品,しまむら,,合格,,
61026004013,2026-02-10,2026-02-13,江?嘉晟&#36827;出口&#36152;易有限公司,岡山,,唐木,5K6A48Z ,,03ピンク(B)、03ピンク(B)刺繍、03ピンク(B)本体、05レッド(A)、05レッド(A)刺繍、05レッド(A)本体、N3グレー(C)、N3グレー(C)刺繍、N3グレー(C)本体,しまむら,合格,合格,,
61026004005,2026-02-10,2026-02-13,江?嘉晟&#36827;出口&#36152;易有限公司,岡山,,唐木,5K6A38Z ,,55グリーン(B)、83パープル(C)、N9ブラック(A),しまむら,合格,合格,,
Q2726001937,2026-02-10,2026-02-12,青&#23707;&#21326;杉&#36152;易有限公司,ジーンズカジュアル,,ジーンズカジュアル,DM6360R(KS210390-1) ,メンズパンツ,N9ブラック本体、N9ブラック製品,しまむら,合格,合格,,
61026004017,2026-02-10,2026-02-13,江?嘉晟&#36827;出口&#36152;易有限公司,岡山,,唐木,5K63A8Q ,,03ピンク(C)、03ピンク(C)刺繍、03ピンク(C)本体、05レッド(D)、05レッド(D)刺繍、05レッド(D)本体、15ブラウン(F)、15ブラウン(F)刺繍、15ブラウン(F)本体、35イエロー(B)、35イエロー(B)刺繍、35イエロー(B)本体、63サックス(E)、63サックス(E)刺繍、63サックス(E)本体、83パープル(G)、83パープル(G)刺繍、83パープル(G)本体、N0ホワイト(A)、N0ホワイト(A)刺繍、N0ホワイト(A)本体,しまむら,合格,合格,,
Q2726001902,2026-02-10,2026-02-12,青&#23707;&#21326;杉&#36152;易有限公司,ジーンズカジュアル,,ジーンズカジュアル,DM6361R(KCA13036) ,メンズパンツ,N9ブラック製品,しまむら,,合格,,
61026004003,2026-02-10,2026-02-13,江?嘉晟&#36827;出口&#36152;易有限公司,岡山,,唐木,5G6A58R ,,A-1 55グリーン、A-2 83パープル、A-3 N3グレー,しまむら,合格,合格,,
61026004001,2026-02-10,2026-02-13,江?嘉晟&#36827;出口&#36152;易有限公司,岡山,,唐木,5K6D6EZ ,MLB 男児スケーター風ソックス1P,A 65ブルー、A 65ブルー刺繍、A 65ブルー本体、B 67ネイビー、B 67ネイビー刺繍、B 67ネイビー本体、C 35イエロー、C 35イエロー刺繍、C 35イエロー本体,しまむら,合格,合格,,
61026003928,2026-02-10,2026-02-13,嘉?市?仁&#38024;&#32455;有限公司,岡山,,唐木,5G63BFQ ,婦人アンクル丈1P,25オレンジ、N0ホワイト、N9ブラック,しまむら,合格,合格,,
61026003964,2026-02-10,2026-02-13,嘉?市?仁&#38024;&#32455;有限公司,岡山,,唐木,5G63AFQ ,婦人アンクル丈1P刺繍,A-1 オレンジ、A-1 オレンジ刺繍、A-1 オレンジ本体、A-2 N0ホワイト、A-2 N0ホワイト/A-3 N9ブラック共通刺繍、A-2 N0ホワイト本体、A-3 N9ブラック、A-3 N9ブラック本体,しまむら,合格,合格,,
61026003993,2026-02-10,2026-02-13,江?嘉晟&#36827;出口&#36152;易有限公司,岡山,,唐木,5G6A38R ,アンクル3P,25オレンジ、55グリーン、83パープル,しまむら,合格,合格,,
61026003968,2026-02-10,2026-02-12,?家港市佳怡&#31166;服&#39280;有限公司,岡山,,田中,A4637ER   A4631MR ,,03ピンク、15ブラウン、57カーキ、N9ブラック,しまむら,合格,,,
61526004069,2026-02-10,2026-02-12,上海&#39134;&#39532;&#36827;出口有限公司,岡山,,飼田,G5633UR ,,製品,しまむら,,合格,,
61526004041,2026-02-10,2026-02-12,上海&#39134;&#39532;&#36827;出口有限公司,岡山,,飼田,E5631ER ,丸首半袖T,N0ホワイト,しまむら,,合格,,
Q2726002438,2026-02-10,2026-02-13,青&#23707;伊美瑛国&#38469;&#36152;易有限公司,レディ－スカジュアル,,レディ-スカジュアル,Y4625MR ,パンツ,15本体、白シックテープ、紺刺繍、黄刺繍、黒ゴム、ブルー刺繍,しまむら,合格,合格,,
61526003909,2026-02-09,2026-02-11,上海&#39134;&#39532;&#36827;出口有限公司,岡山,,飼田,F5633BZ ,Tシャツ,10オフホワイト、35イエロー,しまむら,,合格,,
61526003966,2026-02-09,2026-02-11,上海&#39134;&#39532;&#36827;出口有限公司,岡山,,飼田,F5633YR ,,製品,しまむら,,合格,,
61526003904,2026-02-09,2026-02-11,上海&#39134;&#39532;&#36827;出口有限公司,岡山,,飼田,F5634QZ ,,製品、ブラックテープ,しまむら,合格,合格,,
61526003884,2026-02-09,2026-02-09,上海&#39134;&#39532;&#36827;出口有限公司,岡山,,飼田,E5632DR  E5631YR  E5631ER  E5632UR  E5630UR  E4630UR  E4631UR  E5631UR ,生地(丸首半袖T/半袖Tシャツ/ショートパンツ),05レッドPT本体、63サックスPT本体、63サックス無地本体、63サックスリブ、N0ホワイト無地本体、N8クロ無地本体、N8クロリブ,しまむら,合格,,,
61526003900,2026-02-09,2026-02-12,上海&#39134;&#39532;&#36827;出口有限公司,岡山,,和田,C5630RA/C5631RA/C5632RA ,生地(半袖Tシャツ),68ダークブルー天竺、68ダークブルーリブ、N0ホワイト天竺、N0ホワイトリブ、N9ブラック天竺、N9ブラックリブ,しまむら,合格,,,
Q2726002553,2026-02-09,2026-02-12,&#35832;城方利制衣有限公司,アンダーウェア,,婦人アンダーウェア　笹田,9N62BHR ,カップ付きノースリーブ,10製品、67製品、N9製品、N9身生地、白マーキー、黒カップ下バインダー、黒マーキー、ベージュカップ下バインダー,しまむら,合格,合格,,
61526003991,2026-02-09,2026-02-11,上海&#39134;&#39532;&#36827;出口有限公司,岡山,,飼田,RT631QZ ,半袖ロンパース,05レッド、53モスグリーン、N3グレー,しまむら,,合格,,
61526003993,2026-02-09,2026-02-11,上海&#39134;&#39532;&#36827;出口有限公司,岡山,,飼田,R4632BR ,レギンス,10オフホワイト,しまむら,,合格,,
61026003530,2026-02-09,2026-02-11,上海昊客商&#36152;有限公司,,,?山,G5631HR ,半袖Tシャツ,63サックス、63サックスリブ,しまむら,合格,合格,,
Q2726002447,2026-02-09,2026-02-11,大?程?国&#38469;&#36152;易有限公司（帛来）,婦人ナイティー,,婦人ナイティー,306370R/306350R ,パジャマ,63,しまむら,合格,,,
Q2726002497,2026-02-09,2026-02-11,Grand Concord Garment(Hong Kong) Limited&#35832;城裕泰&#38024;&#32455;有限公司（广豪）,アンダーウェア,,婦人アンダーウェア　笹田,92620MR/9L6204R/9L6214R/9L620ER ,生地,67クロッチ、N3クロッチ、N9クロッチ,しまむら,合格,,,
Q2726002506,2026-02-09,2026-02-11,青&#23707;&#31166;金源&#32463;&#36152;有限公司（??&#21326;源）(青&#23707;恒新山),子供ナイティー,,子供ナイティー,6663ZYR ,パジャマ,13、15、63,しまむら,合格,,,
Q2726002451,2026-02-09,2026-02-24,青&#23707;&#31166;金源&#32463;&#36152;有限公司（??&#21326;源）(青&#23707;恒新山),メンズカジュアル,,メンズカジュアル,Z5531TR ,紳士シャツ,67ネイビー
リブ、67ネイビー本体、67ネイビー製品、白刺繍,しまむら,合格,合格,,
61526003859,2026-02-09,2026-02-11,上海&#39134;&#39532;&#36827;出口有限公司,岡山,,飼田,F5620LR ,長袖Tシャツ,13アイボリーリブ、55グリーンリブ、製品,しまむら,合格,合格,,
61526003855,2026-02-09,2026-02-11,上海&#39134;&#39532;&#36827;出口有限公司,岡山,,飼田,F5632YR ,半袖Tシャツ,N9ブラック,しまむら,,合格,,
Q2726002507,2026-02-09,2026-02-11,青&#23707;&#31166;金源&#32463;&#36152;有限公司（??&#21326;源）(青&#23707;恒新山),子供ナイティー,,子供ナイティー,76636SR/76637SR/7663WJR ,パジャマ,02-1、13総柄、63-2、63総柄、83-6、83総柄,しまむら,合格,,,
Q2726002508,2026-02-09,2026-02-11,&#36797;&#23425;成大国&#38469;&#36152;易有限公司,レディ－スカジュアル,,レディ-スカジュアル,X5631WR ,侍JAPAN 総柄半袖Tシャツ,67,しまむら,合格,,,
61026003699,2026-02-09,2026-02-11,泉州市&#21326;信?瑞包袋有限公司,岡山,,高木,1T6201R ,,ブラック内側バインダー、ブラック外側バインダー、ブラック把手(太)、ブラック把手(細)、ブラック系引き手、ブラック表地(内容物と接触)、ブラック裏地,しまむら,合格,,,
61026003704,2026-02-09,2026-02-11,&#19996;莞市三越帽袋有限公司,岡山,,高木,1C617ER ,生地(オーバーダイ加工キャップ),65ブルー,しまむら,合格,,,
61026003856,2026-02-09,2026-02-11,?家港市佳怡&#31166;服&#39280;有限公司,岡山,,田中,A4638ER ,生地(ショートパンツ),14ベージュ、N9ブラック,しまむら,合格,,,
61026003811,2026-02-09,2026-02-11,如皋帝晨服&#39280;有限公司,岡山,,伊藤,216218R ,パジャマ,54エメグリーン背首テープ、N3グレー、N7チャコール、N7チャコール本体、N7チャコールリブ、N9ブラック(柄)本体、N9ブラック本体、N9ブラックスピンドル紐,しまむら,合格,合格,,
61026003802,2026-02-09,2026-02-11,如皋帝晨服&#39280;有限公司,岡山,,,216211R/21621PR/216218R/216318R(216318シ)/216328R(216328シ)/246218R(246218シ)/246228R(246228シ) ,,54エメグリーンPTテープ、N9ブラックPT紐、黒ワッペン、グレーテープ、ネイビー紐、ネイビーテープ、ブラック紐、ブラックテープ,しまむら,合格,,,
61526003861,2026-02-09,2026-02-11,上海&#39134;&#39532;&#36827;出口有限公司,岡山,,飼田,F5631YR ,,製品,しまむら,,合格,,
61526003902,2026-02-09,2026-02-11,上海&#39134;&#39532;&#36827;出口有限公司,岡山,,飼田,F5635QZ ,,製品、ブラックテープ,しまむら,合格,合格,,
Q2726002565,2026-02-09,2026-02-12,&#35832;城方利制衣有限公司,アンダーウェア,,婦人アンダーウェア　笹田,92621CR ,ショーツ,黒×白ゴム、黒×紫製品、黒×ピンク製品、黒本体,しまむら,合格,合格,,
Q2726002335,2026-02-09,2026-02-12,&#28493;坊瑞思百&#24503;&#36827;出口有限公司,レディ－スカジュアル,,レディ-スカジュアル,Y662YMA(LSN-6017) ,トラックJKT,N9本体、N9製品、白刺繍、クロ衿テープ、ピンク
衿テープ、ブラック
衿テープ、ブラック×白
リブ、ブラック刺繍,しまむら,合格,合格,,
Q2726002546,2026-02-09,2026-02-12,Grand Concord Garment(Hong Kong) Limited&#35832;城裕泰&#38024;&#32455;有限公司（广豪）,アンダーウェア,,婦人アンダーウェア　笹田,9N62ARR ,カップ付きタンクトップ,53製品、N3製品、N9製品、N9身生地、黒カップ、グレー
アンダーゴム、ブラック
アンダーゴム、モスグリーン
アンダーゴム,しまむら,合格,合格,,
Q2726002567,2026-02-09,2026-02-12,&#35832;城方利制衣有限公司,アンダーウェア,,婦人アンダーウェア　笹田,926234R ,婦人ショーツ,N9AブラックA製品、N9BブラックB製品、黒×白ゴム、黒本体,しまむら,合格,合格,,
Q2726002555,2026-02-09,2026-02-12,&#35832;城方利制衣有限公司,アンダーウェア,,婦人アンダーウェア　笹田,9M62FHR ,ノースリーブ,10製品、14製品、N9本体、N9製品,しまむら,合格,合格,,
Q2726002559,2026-02-09,2026-02-12,&#35832;城方利制衣有限公司,アンダーウェア,,婦人アンダーウェア　笹田,92621XR ,婦人ショーツ,N9AブラックA製品、N9BブラックB製品、黒本体、ブルーゴム,しまむら,合格,合格,,
Q2726002569,2026-02-09,2026-02-12,&#35832;城方利制衣有限公司,アンダーウェア,,婦人アンダーウェア　笹田,926224R ,ショーツ,67ネイビー製品、N9ブラック製品、黒本体、グレーゴム,しまむら,合格,合格,,
Q2726002563,2026-02-09,2026-02-12,&#35832;城方利制衣有限公司,アンダーウェア,,婦人アンダーウェア　笹田,92622ER ,ショーツ,N9A製品、N9B製品、黒×白ゴム、ブラック身生地,しまむら,合格,合格,,
Q2726002615,2026-02-09,2026-02-13,大?程?国&#38469;&#36152;易有限公司（帛来）,婦人ナイティー,,婦人ナイティー,40633LA ,婦人パジャマ,03ピンク製品、N3グレー本体、N3グレー製品、白シックテープ,しまむら,合格,合格,,
Q2726002561,2026-02-09,2026-02-12,&#35832;城方利制衣有限公司,アンダーウェア,,婦人アンダーウェア　笹田,92623ER ,ショーツ,67製品、N9製品、黒×ピンクゴム、黒本体,しまむら,合格,合格,,
Q2726002544,2026-02-09,2026-02-12,Grand Concord Garment(Hong Kong) Limited&#35832;城裕泰&#38024;&#32455;有限公司（广豪）,アンダーウェア,,婦人アンダーウェア　笹田,9N62BRR ,カップ付きタンクトップ,10製品、N3製品、N9製品、白アンダーゴム、黒
アンダーゴム、黒カップ、グレー
アンダーゴム、ベージュカップ,しまむら,合格,合格,,
Q2726002613,2026-02-09,2026-02-13,大?程?国&#38469;&#36152;易有限公司（帛来）,婦人ナイティー,,婦人ナイティー,40631LA ,半袖・五分丈パンツ,65ブルー本体、65ブルー製品、白シックテープ,しまむら,合格,合格,,
Q2726002609,2026-02-09,2026-02-13,大?程?国&#38469;&#36152;易有限公司（帛来）,婦人ナイティー,,婦人ナイティー,40632LA ,パジャマ,67本体、67製品、白シックテープ,しまむら,合格,合格,,
Q2726002611,2026-02-09,2026-02-13,大?程?国&#38469;&#36152;易有限公司（帛来）,婦人ナイティー,,婦人ナイティー,40630LA ,パジャマ,63本体、63製品、白シックテープ,しまむら,合格,合格,,
Q2726002405,2026-02-08,2026-02-11,青&#23707;&#31166;金源&#32463;&#36152;有限公司（??&#21326;源）(青&#23707;恒新山),子供ナイティー,,子供ナイティー,6P630JR ,敷きパッド,63製品、白裏地、アイボリー包み部分、サックス包み部分,しまむら,合格,合格,,
Q2726002407,2026-02-08,2026-02-12,青&#23707;&#31166;金源&#32463;&#36152;有限公司（??&#21326;源）(青&#23707;恒新山),キッズカジュアル,,キッズカジュアル,R5635PZ ,半袖シャツ,N0、N2、N3,しまむら,,合格,,
Q2726002458,2026-02-08,2026-02-12,青&#23707;伊美瑛国&#38469;&#36152;易有限公司,レディ－スカジュアル,,レディ-スカジュアル,Y5633RR ,Tシャツ,67製品、白サガラ刺繍、紺刺繍、紺サガラ刺繍、赤刺繍、グレー刺繍、ピンク刺繍,しまむら,合格,合格,,
Q2726002490,2026-02-08,2026-02-11,Grand Concord Garment(Hong Kong) Limited&#35832;城裕泰&#38024;&#32455;有限公司（广豪）,アンダーウェア,,婦人アンダーウェア　笹田,9N627HR/9N628HR/9N629HR ,生地,03、10、13、14、17、63、N9,しまむら,合格,,,
Q2726002436,2026-02-08,2026-02-13,青&#23707;伊美瑛国&#38469;&#36152;易有限公司,レディ－スカジュアル,,レディ-スカジュアル,Y6625MR ,ジップパーカー,15刺繍、15本体、15製品、15リブ、N1刺繍、N3刺繍、紺×赤
刺繍,しまむら,合格,合格,,
Q2726002488,2026-02-08,2026-02-11,高密市?&#21326;美制衣有限公司,アンダーウェア,,婦人アンダーウェア　笹田,9K620VR/9G621VR ,成型リブハーフトップ/ショーツ,82、N9,しまむら,合格,,,
Q2726002159,2026-02-08,2026-02-12,青&#23707;&#31166;金源&#32463;&#36152;有限公司（??&#21326;源）(青&#23707;恒新山),子供ナイティー,,子供ナイティー,6762VAR ,パジャマ,N9製品、黒本体、黒リブ,しまむら,合格,合格,,
Q2726002468,2026-02-08,2026-02-11,大?&#39536;毅服&#39280;科技&#21457;展有限公司,アンダーウェア,,婦人アンダーウェア　笹田,9L620QR ,肌着,13本体、67本体、白天竺、白裏地,しまむら,合格,,,
Q2726002337,2026-02-08,2026-02-11,&#23425;波日恒&#36827;出口有限公司,レディ－スカジュアル,,レディ-スカジュアル,Y662XMA ,婦人パーカー,N9本体、N9製品、ブラックリブ,しまむら,合格,合格,,
Q2726002328,2026-02-08,2026-02-11,&#23425;波日恒&#36827;出口有限公司,レディ－スカジュアル,,レディ-スカジュアル,Y662ZMA ,婦人長袖シャツ,N9本体、N9製品、赤刺繍糸、ブラックリブ,しまむら,合格,合格,,
Q2726002414,2026-02-08,2026-02-12,山&#19996;省&#28493;坊市&#36827;出口有限公司,子供ナイティー,,子供ナイティー,6763CPR ,パジャマ,67半袖、67長袖、67長パンツ、白肩テープ、白腹巻、白シックテープ、紺袖ワッペン、ネイビー刺繍,しまむら,合格,合格,,
Q2726002432,2026-02-08,2026-02-13,青&#23707;伊美瑛国&#38469;&#36152;易有限公司,レディ－スカジュアル,,レディ-スカジュアル,Y6624MR ,ジップパーカー,15刺繍、15製品、N1刺繍、N3刺繍、赤×紺
ワッペン、ブラウン本体、ブラウンリブ,しまむら,合格,合格,,
Q2726002429,2026-02-08,2026-02-12,&#35832;城和&#35802;服装&#38024;&#32455;有限公司,紳士ナイティー,,紳士ナイティー,22621PR ,パジャマ,N3本体、N3製品、白シックテープ、紺パイピング,しまむら,合格,合格,,
Q2726002434,2026-02-08,2026-02-12,青&#23707;伊美瑛国&#38469;&#36152;易有限公司,レディ－スカジュアル,,レディ-スカジュアル,Y4624MR ,パンツ,15本体、15製品、白シックテープ、キイロ刺繍、ネイビー刺繍、ブルー刺繍,しまむら,合格,合格,,
Q2726002476,2026-02-08,2026-02-12,&#35832;城和&#35802;服装&#38024;&#32455;有限公司,紳士ナイティー,,紳士ナイティー,22621XR ,紳士パジャマ,N3本体、N3製品、白シックテープ、紺パイピング,しまむら,合格,合格,,
Q2726002460,2026-02-08,2026-02-11,青&#23707;伊美瑛国&#38469;&#36152;易有限公司,レディ－スカジュアル,,レディ-スカジュアル,Y4630WA ,パンツ,N1本体、N1腰ひも、N9本体、N9腰ひも,しまむら,合格,,,
Q2726002472,2026-02-08,2026-02-12,青&#23707;朗和国&#38469;&#36152;易有限公司,レディ－スカジュアル,,レディ-スカジュアル,A6620WR ,婦人ジャケット,N9本体,しまむら,合格,合格,,
Q1726000033,2026-02-08,2026-02-11,南通同泰服装有限公司,レディ－スカジュアル,,レディ-スカジュアル,Y9630QC ,生地,白、グレー、サックス,しまむら,合格,,,
Q2726002462,2026-02-08,2026-02-12,青&#23707;伊美瑛国&#38469;&#36152;易有限公司,レディ－スカジュアル,,レディ-スカジュアル,Y4630WA ,婦人パンツ,N9本体、白シックテープ、白パイピング、ピンク刺繍、ピンクパイピング,しまむら,合格,合格,,
61026003679,2026-02-06,2026-03-03,江?嘉晟&#36827;出口&#36152;易有限公司,岡山,,唐木,5G6368Q ,APEX紳士アンクル丈ソックス3P,A-1 N9ブラック、A-2 55グリーン、A-3 N7チャコール,しまむら,合格,合格,,
61026003691,2026-02-06,2026-02-10,南通?川服飾有限公司,,,,Y4630ZA ,ショートパンツ,N1アイスグレー杢裏毛、N9ブラック、N9ブラック本体、N9ブラック裏毛、アイスグレー杢スピンドル、ピンクパイピング、ブラックスピンドル、ホワイト吊りテープ,しまむら,合格,合格,,
61026003661,2026-02-06,2026-02-10,上海昊客商&#36152;有限公司,,,?山,R5637PZ ,半袖Tシャツ,05レッド、05レッド本体、14ベージュ、55グリーン、63サックス、67ネイビー、チャ系刺繍、レッドリブ,しまむら,合格,合格,,
61526003823,2026-02-06,2026-02-10,上海&#39134;&#39532;&#36827;出口有限公司,岡山,,飼田,E5632DR ,,N0ホワイト,しまむら,,合格,,
Q2726002320,2026-02-06,2026-02-10,&#35832;城方利制衣有限公司,アンダーウェア,,婦人アンダーウェア　笹田,926203R ,ショーツ,黒×黒製品、黒×ラベンダー製品、黒本体、黒ゴム,しまむら,合格,合格,,
Q2726002316,2026-02-06,2026-02-11,Grand Concord Garment(Hong Kong) Limited&#35832;城裕泰&#38024;&#32455;有限公司（广豪）,アンダーウェア,,婦人アンダーウェア　笹田,9L624CR ,ハーフトップ+ショーツ,10ショーツ、10ハーフトップ、N9身生地、N9ショーツ、N9ハーフトップ、白ゴム、黒カップ、黒ゴム、黒テープ、ベージュカップ,しまむら,合格,合格,,
61526003821,2026-02-06,2026-02-10,上海&#39134;&#39532;&#36827;出口有限公司,岡山,,飼田,E4630UR ,ショートパンツ,05レッド,しまむら,,合格,,
Q2726002324,2026-02-06,2026-02-10,&#23425;波日恒&#36827;出口有限公司,レディ－スカジュアル,,レディ-スカジュアル,Y563WMA ,婦人シャツ,N9本体,しまむら,合格,合格,,
Q2726002314,2026-02-06,2026-02-10,Grand Concord Garment(Hong Kong) Limited&#35832;城裕泰&#38024;&#32455;有限公司（广豪）,アンダーウェア,,婦人アンダーウェア　笹田,9L627RR ,ハーフトップ&ショーツ,N3ショーツ、N3ハーフトップ、N9ショーツ、N9ハーフトップ、白総柄ゴム、黒本体,しまむら,合格,合格,,
Q2726002309,2026-02-06,2026-02-10,山&#19996;省&#28493;坊市&#36827;出口有限公司,子供ナイティー,,子供ナイティー,6663FJR ,パジャマ,05上衣、05下衣,しまむら,,合格,,
Q2726002311,2026-02-06,2026-02-10,高密亨利制衣有限公司,アンダーウェア,,婦人アンダーウェア　笹田,9H6264R/9H621CR/9H623RR ,ショーツ,N7,しまむら,合格,,,
Q2726002244,2026-02-06,2026-02-10,大?程?国&#38469;&#36152;易有限公司（帛来）,婦人ナイティー,,婦人ナイティー,40634LA/40635LA ,パジャマ,03、N7,しまむら,合格,,,
Q2726002312,2026-02-06,2026-02-10,高密亨利制衣有限公司,アンダーウェア,,婦人アンダーウェア　笹田,9H6264R ,スタンダードショーツ,67ネイビー製品、N7チャコール製品、N9ブラック本体、N9ブラック製品、黒×オフ
ゴム,しまむら,合格,合格,,
Q2726002319,2026-02-06,2026-02-10,青&#23707;&#31166;金源&#32463;&#36152;有限公司（??&#21326;源）(青&#23707;恒新山),キッズカジュアル,,キッズカジュアル,F5630LZ/F5631LZ/F5632LZ ,Tシャツ,55本体、55リブ、63本体、63リブ、65本体、65リブ、N7本体、N7リブ、N8本体、N8リブ,しまむら,合格,,,
61526003839,2026-02-06,2026-02-11,上海&#39134;&#39532;&#36827;出口有限公司,岡山,,飼田,E5632UR ,丸首半袖T,63サックス、82ラベンダー、82ラベンダー本体、82ラベンダーリブ,しまむら,合格,合格,,
Q2726002399,2026-02-06,2026-02-11,&#35832;城方利制衣有限公司,アンダーウェア,,婦人アンダーウェア　笹田,926213R ,ショーツ,ブラック
身生地、ブラック×
シルバー製品、ブラック×
ブルー製品、ブラック×白
ゴム,しまむら,合格,合格,,
Q2726002401,2026-02-06,2026-02-06,&#35832;城方利制衣有限公司,アンダーウェア,,婦人アンダーウェア　笹田,9Q625BA/9Q626BA ,生地,N9,しまむら,合格,,,
61526003835,2026-02-06,2026-02-10,上海&#39134;&#39532;&#36827;出口有限公司,岡山,,飼田,E4631UR ,ショートパンツ,63サックス,しまむら,,合格,,
Q2726001700,2026-02-06,2026-02-10,青&#23707;&#31166;金源&#32463;&#36152;有限公司（??&#21326;源）(青&#23707;恒新山),キッズカジュアル,,キッズカジュアル,F5631BZ ,Tシャツ,N1、N7,しまむら,,合格,,
61526003827,2026-02-06,2026-02-10,上海&#39134;&#39532;&#36827;出口有限公司,岡山,,飼田,E5630YR ,,N8クロ本体、N8クロリブ部分、製品N8クロ,しまむら,合格,合格,,
Q2726002344,2026-02-06,2026-02-10,青&#23707;紫?国&#38469;&#36152;易有限公司,ライフグッズ,,ライフグッズ,1P604BB ,巾着,,しまむら,,合格,,
61526003833,2026-02-06,2026-02-10,上海&#39134;&#39532;&#36827;出口有限公司,岡山,,飼田,E4632DR ,ショートパンツ,03ピンク,しまむら,,合格,,
61026003500,2026-02-05,2026-02-09,如皋帝晨服&#39280;有限公司,岡山,,,6662ZAR ,,N3Aグレー、N9ブラック、製品、クロ系ワッペン,しまむら,合格,合格,,
61026003462,2026-02-05,2026-02-09,祥安服装如&#19996;有限公司,岡山,,平松,No.1:CG-7MFNo.2:CG-2MIKUNo.3:CG-3MIKU ,ゴム(ミッフィーエステルベアボクサー2P/初音ミク 紳士2Pボクサー)BW6218R/BW6418R,エメG、ブラック,しまむら,合格,,,
Q2726002263,2026-02-05,2026-02-09,Grand Concord Garment(Hong Kong) Limited&#35832;城裕泰&#38024;&#32455;有限公司（广豪）,婦人アンダ－ウェア,,婦人アンダ-ウェア,9M62LRA ,長袖,N9,しまむら,,合格,,
Q2726002265,2026-02-05,2026-02-09,Grand Concord Garment(Hong Kong) Limited&#35832;城裕泰&#38024;&#32455;有限公司（广豪）,アンダーウェア,,婦人アンダーウェア　笹田,9M62LRR ,長袖,N9ブラック,しまむら,,合格,,
61026003493,2026-02-05,2026-02-10,上海昊客商&#36152;有限公司,,,?山,F4630CZ ,,05レッド、83パープル,しまむら,,合格,,
Q2726002271,2026-02-05,2026-02-09,青&#23707;&#31166;金源&#32463;&#36152;有限公司（??&#21326;源）(青&#23707;恒新山),レディ－スカジュアル,,レディ-スカジュアル,Y5649MA ,シャツ,N9ブラック,しまむら,,合格,,
Q2726001364,2026-02-05,2026-02-10,青&#23707;承越皮革制品有限公司,ライフグッズ,,ライフグッズ,1R4641R ,ランリュック,中茶,しまむら,,合格,,
Q2726002273,2026-02-05,2026-02-09,青&#23707;&#31166;金源&#32463;&#36152;有限公司（??&#21326;源）(青&#23707;恒新山),レディ－スカジュアル,,レディ-スカジュアル,Y5646MA ,婦人シャツ,N9D,しまむら,,合格,,
Q2726002269,2026-02-05,2026-02-09,青&#23707;&#31166;金源&#32463;&#36152;有限公司（??&#21326;源）(青&#23707;恒新山),レディ－スカジュアル,,レディ-スカジュアル,Y5645MA ,婦人シャツ,N9,しまむら,,合格,,
61026003520,2026-02-05,2026-02-09,上海昊客商&#36152;有限公司,,,?山,G5631WZ ,半袖Tシャツ,製品、グリーン系ワッペン、ピンク×白ワッペン、ピンク系刺繍、ピンク系ワッペン,しまむら,合格,合格,,
61026003514,2026-02-05,2026-02-09,祥安服装如&#19996;有限公司,岡山,,平松,TH622SQ ,Reebok ナイロンベア ハイネック長袖,製品,しまむら,,合格,,
61526003766,2026-02-05,2026-02-09,上海&#39134;&#39532;&#36827;出口有限公司,岡山,,飼田,E2630MR ,Tシャツ+ショートパンツ,N9ブラック本体、製品,しまむら,合格,合格,,
Q2726002234,2026-02-05,2026-02-09,Grand Concord Garment(Hong Kong) Limited&#35832;城裕泰&#38024;&#32455;有限公司（广豪）,アンダーウェア,,婦人アンダーウェア　笹田,9N624CR ,カップ付きタンクトップ,10製品、N7製品、N9本体、N9製品、白胸下ゴム、黒胸下ゴム、黒カップ、チャコール
胸下ゴム、ベージュカップ,しまむら,合格,合格,,
61526003668,2026-02-05,2026-02-09,上海&#39134;&#39532;&#36827;出口有限公司,岡山,,飼田,F5630QZ ,,10オフホワイト、25オレンジ、N7チャコール、イエロー系(文字)、グリーン系(山)、グリーン系(灯)、グリーン系(狼)、グリーン系(キャンプ)、グリーン系(テント)、ブルー系、ブルー系(道しるべ)、レッド織物ワッペン、レッドワッペン,しまむら,合格,合格,,
Q2726002245,2026-02-05,2026-02-09,青&#23707;裕?佳商&#36152;有限公司,ライフグッズ,,ライフグッズ,1A605BB ,生地,67本体、67パイピング、N9本体、N9パイピング、ピンク
パイピング,しまむら,合格,,,
Q2726002236,2026-02-05,2026-02-09,青&#23707;&#31166;金源&#32463;&#36152;有限公司（??&#21326;源）(青&#23707;恒新山),キッズカジュアル,,キッズカジュアル,F5635BZ ,Tシャツ,13製品、ブルー×緑×ネイビー織ワッペン、ブルー×キイロ前刺繍,しまむら,合格,合格,,
Q2726002220,2026-02-05,2026-02-09,青&#23707;&#31166;金源&#32463;&#36152;有限公司（??&#21326;源）(青&#23707;恒新山),キッズカジュアル,,キッズカジュアル,R4632PZ ,パンツ,67本体、67製品、N2製品、N3製品、白シックテープ,しまむら,合格,合格,,
Q2726001979,2026-02-05,2026-02-09,青&#23707;&#31166;金源&#32463;&#36152;有限公司（??&#21326;源）(青&#23707;恒新山),メンズカジュアル,,メンズカジュアル,C5631WR ,紳士シャツ,N9製品、白×黒
ワッペン、白袖刺繍、赤×黄
刺繍、黒×黄
刺繍、黒袖刺繍,しまむら,合格,合格,,
Q2726002183,2026-02-05,2026-02-10,&#23425;波日恒&#36827;出口有限公司,レディ－スカジュアル,,レディ-スカジュアル,Y6630RR ,婦人シャツ,67ネイビー本体、67ネイビー製品,しまむら,合格,合格,,
61526003666,2026-02-05,2026-02-09,上海&#39134;&#39532;&#36827;出口有限公司,岡山,,飼田,RT630QZ ,,10オフホワイト、67ネイビー、イエロー系(文字)、グリーン系(山)、グリーン系(灯)、グリーン系(狼)、グリーン系(キャンプ)、グリーン系(テント)、ブルー系、ブルー系(道しるべ)、レッド織物ワッペン、レッドワッペン,しまむら,合格,合格,,
Q2726002246,2026-02-05,2026-02-09,高密亨利制衣有限公司,アンダーウェア,,婦人アンダーウェア　笹田,9S620CR ,サニタリーショーツ,N9製品、N9身生地、黒×白ゴム,しまむら,合格,合格,,
Q1726000027,2026-02-05,2026-02-09,南通同泰服装有限公司,レディ－スカジュアル,,レディ-スカジュアル,PO8052B ,セット,18プルオーバー、18ワンピース、18ワンピース本体,しまむら,合格,合格,,
Q2726002261,2026-02-05,2026-02-09,Grand Concord Garment(Hong Kong) Limited&#35832;城裕泰&#38024;&#32455;有限公司（广豪）,婦人アンダ－ウェア,,婦人アンダ-ウェア,9M62MRA ,長袖,N9,しまむら,,合格,,
61026003535,2026-02-05,2026-02-11,上海昊客商&#36152;有限公司,,,?山,R5634PZ ,半袖Tシャツ,製品N2オートミール(杢)、製品N9ブラック、ネイビーアップリケ、ホワイトアップリケ,しまむら,合格,合格,,
61026003540,2026-02-05,2026-02-09,上海昊客商&#36152;有限公司,,,?山,G5632PZ ,,13アイボリー、33クリーム、55グリーン、クマ刺繍,しまむら,合格,合格,,
Q2726002250,2026-02-05,2026-02-09,高密亨利制衣有限公司,アンダーウェア,,婦人アンダーウェア　笹田,9S620MR ,ショーツ,N9ブラック本体、N9ブラック製品、黒ゴム,しまむら,合格,合格,,
Q2726002248,2026-02-05,2026-02-09,高密亨利制衣有限公司,アンダーウェア,,婦人アンダーウェア　笹田,9S621MR ,ショーツ,N9ブラック本体、N9ブラック製品、グレーゴム,しまむら,合格,合格,,
Q2726002252,2026-02-05,2026-02-10,高密亨利制衣有限公司,アンダーウェア,,婦人アンダーウェア　笹田,9S6204R ,サニタリーショーツ,N9本体、N9製品、N9ゴム,しまむら,合格,合格,,
Q2726002259,2026-02-05,2026-02-09,高密亨利制衣有限公司,婦人アンダ－ウェア,,婦人アンダ-ウェア,9S621QR ,サニタリーショーツ,N9製品、N9身生地、黒×紫ゴム,しまむら,合格,合格,,
Q2726002254,2026-02-05,2026-02-09,高密亨利制衣有限公司,婦人アンダ－ウェア,,婦人アンダ-ウェア,9S620QR ,サニタリーショーツ,N9製品、N9身生地、黒×赤ゴム,しまむら,合格,合格,,
61526003510,2026-02-04,2026-02-06,上海&#39134;&#39532;&#36827;出口有限公司,岡山,,飼田,E5630ER ,,N9ブラックリブ、製品,しまむら,合格,合格,,
61526003575,2026-02-04,2026-02-07,上海&#39134;&#39532;&#36827;出口有限公司,岡山,,飼田,F5632QZ ,丸首半袖T,製品、ブラックニットテープ、レッドワッペン,しまむら,合格,合格,,
61526003577,2026-02-04,2026-02-06,上海&#39134;&#39532;&#36827;出口有限公司,岡山,,飼田,F5632RZ ,丸首半袖T,製品N9ブラック、グレー刺繍糸,しまむら,合格,合格,,
61526003508,2026-02-04,2026-02-06,上海&#39134;&#39532;&#36827;出口有限公司,岡山,,飼田,E2631DR ,半袖Tシャツ+ショートパンツ,03ピンク袖、N9ブラック本体、製品N9ブラック,しまむら,合格,合格,,
61526003573,2026-02-04,2026-02-06,上海&#39134;&#39532;&#36827;出口有限公司,岡山,,飼田,F5631QZ  ,,05レッド、53モスグリーン、N3グレー、N8クロ、アカワッペン、ブラックニットテープ,しまむら,合格,合格,,
61526003570,2026-02-04,2026-02-06,上海&#39134;&#39532;&#36827;出口有限公司,岡山,,飼田,G5631UR ,半袖Tシャツ,03ピンク本体、03ピンクリブ、製品,しまむら,合格,合格,,
61526003519,2026-02-04,2026-02-06,上海&#39134;&#39532;&#36827;出口有限公司,岡山,,飼田,E2630AZ ,生地(Tシャツ+ショートパンツ),63サックス、82ラベンダー、N9ブラック,しまむら,合格,,,
Q2726001876,2026-02-04,2026-02-06,青&#23707;&#31166;金源&#32463;&#36152;有限公司（??&#21326;源）(青&#23707;恒新山),子供ナイティー,,子供ナイティー,6X630JR ,冷感ケット,63製品、アイボリー裏地、ブルー包み部分、ベージュ包み部分,しまむら,合格,合格,,
Q2726002077,2026-02-04,2026-02-09,青&#23707;&#31166;金源&#32463;&#36152;有限公司（??&#21326;源）(青&#23707;恒新山),子供ナイティー,,子供ナイティー,6762ZYR ,パジャマ,15製品、65製品、N9本体、N9製品、白シックテープ、紺×白×赤ワッペン、イエローリブ、グレーリブ,しまむら,合格,合格,,
Q2726001696,2026-02-04,2026-02-06,青&#23707;伊美瑛国&#38469;&#36152;易有限公司,レディ－スカジュアル,,レディ-スカジュアル,Y4621GR ,パンツ,N9本体、N9製品、白シックテープ,しまむら,合格,合格,,
61026003386,2026-02-04,2026-02-06,如皋帝晨服&#39280;有限公司,岡山,,,76633WR ,,68-1ダークブルー本体、68-1ダークブルーリブ、製品03ピンク、製品63サックス,しまむら,合格,合格,,
61026003391,2026-02-04,2026-02-06,如皋帝晨服&#39280;有限公司,岡山,,,6662YAR ,パジャマ,製品、ブラック本体,しまむら,合格,合格,,
Q2726002174,2026-02-04,2026-02-05,青&#23707;&#31166;金源&#32463;&#36152;有限公司（??&#21326;源）(青&#23707;恒新山),キッズカジュアル,,キッズカジュアル,Y564LMA ,刺,15、N0、N9,しまむら,合格,,,
Q2726002216,2026-02-04,2026-02-06,青&#23707;&#31166;金源&#32463;&#36152;有限公司（??&#21326;源）(青&#23707;恒新山),キッズカジュアル,,キッズカジュアル,R4631PZ ,パンツ,14ベージュ本体、14ベージュ製品、N2オートミール製品、N3グレー製品、白シックテープ,しまむら,合格,合格,,
Q2726002226,2026-02-04,2026-02-06,&#35832;城和&#35802;服装&#38024;&#32455;有限公司,紳士ナイティー,,紳士ナイティー,226219R ,紳士パジャマ,67,しまむら,合格,,,
Q2726002229,2026-02-04,2026-02-06,&#35832;城和&#35802;服装&#38024;&#32455;有限公司,紳士ナイティー,,紳士ナイティー,22621PR ,紳士パジャマ,N3,しまむら,合格,,,
Q2726002210,2026-02-04,2026-02-09,&#35832;城方利制衣有限公司,アンダーウェア,,婦人アンダーウェア　笹田,9M62MDR ,長袖,N7本体、N7製品、N9製品,しまむら,,合格,,
Q2726002175,2026-02-04,2026-02-05,青&#23707;&#31166;金源&#32463;&#36152;有限公司（??&#21326;源）(青&#23707;恒新山),キッズカジュアル,,キッズカジュアル,Y564RMA/Y5649MA ,刺繍,キイロ×モカ、ピンク×キイロ×ブルー、ピンク×ブルー×キイロ,しまむら,合格,,,
61026003355,2026-02-04,2026-02-06,如皋帝晨服&#39280;有限公司,岡山,,,66623JR ,パジャマ,65ブルー、67ネイビー本体、N3グレー,しまむら,合格,合格,,
61026003353,2026-02-04,2026-02-06,如皋帝晨服&#39280;有限公司,岡山,,,766349R ,,63サックス、N3Aグレー本体、N9ブラック、N9ブラック本体、N9ブラックリブ,しまむら,合格,合格,,
61026003327,2026-02-04,2026-02-06,如皋帝晨服&#39280;有限公司,岡山,,,666249R ,パジャマ,N3Aグレー、N3グレー、N9ブラック、N9ブラック本体、N9ブラックリブ,しまむら,合格,合格,,
61026003329,2026-02-04,2026-02-06,如皋帝晨服&#39280;有限公司,岡山,,,76623WR ,,25オレンジ、83パープル,しまむら,,合格,,
Q2726001363,2026-02-04,2026-02-06,青&#23707;紫?国&#38469;&#36152;易有限公司,ライフグッズ,,ライフグッズ,1P6B48R ,ポーチ,10オフホワイト,しまむら,,合格,,
61026003317,2026-02-04,2026-02-06,如皋帝晨服&#39280;有限公司,岡山,,,76621RR ,パジャマ,03ピンク、54エメグリーン、67Bネイビー本体,しまむら,合格,合格,,
61026003305,2026-02-04,2026-02-06,如皋帝晨服&#39280;有限公司,岡山,,,66621ER ,パジャマ,N3Aグレー、N3グレー、N9ブラック、N9ブラック本体、N9ブラックリブ,しまむら,合格,合格,,
61026003307,2026-02-04,2026-02-06,如皋帝晨服&#39280;有限公司,岡山,,,666349R ,パジャマ,N3Aグレー、N3グレー、N7チャコール、N7チャコールリブ、N9ブラック本体,しまむら,合格,合格,,
61026003310,2026-02-04,2026-02-06,如皋帝晨服&#39280;有限公司,岡山,,,66631ER ,パジャマ,N3Aグレー、N7チャコールリブ、N9ブラック、製品N3グレー、製品N9ブラック,しまむら,合格,合格,,
61026003335,2026-02-04,2026-02-06,如皋帝晨服&#39280;有限公司,岡山,,,66633JR ,,05-2レッド袖、05-2レッドリブ、05レッド、65ブルー、N3Aグレー本体,しまむら,合格,合格,,
61026003347,2026-02-04,2026-02-06,如皋帝晨服&#39280;有限公司,岡山,,,66632AR ,,55グリーン、N3Aグレー本体、N9ブラック、N9ブラック本体、N9ブラックリブ,しまむら,合格,合格,,
61026003349,2026-02-04,2026-02-06,如皋帝晨服&#39280;有限公司,岡山,,,766259R ,パジャマ,03ピンク、63サックス、67Bネイビー本体,しまむら,合格,合格,,
61026003343,2026-02-04,2026-02-06,如皋帝晨服&#39280;有限公司,岡山,,,766359R  ,,67Aネイビー本体、N3Aグレー、製品03ピンク、製品N3グレー,しまむら,合格,合格,,
61026003337,2026-02-04,2026-02-06,如皋帝晨服&#39280;有限公司,岡山,,,766249R ,パジャマ,N3Aグレー、N3グレー、N9ブラック、N9ブラック本体、N9ブラックリブ,しまむら,合格,合格,,
61026003339,2026-02-04,2026-02-06,如皋帝晨服&#39280;有限公司,岡山,,,666300R ,パジャマ,57カーキ、N9ブラック、N9ブラック本体、N9ブラックリブ,しまむら,合格,合格,,
61026003302,2026-02-04,2026-02-06,如皋帝晨服&#39280;有限公司,岡山,,,76631RR ,,54エメグリーン、67Aネイビー本体、83パープル,しまむら,合格,合格,,
Q2726002108,2026-02-03,2026-02-05,&#35832;城方利制衣有限公司,アンダーウェア,,婦人アンダーウェア　笹田,926203R/926213R ,生地,N9、紫S.JENNI、黒、ブルー
S.JENNI,しまむら,合格,,,
61026003203,2026-02-03,2026-02-05,如皋帝晨服&#39280;有限公司,岡山,,藤?,76632KR/CK6-114/CK6-1145FR ,,14-5ベージュ天竺、14-5ベージュリブ、60-5ライトブルー天竺、60-5ライトブルーリブ,しまむら,合格,,,
61026003216,2026-02-03,2026-02-05,如皋帝晨服&#39280;有限公司,岡山,,藤?,76633WR/CK6-1145FR ,フライスリブ1×1(パジャマ),68-1ダークブルー,しまむら,合格,,,
61026003148,2026-02-03,2026-02-05,如皋帝晨服&#39280;有限公司,岡山,,,76622KR ,,33クリーム、50ライトグリーン,しまむら,,合格,,
Q2726002098,2026-02-03,2026-02-05,&#35832;城方利制衣有限公司,アンダーウェア,,婦人アンダーウェア　笹田,9R62FDA ,ペチパンツ,14、N9,しまむら,,合格,,
Q2726002096,2026-02-03,2026-02-06,&#35832;城方利制衣有限公司,アンダーウェア,,婦人アンダーウェア　笹田,9M62PDR(関連9M62RDR) ,タンクトップ,63、N9,しまむら,,合格,,
Q2726002062,2026-02-03,2026-02-05,山&#19996;省&#28493;坊市&#36827;出口有限公司,子供ナイティー,,子供ナイティー,6663GJR ,パジャマ,63上衣、63下衣、白肩テープ、白シックテープ,しまむら,,合格,,
Q2726001770,2026-02-03,2026-02-06,青&#23707;&#31166;金源&#32463;&#36152;有限公司（??&#21326;源）(青&#23707;恒新山),キッズカジュアル,,キッズカジュアル,F5633MZ ,Tシャツ,N8,しまむら,,合格,,
Q2726001928,2026-02-03,2026-02-09,山&#19996;省&#28493;坊市&#36827;出口有限公司,子供ナイティー,,子供ナイティー,6663APR ,パジャマ,13上衣、13下衣、63上衣、63下衣、N1上衣、N1下衣、白肩テープ、白シックテープ、紺×白
袖ワッペン,しまむら,合格,合格,,
61026003259,2026-02-03,2026-02-05,上海昊客商&#36152;有限公司,,,?山,R5637PZ ,生地(半袖Tシャツ),05レッド本体、05レッドリブ、14ベージュ本体、55グリーン本体、63サックス本体、67ネイビー本体、ネイビーリブ、ブラウンリブ、ブルーリブ,しまむら,合格,,,
61026003254,2026-02-03,2026-02-03,上海昊客商&#36152;有限公司,,,?山,RT63APZ　RT639PZ　RT636PZ　RT635PZ　RT63QPZ　RT63NPZ　RT63FPZ　RT63EPZ　RT63DPZ ,生地(シャツロンパース/袖切り替えロンパース/サンドレス風ロンパース/ロンパース/ブルマ/スカート付きロンパース/フリル袖ロンパース/シャツカバーオール),14ベージュ、63サックス,しまむら,合格,,,
Q2726002060,2026-02-03,2026-02-05,山&#19996;省&#28493;坊市&#36827;出口有限公司,子供ナイティー,,子供ナイティー,7663HJR ,パジャマ,03上衣、03下衣、白肩テープ、白シックテープ、ピンクリブ,しまむら,合格,合格,,
Q2726002058,2026-02-03,2026-02-05,山&#19996;省&#28493;坊市&#36827;出口有限公司,子供ナイティー,,子供ナイティー,7663FWR ,パジャマ,13上衣、13下衣、白肩テープ、白シックテープ、ベージュリブ,しまむら,合格,合格,,
61026003252,2026-02-03,2026-02-06,上海昊客商&#36152;有限公司,,,?山,G2630HR ,半袖Tシャツ+ショートパンツ,63サックスニットテープ、63サックスニットパイピング、製品:63サックス、サックス系刺繍,しまむら,合格,合格,,
Q2726002100,2026-02-03,2026-02-05,&#35832;城方利制衣有限公司,アンダーウェア,,婦人アンダーウェア　笹田,9Q62KDA ,3分丈,14、N9,しまむら,,合格,,
Q2726002114,2026-02-03,2026-02-05,青&#23707;&#31166;金源&#32463;&#36152;有限公司（??&#21326;源）(青&#23707;恒新山),レディ－スカジュアル,,レディ-スカジュアル,Y5634MR ,婦人Tシャツ,N9本体、N9製品、黒×白リブ,しまむら,合格,合格,,
Q2726002110,2026-02-03,2026-02-06,&#35832;城方利制衣有限公司,アンダーウェア,,婦人アンダーウェア　笹田,9N62DDA関連品番:9N62JDA ,カップ付きタンク,N0製品、N9製品、白カップ上
バインダー、白ゴム、白マーキ、黒カップ、黒カップ上
バインダー、黒カップ下バインダー、黒ゴム、黒マーキ、ベージュ
カップ、ベージュカップ下バインダー,しまむら,合格,合格,,
Q2726002106,2026-02-03,2026-02-05,&#35832;城方利制衣有限公司,アンダーウェア,,婦人アンダーウェア　笹田,9M62BDA ,ヒヤロン 肩紐隠しタンク,N9,しまむら,,合格,,
Q2726002116,2026-02-03,2026-02-05,青&#23707;&#31166;金源&#32463;&#36152;有限公司（??&#21326;源）(青&#23707;恒新山),レディ－スカジュアル,,レディ-スカジュアル,Y5633MR ,婦人シャツ,15ブラウン本体、15ブラウン製品、15ブラウンリブ,しまむら,合格,合格,,
Q2726002143,2026-02-03,2026-02-06,青&#23707;朗和国&#38469;&#36152;易有限公司,レディ－スカジュアル,,レディ-スカジュアル,A4622ZR/A4631ZR/A4636ER ,OPパイピングロングP/CLハーフP/ODハーフP,67、N7、N9,しまむら,合格,,,
Q2726002123,2026-02-03,2026-02-06,青&#23707;&#31166;金源&#32463;&#36152;有限公司（??&#21326;源）(青&#23707;恒新山),子供ナイティー,,子供ナイティー,6P6313R ,敷パッド,67製品、白裏地、紺包み部分、赤包み部分,しまむら,合格,合格,,
Q2726002122,2026-02-03,2026-02-05,青&#23707;&#31166;金源&#32463;&#36152;有限公司（??&#21326;源）(青&#23707;恒新山),子供ナイティー,,子供ナイティー,6J6313R ,枕,67枕、67カバー、白枕本体,しまむら,,合格,,
61526003322,2026-02-03,2026-02-05,上海&#39134;&#39532;&#36827;出口有限公司,岡山,,飼田,E2630YR ,半袖Tシャツ,N9ブラック、N9ブラック本体、N9ブラックリブ,しまむら,合格,合格,,
Q2726002102,2026-02-03,2026-02-05,&#35832;城方利制衣有限公司,アンダーウェア,,婦人アンダーウェア　笹田,9M62HDA ,ヒヤロン UV長袖,N9,しまむら,,合格,,
Q2726002104,2026-02-03,2026-02-06,&#35832;城方利制衣有限公司,アンダーウェア,,婦人アンダーウェア　笹田,9N62CDA関連品番9N62HDA ,カップ付きキャミソール,N0製品、N9製品、白アンダーゴム、白テープ、白マーキー、白メッシュ、黒アンダーゴム、黒カップ
下バインダー、黒カップ、黒テープ、黒マーキー、黒メッシュ、ベージュ
カップ、ベージュ
カップ下
バインダー,しまむら,合格,合格,,
Q2726001702,2026-02-02,2026-02-04,青&#23707;&#31166;金源&#32463;&#36152;有限公司（??&#21326;源）(青&#23707;恒新山),レディ－スカジュアル,,レディ-スカジュアル,Y563VMA ,婦人シャツ,N9A,しまむら,,合格,,
Q2726001698,2026-02-02,2026-02-05,青&#23707;&#31166;金源&#32463;&#36152;有限公司（??&#21326;源）(青&#23707;恒新山),キッズカジュアル,,キッズカジュアル,F5631MZ ,Tシャツ,N8製品、黒刺繍,しまむら,合格,合格,,
61026003095,2026-02-02,2026-02-06,上海昊客商&#36152;有限公司,,,?山
,G5630HR ,半袖Tシャツ,03ピンク天竺、03ピンクリブ、製品、パープルチュール、ピンクチュール,しまむら,合格,合格,,
61026003093,2026-02-02,2026-02-04,上海昊客商&#36152;有限公司,,,?山,G5632PZ ,生地(半袖Tシャツ),13アイボリー本体、13アイボリーリブ、33クリーム本体、33クリームリブ、55グリーン本体、55グリーンリブ,しまむら,合格,,,
61026003050,2026-02-02,2026-02-04,?家港市佳怡&#31166;服&#39280;有限公司,岡山,,田中,A1623PR ,フルジップパーカー,67ネイビー裏地、製品、黒系引手、オフ刺繍、カーキ刺繍,しまむら,合格,合格,,
61026003061,2026-02-02,2026-02-04,上海昊客商&#36152;有限公司,,,?山,G5631WZ ,,03ピンク天竺、05レッドリブ、10オフホワイトリブ、63サックス天竺,しまむら,合格,,,
61026003066,2026-02-02,2026-02-04,上海昊客商&#36152;有限公司,,,?山
,G5631WR ,Tシャツ,N9ブラック、N9ブラック本体,しまむら,合格,合格,,
61026003080,2026-02-02,2026-02-04,如皋帝晨服&#39280;有限公司,岡山,,伊藤,21621YR ,パジャマ,67ネイビーリブ、N9ブラック、製品15ブラウン、製品67ネイビー、製品N3グレー,しまむら,合格,合格,,
Q2726001854,2026-02-02,2026-02-04,青&#23707;&#31166;金源&#32463;&#36152;有限公司（??&#21326;源）(青&#23707;恒新山),キッズカジュアル,,キッズカジュアル,G5630WZ ,シャツ,N9製品、サックス側テープ、サックスリブ、ピンク側テープ、ピンク刺繍、ピンクリブ,しまむら,合格,合格,,
Q2726001829,2026-02-02,2026-02-04,青&#23707;天一泰和国&#38469;&#36152;易有限公司(天森豪?票)普票EXL,レディ－スカジュアル,,レディ-スカジュアル,Y463JMA ,ショートパンツ,N9本体、N9製品、生成
シックテープ、紺×白刺繍、紺パイピング、黒×白刺繍、キイロ×白刺繍、ピンク×白刺繍,しまむら,合格,合格,,
Q2726001827,2026-02-02,2026-02-04,青&#23707;天一泰和国&#38469;&#36152;易有限公司(天森豪?票)普票EXL,レディ－スカジュアル,,レディ-スカジュアル,Y463HMA ,ショートパンツ,N9製品、生成
シックテープ、紺刺繍、紺パイピング、黄刺繍、黒刺繍、黒本体、ピンク刺繍,しまむら,合格,合格,,
61026003039,2026-02-02,2026-02-04,南通?川服飾有限公司,,,,Y5631ZA ,5分袖T,N9A ブラックA、N9A ブラックA本体、N9A ブラックAリブ,しまむら,合格,合格,,
Q2726001705,2026-02-02,2026-02-04,青&#23707;&#31166;金源&#32463;&#36152;有限公司（??&#21326;源）(青&#23707;恒新山),キッズカジュアル,,キッズカジュアル,Y5645MA/Y5646MA ,刺,15、63、N0A、N0B、N0C、N9C、N9D,しまむら,合格,,,
Q2726001874,2026-02-02,2026-02-04,青&#23707;&#31166;金源&#32463;&#36152;有限公司（??&#21326;源）(青&#23707;恒新山),レディ－スカジュアル,,レディ-スカジュアル,Y6622ZR ,トレーナー,03製品、白レース、紺×白刺繍、アイスグレー
衿テープ、ピンク×白
刺繍、ピンク衿テープ,しまむら,合格,合格,,
61526003268,2026-02-02,2026-02-04,上海&#39134;&#39532;&#36827;出口有限公司,岡山,,飼田,F5636BZ ,Tシャツ,25オレンジ、63サックス,しまむら,,合格,,
61526003248,2026-02-02,2026-02-04,上海&#39134;&#39532;&#36827;出口有限公司,岡山,,飼田,F5630BZ ,,10オフホワイト、63サックス,しまむら,,合格,,
61526003169,2026-02-02,2026-02-04,?家港&#21326;夏帽&#19994;有限公司,岡山,,高木,1C616ER ,本体生地(ウォッシュ加工キャップ),N9ブラック,しまむら,合格,,,
61526003246,2026-02-02,2026-02-04,上海&#39134;&#39532;&#36827;出口有限公司,岡山,,飼田,F5632MZ ,半袖T,10オフホワイト、15ブラウン、N2オートミール(杢),しまむら,,合格,,
50125005436,2026-02-02,2026-02-04,株式会社播,,,高瀬,[8B200R]AF2617(製品品番:126200R) ,パジャマ,67ネイビー,しまむら,合格,,,
Q2726001397,2026-02-02,2026-02-04,大?万林&#36827;出口有限公司（大?佳林）（大?裕森）服装有限公司,メンズカジュアル,,メンズカジュアル,MB2516X(XM1030) ,カーゴロングパンツ,49製品、N8B製品、白刺繍、黒紐,しまむら,合格,合格,,
61026003022,2026-02-02,2026-02-05,祥安服装如&#19996;有限公司,岡山,,平松,BW6B58R ,,65ブルー本体、製品65ブルー、製品N3グレー、パープルゴム、レンガゴム,しまむら,,合格,,
61026003024,2026-02-02,2026-02-04,南通?川服飾有限公司,,,,Y5630ZA ,5分袖T,N9AブラックA、N9AブラックA本体、N9AブラックAリブ,しまむら,合格,合格,,
61026003020,2026-02-02,2026-02-04,祥安服装如&#19996;有限公司,岡山,,平松,BW6B68R ,,52ターコ、N7チャコール、N7チャコール本体、ターコゴム、パープルゴム,しまむら,,合格,,
61026002957,2026-02-02,2026-02-04,祥安服装如&#19996;有限公司,岡山,,平松,WH6B18R/CBB6032 ,,52ターコ、67ネイビー、N9ブラック,しまむら,合格,,,
61026002958,2026-02-02,2026-02-04,祥安服装如&#19996;有限公司,岡山,,平松,BW6418R/CNB6113/CNRT21 ,,67ネイビー、N8クロ、N9ブラック,しまむら,合格,,,
Q2726002080,2026-02-02,2026-02-05,&#35832;城方利制衣有限公司,アンダーウェア,,婦人アンダーウェア　笹田,9M62NDR ,ヒヤロンキャミ　接触冷感,N9,しまむら,,合格,,
Q2726002021,2026-02-02,2026-02-04,&#28493;坊瑞思百&#24503;&#36827;出口有限公司,レディ－スカジュアル,,レディ-スカジュアル,Y662YMA(LSN-6017) ,トラックJKT,03、N8、N9、黒×白、チャコール×白、ピンク×白,しまむら,合格,,,
Q2726002082,2026-02-02,2026-02-05,&#35832;城方利制衣有限公司,アンダーウェア,,婦人アンダーウェア　笹田,9Q62GDA ,ステテコ,N7ひも、N7製品、N9ひも、N9製品,しまむら,合格,合格,,
Q2726002084,2026-02-02,2026-02-04,&#35832;城方利制衣有限公司,アンダーウェア,,婦人アンダーウェア　笹田,9L62ADA ,ヒヤロン ハーフトップショーツ,N9ショーツ、N9ハーフトップ、黒クロッチ、黒テープ,しまむら,合格,合格,,
Q2726002019,2026-02-02,2026-02-04,&#28493;坊瑞思百&#24503;&#36827;出口有限公司,レディ－スカジュアル,,レディ-スカジュアル,Y6630MA(LSN-6014) ,ポロシャツ,15、67、N2、白裏地,しまむら,合格,,,
Q2726002013,2026-02-02,2026-02-03,青&#23707;&#31166;金源&#32463;&#36152;有限公司（??&#21326;源）(青&#23707;恒新山),レディ－スカジュアル,,レディ-スカジュアル,A5635RR/A4633RR ,PANTS,T SHIRT,03、N0天竺、N9天竺,しまむら,合格,,,
Q2726002007,2026-02-02,2026-02-05,Grand Concord Garment(Hong Kong) Limited&#35832;城裕泰&#38024;&#32455;有限公司（广豪）,アンダーウェア,,婦人アンダーウェア　笹田,9M62FCR ,長袖,N7チャコール、N9ブラック,しまむら,,合格,,
Q2726002009,2026-02-02,2026-02-05,Grand Concord Garment(Hong Kong) Limited&#35832;城裕泰&#38024;&#32455;有限公司（广豪）,アンダーウェア,,婦人アンダーウェア　笹田,9L62GCA ,ハーフトップ+ショーツ,10ショーツ、10ハーフトップ、50ショーツ、50ハーフトップ、N9身生地、N9ショーツ、N9ハーフトップ、白カップ
下バインダー、白テープ、黒×白ゴム、グレー×白肩ゴム、グレージュ
テープ、ブラックカップ下バインダー、ブラックテープ、ライトグリーン
カップ下
バインダー、ライトグリーン
テープ,しまむら,合格,合格,,
Q2726002011,2026-02-02,2026-02-04,&#35832;城方利制衣有限公司,アンダーウェア,,婦人アンダーウェア　笹田,9M62QDR関連品番9M62SDR ,ヒヤロンフレンチ 接触冷感,N9,しまむら,,合格,,
Q2726002086,2026-02-02,2026-02-05,&#35832;城方利制衣有限公司,アンダーウェア,,婦人アンダーウェア　笹田,9N62EDA ,カップ付きペチコートキャミ,N9製品、黒カップ、黒カップ上
バインダー、黒カップ下
バインダー、黒ゴム、黒マーキ、黒メッシュ,しまむら,合格,合格,,
Q2726002150,2026-02-02,2026-02-05,青&#23707;&#31166;金源&#32463;&#36152;有限公司（??&#21326;源）(青&#23707;恒新山),キッズカジュアル,,キッズカジュアル,F5632BZ ,Tシャツ,63,しまむら,,合格,,
Q2726002147,2026-02-02,2026-02-04,青&#23707;&#31166;金源&#32463;&#36152;有限公司（??&#21326;源）(青&#23707;恒新山),キッズカジュアル,,キッズカジュアル,Y5649MA ,刺繍,黄、ピンク、ピンク×サックス,しまむら,合格,,,
Q2726002152,2026-02-02,2026-02-04,青&#23707;&#31166;金源&#32463;&#36152;有限公司（??&#21326;源）(青&#23707;恒新山),キッズカジュアル,,キッズカジュアル,F5634BZ ,Tシャツ,25サガラ刺繍、25ロゴ刺繍、63製品、63サガラ刺繍、63ロゴ刺繍,しまむら,合格,合格,,
Q2726002154,2026-02-02,2026-02-05,青&#23707;&#31166;金源&#32463;&#36152;有限公司（??&#21326;源）(青&#23707;恒新山),キッズカジュアル,,キッズカジュアル,F5635MZ ,Tシャツ,15刺繍、15製品、15サガラ刺繍、N2刺繍、N2製品、N2サガラ刺繍、N3刺繍、N3製品、N3サガラ刺繍,しまむら,合格,合格,,
Q2726002094,2026-02-02,2026-02-05,&#35832;城方利制衣有限公司,アンダーウェア,,婦人アンダーウェア　笹田,9M62NDA ,汗取り付きフレンチ袖,N9ブラック,しまむら,,合格,,
Q2726002088,2026-02-02,2026-02-05,&#35832;城方利制衣有限公司,アンダーウェア,,婦人アンダーウェア　笹田,9Q62LDA ,9分丈,N9ブラック,しまむら,,合格,,
Q2726002090,2026-02-02,2026-02-05,&#35832;城方利制衣有限公司,アンダーウェア,,婦人アンダーウェア　笹田,9Q62JDA ,1分丈,14、N9,しまむら,,合格,,
Q2726002092,2026-02-02,2026-02-04,&#35832;城方利制衣有限公司,アンダーウェア,,婦人アンダーウェア　笹田,9M62MDA ,汗取り付きキャミソール,N9,しまむら,,合格,,
Q2726002005,2026-02-02,2026-02-05,Grand Concord Garment(Hong Kong) Limited&#35832;城裕泰&#38024;&#32455;有限公司（广豪）,アンダーウェア,,婦人アンダーウェア　笹田,9L62HCA ,ハーフトップ+ショーツセット,N3ショーツ、N3ハーフトップ、N9ショーツ、N9ハーフトップ、黒×白ゴム、黒下バインダー、黒肩テープ、黒テープ、黒ピコゴム、グレー下バインダー、グレー肩テープ、グレーテープ　、グレーピコゴム,しまむら,合格,合格,,
Q2726001961,2026-02-02,2026-02-04,青&#23707;&#31166;金源&#32463;&#36152;有限公司（??&#21326;源）(青&#23707;恒新山),レディ－スカジュアル,,レディ-スカジュアル,Y5632MR ,婦人シャツ,N9本体、N9製品、ブラックリブ,しまむら,合格,合格,,
Q2726001952,2026-02-02,2026-02-04,青&#23707;天一泰和国&#38469;&#36152;易有限公司(天森豪?票)普票EXL,レディ－スカジュアル,,レディ-スカジュアル,Y6623ZA ,パーカー,黒本体、黒リブ、ピンクアップリケ刺繍,しまむら,合格,合格,,
Q2726001963,2026-02-02,2026-02-04,青&#23707;&#31166;金源&#32463;&#36152;有限公司（??&#21326;源）(青&#23707;恒新山),キッズカジュアル,,キッズカジュアル,G5631MR ,シャツ,15製品、15リブ、63製品、63リブ、N7製品、N7リブ,しまむら,合格,合格,,
Q2726001950,2026-02-02,2026-02-04,南京平吉&#36152;易有限公司,レディ－スカジュアル,,レディ-スカジュアル,J9632TR ,シャツ,67製品、ブラウン×黒刺繍,しまむら,合格,合格,,
Q2726001944,2026-02-02,2026-02-04,南京平吉&#36152;易有限公司,レディ－スカジュアル,,レディ-スカジュアル,J9633TR ,婦人シャツ,14製品、紺刺繍,しまむら,合格,合格,,
Q2726001946,2026-02-02,2026-02-05,南京平吉&#36152;易有限公司,レディ－スカジュアル,,レディ-スカジュアル,J9630TR ,婦人シャツ,67本体、67製品、赤刺繍,しまむら,合格,合格,,
Q2726001948,2026-02-02,2026-02-05,南京平吉&#36152;易有限公司,レディ－スカジュアル,,レディ-スカジュアル,J9631TR ,婦人シャツ,63製品、黒×白刺繍,しまむら,合格,合格,,
Q2726001975,2026-02-02,2026-02-04,高密亨利制衣有限公司,アンダーウェア,,婦人アンダーウェア　笹田,左記 ,ショーツ,67本体、67バインダー、N9兎柄本体、N9本体、N9防水布、N9バインダー,しまむら,合格,,,
Q2726001996,2026-02-02,2026-02-05,青&#23707;&#31166;金源&#32463;&#36152;有限公司（??&#21326;源）(青&#23707;恒新山),キッズカジュアル,,キッズカジュアル,GS630MR ,インナーパンツ付きスカート,15製品、63製品、N7製品、N7スカート
身生地、N7パンツ
身生地、白シックテープ,しまむら,合格,合格,,
Q2726002003,2026-02-02,2026-02-04,Grand Concord Garment(Hong Kong) Limited&#35832;城裕泰&#38024;&#32455;有限公司（广豪）,アンダーウェア,,婦人アンダーウェア　笹田,9L62FCA ,ハーフトップ+ショーツ,N9ショーツ、N9ハーフトップ、黒×白ゴム、黒カップ、黒カップ下バインダー、黒テープ、黒メッシュ,しまむら,合格,合格,,
Q2726001987,2026-02-02,2026-02-04,高密亨利制衣有限公司,アンダーウェア,,婦人アンダーウェア　笹田,9H622RR ,スタンダードショーツ,黒×スミクロ製品、黒×チャコール×白製品、黒×チャコール製品、黒本体、スミクロゴム,しまむら,合格,合格,,
Q2726001981,2026-02-02,2026-02-05,青&#23707;&#31166;金源&#32463;&#36152;有限公司（??&#21326;源）(青&#23707;恒新山),メンズカジュアル,,メンズカジュアル,C5630WR ,紳士シャツ,N0製品、白×黒
ワッペン、白刺繍,しまむら,合格,合格,,
Q2726001978,2026-02-02,2026-02-04,青&#23707;&#31166;金源&#32463;&#36152;有限公司（??&#21326;源）(青&#23707;恒新山),キッズカジュアル,,キッズカジュアル,F4631CZ ,パンツ,03、10,しまむら,合格,,,
Q2726001983,2026-02-02,2026-02-04,高密亨利制衣有限公司,アンダーウェア,,婦人アンダーウェア　笹田,9H624XR ,スタンダードショーツ,白×赤ゴム、黒×赤製品、黒×黄製品、黒×ブルー製品、黒本体,しまむら,合格,合格,,
Q2726001985,2026-02-02,2026-02-04,高密亨利制衣有限公司,アンダーウェア,,婦人アンダーウェア　笹田,9H62ALR ,スタンダードショーツ,ブラック
身生地、ブラック×
ブルー製品、ブラック×白
ゴム、ブラック×白製品、ブラック×キイロ製品,しまむら,合格,合格,,
Q2726001913,2026-02-02,2026-02-04,山&#19996;省&#28493;坊市&#36827;出口有限公司,子供ナイティー,,子供ナイティー,7663GWR ,パジャマ,03上衣、03下衣、白シックテープ,しまむら,,合格,,
Q2726001890,2026-01-31,2026-02-03,青&#23707;&#31166;金源&#32463;&#36152;有限公司（??&#21326;源）(青&#23707;恒新山),キッズカジュアル,,キッズカジュアル,Y5648MA ,ニットテープ,15、N0、N9A、N9B,しまむら,合格,,,
Q2726001811,2026-01-31,2026-02-03,青&#23707;伊美瑛国&#38469;&#36152;易有限公司,レディ－スカジュアル,,レディ-スカジュアル,Y4624MR/Y4625MR/Y6624MR/Y6625MR ,パンツ+ジップパーカ,15、N1、N3、アイスグレー、グレー、ブラウン,しまむら,合格,,,
Q2726001922,2026-01-31,2026-02-04,山&#19996;省&#28493;坊市&#36827;出口有限公司,子供ナイティー,,子供ナイティー,6663BPR ,パジャマ,13本体、13リブ、14本体、67B本体、67本体,しまむら,合格,,,
Q2726001358,2026-01-31,2026-02-04,青&#23707;紫?国&#38469;&#36152;易有限公司,ライフグッズ,,ライフグッズ,1T612MB ,バックバック,35製品、黒裏地,しまむら,合格,合格,,
Q1726000025,2026-01-31,2026-02-04,南通同泰服装有限公司,レディ－スカジュアル,,レディ-スカジュアル,PO8050B ,セット,N9プルオーバー、N9ワンピース、N9ワンピース本体,しまむら,合格,合格,,
Q2726001356,2026-01-31,2026-02-03,青&#23707;紫?国&#38469;&#36152;易有限公司,ライフグッズ,,ライフグッズ,1T613MB ,シューズバッグ,35,しまむら,,合格,,
Q2726001357,2026-01-31,2026-02-03,青&#23707;紫?国&#38469;&#36152;易有限公司,ライフグッズ,,ライフグッズ,1T614MB ,スクールバッグ,35製品、黒裏地,しまむら,合格,合格,,
Q2726001866,2026-01-31,2026-02-02,青&#23707;&#31166;金源&#32463;&#36152;有限公司（??&#21326;源）(青&#23707;恒新山),レディ－スカジュアル,,レディ-スカジュアル,Y4631WR ,パンツ,14,しまむら,合格,,,
Q2726001886,2026-01-31,2026-02-03,青&#23707;&#31166;金源&#32463;&#36152;有限公司（??&#21326;源）(青&#23707;恒新山),キッズカジュアル,,キッズカジュアル,F4631UR ,生地,05、67、白スピンドル,しまむら,合格,,,
Q2726001888,2026-01-31,2026-02-03,青&#23707;&#31166;金源&#32463;&#36152;有限公司（??&#21326;源）(青&#23707;恒新山),キッズカジュアル,,キッズカジュアル,G563AUR ,生地,65リブ、N0総柄本体、ピンク
シアーリボン,しまむら,合格,,,
Q2726001898,2026-01-31,2026-02-03,青&#23707;&#31166;金源&#32463;&#36152;有限公司（??&#21326;源）(青&#23707;恒新山),キッズカジュアル,,キッズカジュアル,R5639PZ ,シャツ,67製品、白小刺繍、紺刺繍、紺小刺繍、紺ワッペン、緑刺繍、緑小刺繍、緑ワッペン、黄刺繍、ピンク刺繍、ピンク小刺繍,しまむら,合格,合格,,
Q2726001921,2026-01-31,2026-02-04,山&#19996;省&#28493;坊市&#36827;出口有限公司,子供ナイティー,,子供ナイティー,6763CPR ,生地,67B本体、67Bリブ、N3A本体、N3Aリブ,しまむら,合格,,,
Q2726001754,2026-01-30,2026-02-03,青&#23707;&#31166;金源&#32463;&#36152;有限公司（??&#21326;源）(青&#23707;恒新山),キッズカジュアル,,キッズカジュアル,G4630MZ ,パンツ,N2製品、N9製品、白側テープ、白刺繍、白シックテープ、黒本体、黒紐、アイボリー紐、サックス側テープ、サックス刺繍、サックス紐、ピンク側テープ、ピンク刺繍,しまむら,合格,合格,,
Q2726001780,2026-01-30,2026-02-02,青&#23707;&#21326;杉&#36152;易有限公司,ジーンズカジュアル,,ジーンズカジュアル,DZ6231B(KCA13036) ,レディースパンツ,N9製品、黒腹部,しまむら,合格,合格,,
50125005276,2026-01-30,2026-02-04,株式会社カイタックファミリー,キッズカジュアル,,山下,G4421JZ ,JENNI credible ワイドパンツ,55グリーン、N9ブラック、脇テープ、リブ部分/55、リブ部分/N9,しまむら,合格,合格,,
61526003069,2026-01-30,2026-02-03,江&#33487;舜天盛泰工&#36152;有限公司,岡山,,隆三,1C6968B ,ツイルキャップ,製品67ネイビー、アイボリー刺繍、アイボリー裏地/裏テープ、アイボリーワッペン、パープル刺繍、パープル裏地/裏テープ、パープルワッペン、ピンク刺繍、ピンク裏地/裏テープ、ピンクワッペン,しまむら,合格,合格,,
Q2726001471,2026-01-30,2026-02-03,青&#23707;&#31166;金源&#32463;&#36152;有限公司（??&#21326;源）(青&#23707;恒新山),子供ナイティー,,子供ナイティー,6762UJR ,パジャマ,05製品、65製品、白シックテープ、紺本体、赤リブ、ブルーリブ,しまむら,合格,合格,,
61026002829,2026-01-30,2026-02-03,祥安服装如&#19996;有限公司,岡山,,平松,W2614WR(W2641WR) ,,67ネイビー、83パープル、N9ブラック,しまむら,,合格,,
61026002839,2026-01-30,2026-02-03,如皋帝晨服&#39280;有限公司,岡山,,山河,6663X3R   6663W3R   CK6-3234   CK6-3234FR ,,67Bネイビー天竺、67Bネイビーリブ、N9ブラック天竺、N9ブラックリブ,しまむら,合格,,,
Q2726001831,2026-01-30,2026-02-03,青&#23707;天一泰和国&#38469;&#36152;易有限公司(天森豪?票)普票EXL,レディ－スカジュアル,,レディ-スカジュアル,Y463SMA ,ショートパンツ,白シックテープ、紺刺繍、紺パイピング、黒刺繍、黒本体、黒パイピング、ピンク
パイピング、ピンク刺繍,しまむら,合格,合格,,
Q2726001837,2026-01-30,2026-02-02,青&#23707;呈?服装有限公司,レディ－スカジュアル,,レディ-スカジュアル,Y4630VR/Y4630ZR/Y5630VR/Y5630ZR/Y5632VR/Y5632ZR ,Tシャツ/パンツ,14、57、63、67、N7,しまむら,合格,,,
50125005407,2026-01-30,2026-02-05,株式会社カイタックファミリー,キッズカジュアル,,山下,G6330GZ ,すみっコぐらし UVジップアップパーカー,82ラベンダー、本体/
63サックス、本体/
82ラベンダー、背首テープ,しまむら,合格,合格,,
Q2726001821,2026-01-30,2026-02-02,&#23425;波日恒&#36827;出口有限公司,レディ－スカジュアル,,レディ-スカジュアル,Y5636RR ,婦人シャツ,N9本体、白刺繍、黒刺繍,しまむら,合格,合格,,
Q2726001839,2026-01-30,2026-02-02,青&#23707;伊美瑛国&#38469;&#36152;易有限公司,レディ－スカジュアル,,レディ-スカジュアル,Y4624WR ,パンツ,67ネイビー製品、白シックテープ,しまむら,,合格,,
Q2726001862,2026-01-30,2026-02-02,Grand Concord Garment(Hong Kong) Limited&#35832;城裕泰&#38024;&#32455;有限公司（广豪）,アンダーウェア,,婦人アンダーウェア　笹田,9N620MR-92620MR ,生地,10、67、N9,しまむら,合格,,,
Q2726001849,2026-01-30,2026-02-03,青&#23707;&#31166;金源&#32463;&#36152;有限公司（??&#21326;源）(青&#23707;恒新山),キッズカジュアル,,キッズカジュアル,F5634MZ ,Tシャツ,15後刺、15製品、67後刺繍、67製品、N2後刺繍、N2製品、白前刺繍、紺前刺繍、黄前刺繍,しまむら,合格,合格,,
Q2726001846,2026-01-30,2026-02-02,&#36797;&#23425;成大国&#38469;&#36152;易有限公司,メンズカジュアル,,メンズカジュアル,X4623RR ,生地,N9,しまむら,合格,,,
Q2726001843,2026-01-30,2026-02-02,青&#23707;&#31166;金源&#32463;&#36152;有限公司（??&#21326;源）(青&#23707;恒新山),キッズカジュアル,,キッズカジュアル,G563CUR ,生地,03本体、03リブ、N0別布、ホワイト別布,しまむら,合格,,,
61026002109,2026-01-30,2026-02-03,祥安服装如&#19996;有限公司,岡山,,平松,BW621CR ,,N7チャコール本体、N9ブラック本体、製品:N7チャコール、製品:N9ブラック、ネイビーゴム、ブラックゴム,しまむら,合格,合格,,
Q2726001796,2026-01-30,2026-02-02,山&#19996;省&#28493;坊市&#36827;出口有限公司,紳士ナイティー,,紳士ナイティー,116240R ,パジャマ,67ネイビー製品、白シックテープ、白パイピング,しまむら,,合格,,
Q2726001794,2026-01-30,2026-02-02,山&#19996;省&#28493;坊市&#36827;出口有限公司,紳士ナイティー,,紳士ナイティー,116230R ,パジャマ,63製品、紺パイピング,しまむら,合格,合格,,
Q2726001792,2026-01-30,2026-02-02,山&#19996;省&#28493;坊市&#36827;出口有限公司,紳士ナイティー,,紳士ナイティー,116260R ,パジャマ,67製品、N3製品、白シックテープ、紺パイピング,しまむら,合格,合格,,
Q2726001789,2026-01-30,2026-02-02,大?程?国&#38469;&#36152;易有限公司（帛来）,婦人ナイティー,,婦人ナイティー,40633LA ,パジャマ,N3,しまむら,合格,,,
Q2726001798,2026-01-30,2026-02-02,山&#19996;省&#28493;坊市&#36827;出口有限公司,紳士ナイティー,,紳士ナイティー,116250R ,パジャマ,67製品、グレー
パイピング,しまむら,合格,合格,,
61526002964,2026-01-29,2026-02-02,上海&#39134;&#39532;&#36827;出口有限公司,岡山,,飼田,RT630QZ  F5630QZ ,生地(丸首半袖T/半袖ロンパース),10オフホワイト天竺、25オレンジ天竺、53モスグリーンリブ、66ブルーグレーリブ、67ネイビー天竺、N3杢グレーリブ、N7チャコール天竺、N7チャコールリブ,しまむら,合格,,,
50125005399,2026-01-29,2026-02-04,株式会社カイタックファミリー,キッズカジュアル,,山下,F5430MZ ,MLB 丸首半袖T,65ブルー、本体、背首テープ、アップリケ+
刺繍、リブ部分,しまむら,合格,合格,,
61526003039,2026-01-29,2026-02-02,上海&#39134;&#39532;&#36827;出口有限公司,岡山,,飼田,F5634MR ,生地(丸首半袖T),15ブラウン本体、15ブラウンリブ、67ネイビー本体、67ネイビーリブ、N3グレー本体、N3グレーリブ,しまむら,合格,,,
61526003029,2026-01-29,2026-02-02,上海&#39134;&#39532;&#36827;出口有限公司,岡山,,飼田,E2631WR ,,N9ブラック、N9ブラック本体、N9ブラックリブ,しまむら,合格,合格,,
61526002969,2026-01-29,2026-02-02,上海&#39134;&#39532;&#36827;出口有限公司,岡山,,飼田,G4630MR ,ショートパンツ,N9ブラック、N9ブラック本体,しまむら,合格,合格,,
61526002979,2026-01-29,2026-02-02,上海&#39134;&#39532;&#36827;出口有限公司,岡山,,飼田,F5635YZ  F5637YZ ,生地(半袖Tシャツ),55グリーン天竺、55グリーンリブ、63サックス天竺、63サックスリブ、83パープル天竺、83パープルリブ,しまむら,合格,,,
61026002753,2026-01-29,2026-02-02,祥安服装如&#19996;有限公司,岡山,,平松,B2643QR ,,N9ブラック、N9ブラック本体、ホワイトゴム,しまむら,合格,合格,,
61026002786,2026-01-29,2026-02-02,祥安服装如&#19996;有限公司,岡山,,平松,B2641QR ,,67ネイビー本体、製品67ネイビー、ホワイトゴム,しまむら,合格,合格,,
Q2726001682,2026-01-29,2026-02-09,大?程?国&#38469;&#36152;易有限公司（帛来）,婦人ナイティー,,婦人ナイティー,386411R/386401R/386421R/386441R/386451R/386461R/306350R/306370R/316300R ,パジャマ,63,しまむら,合格,,,
61026002706,2026-01-29,2026-02-02,祥安服装如&#19996;有限公司,岡山,,平松,TH641MQ   TH642MQ   TH643MQ   CNB6105   CNB6107 ,,14ベージュ、67ネイビー迷彩、N9ブラック、N9ブラック迷彩,しまむら,合格,,,
61026002751,2026-01-29,2026-02-03,上海昊客商&#36152;有限公司,,,?山,RT631MZ ,,15ブラウン、65ブルー、N2オートミール、N8クロ,しまむら,,合格,,
Q2726001724,2026-01-29,2026-01-31,青&#23707;&#31166;金源&#32463;&#36152;有限公司（??&#21326;源）(青&#23707;恒新山),メンズカジュアル,,メンズカジュアル,C5637MA ,紳士Tシャツ,N9C製品、白刺繍、白リブ、黒×白
衿テープ、黒本体、黒リブ,しまむら,合格,合格,,
Q2726001782,2026-01-29,2026-01-31,山&#19996;省&#28493;坊市&#36827;出口有限公司,子供ナイティー,,子供ナイティー,6663APR ,パジャマ,13身生地、13リブ、63身生地、63リブ、N1身生地、N1リブ、白腹巻,しまむら,合格,,,
Q2726001817,2026-01-29,2026-01-31,青&#23707;朗和国&#38469;&#36152;易有限公司,レディ－スカジュアル,,レディ-スカジュアル,A4620WR/A6620WR ,MIFFYジャージP MIFFYジャージJKT,10リブ、N9ジャージ,しまむら,合格,,,
Q2726001752,2026-01-29,2026-01-31,青&#23707;&#31166;金源&#32463;&#36152;有限公司（??&#21326;源）(青&#23707;恒新山),キッズカジュアル,,キッズカジュアル,G5630MZ ,シャツ,N9製品、白側テープ、白刺繍、白リブ、ピンク側テープ、ピンク刺繍、ピンクリブ、ブルー側テープ、ブルー刺繍、ブルーリブ,しまむら,合格,合格,,
61026002705,2026-01-29,2026-02-02,如皋帝晨服&#39280;有限公司,岡山,,山河,76622KR   No.1～3:CK6-1145   No.4/5:CK6-1145FR ,生地(パジャマ),33-1クリーム天竺、33-1クリームリブ、50-1ライトグリーン天竺、50-1ライトグリーンリブ、N3Aグレー天竺,しまむら,合格,,,
61026002682,2026-01-29,2026-02-03,上海昊客商&#36152;有限公司,,,?山,G2630HR ,,63BサックスB天竺、63BサックスBリブ、63サックスpt裏毛、63サックス裏毛,しまむら,合格,,,
61026002675,2026-01-29,2026-02-02,上海昊客商&#36152;有限公司,,,?山,G5631HR ,,63サックス天竺、63サックス布帛,しまむら,合格,,,
Q2726001608,2026-01-29,2026-01-31,Grand Concord Garment(Hong Kong) Limited&#35832;城裕泰&#38024;&#32455;有限公司（广豪）,アンダーウェア,,婦人アンダーウェア　笹田,9H621SR ,スタンダードショーツ,03腰ゴム、03製品、03テープ、N7腰ゴム、N7製品、N7テープ、N9腰ゴム、N9製品、N9テープ,しまむら,合格,合格,,
61026002612,2026-01-28,2026-02-02,上海昊客商&#36152;有限公司,,,?山,RT634MZ ,ポロシャツカバーオール,13アイボリーリブ、14ベージュリブ、67ネイビー本体、67ネイビーリブ、製品15ブラウン、製品67ネイビー、製品N3グレー(杢)、イエロー刺繍、ネイビーワッペン、ブルー刺繍、ホワイト刺繍,しまむら,合格,合格,,
61026002647,2026-01-28,2026-02-02,上海昊客商&#36152;有限公司,,,?山,RT532MZ ,カバーオール,67ネイビー、67ネイビー本体、67ネイビーリブ,しまむら,合格,合格,,
61026002653,2026-01-28,2026-02-04,南通?川服飾有限公司,,,,G5632DR ,半袖Tシャツ,製品、シロ系アップリケ、ネイビー刺繍、ピンク刺繍,しまむら,合格,合格,,
61026002639,2026-01-28,2026-01-30,上海昊客商&#36152;有限公司,,,?山,G5630HR ,生地(半袖Tシャツ),03ピンク天竺、03ピンクリブ、パープルチュール、ピンクリボン,しまむら,合格,,,
61026002558,2026-01-28,2026-01-30,祥安服装如&#19996;有限公司,岡山,,平松,BW6A18R/BW6B58R/BW6B68R/CNB4408/CNB6031/CNB6047/CNB6048 ,,52ターコ柄本体、52ターコパイピング、63サックス柄本体、63サックスパイピング、65ブルー柄本体、65ブルーパイピング、68ダークブルー無地本体、N3グレー柄本体、N3グレーパイピング、N7チャコール無地本体,しまむら,合格,,,
61026002630,2026-01-28,2026-02-02,南通?川服飾有限公司,,,,G5633DR ,,製品,しまむら,,合格,,
61026002641,2026-01-28,2026-01-30,如皋帝晨服&#39280;有限公司,岡山,,,666200R ,,57-4カーキ本体、57-4カーキリブ、57カーキ、65-6ブルー本体、65-6ブルーリブ、68ダークブルー、N9ブラック本体,しまむら,合格,合格,,
61526002837,2026-01-28,2026-01-30,上海&#39134;&#39532;&#36827;出口有限公司,岡山,,飼田,F5631RZ ,丸首半袖T,製品,しまむら,,合格,,
Q2726001674,2026-01-28,2026-01-30,山&#19996;省&#28493;坊市&#36827;出口有限公司,紳士ナイティー,,紳士ナイティー,116210R ,パジャマ,67製品、白シックテープ、ネイビー
パイピング,しまむら,合格,合格,,
Q2726001709,2026-01-28,2026-01-30,青&#23707;&#31166;金源&#32463;&#36152;有限公司（??&#21326;源）(青&#23707;恒新山),レディ－スカジュアル,,レディ-スカジュアル,Y5644MA ,Tシャツ,N9B製品、白刺繍、紺刺繍、黒刺繍、キイロ刺繍、ピンク刺繍、ローズ刺繍,しまむら,合格,合格,,
Q2726001663,2026-01-28,2026-01-30,青&#23707;&#31166;金源&#32463;&#36152;有限公司（??&#21326;源）(青&#23707;恒新山),レディ－スカジュアル,,レディ-スカジュアル,Y564FMA ,シャツ,N9A,しまむら,,合格,,
Q2726001628,2026-01-28,2026-01-31,青&#23707;&#31166;金源&#32463;&#36152;有限公司（??&#21326;源）(青&#23707;恒新山),キッズカジュアル,,キッズカジュアル,RT630MZ ,ロンパース,15製品、65製品、N9製品、黄刺繍、黒刺繍、ブルー刺繍,しまむら,合格,合格,,
Q2726001645,2026-01-28,2026-01-30,青&#23707;天一泰和国&#38469;&#36152;易有限公司(天森豪?票)普票EXL,レディ－スカジュアル,,レディ-スカジュアル,Y4638MA ,婦人パンツ,N9本体、N9製品、生成
シックテープ、白刺繍、紺刺繍、赤刺繍、黄刺繍、ネイビー
パイピング、ピンク刺繍,しまむら,合格,合格,,
Q2726001739,2026-01-28,2026-02-02,青&#23707;天一泰和国&#38469;&#36152;易有限公司(天森豪?票)普票EXL,レディ－スカジュアル,,レディ-スカジュアル,Y463KMA ,ショートパンツ,N9製品、白刺繍、白シックテープ、紺×赤
ワッペン、紺刺繍、黄刺繍、黄ウエスト、黒本体、ピンク刺繍,しまむら,合格,合格,,
Q2726001741,2026-01-28,2026-01-30,青&#23707;天一泰和国&#38469;&#36152;易有限公司(天森豪?票)普票EXL,レディ－スカジュアル,,レディ-スカジュアル,Y463PMA ,ショートパンツ,N9B本体、N9B製品、白シックテープ,しまむら,合格,合格,,
Q2726001719,2026-01-28,2026-01-31,青&#23707;&#31166;金源&#32463;&#36152;有限公司（??&#21326;源）(青&#23707;恒新山),メンズカジュアル,,メンズカジュアル,C5639MA ,紳士シャツ,白刺繍、白リブ、黄刺繍、黒×白衿テープ、黒刺繍、黒本体、黒リブ、ブラウンリブ,しまむら,合格,合格,,
Q2726001735,2026-01-28,2026-01-31,大?万林&#36827;出口有限公司（大?佳林）（大?裕森）服装有限公司,メンズカジュアル,,メンズカジュアル,261172X(TF5128K/TH8257) ,デニムイージーパンツ,N8製品、OW製品、カーキ×白紐,しまむら,合格,合格,,
Q2726001622,2026-01-28,2026-01-31,青&#23707;&#31166;金源&#32463;&#36152;有限公司（??&#21326;源）(青&#23707;恒新山),メンズカジュアル,,メンズカジュアル,Z5630UR ,半袖T,N9ブラック,しまむら,,合格,,
61526002859,2026-01-28,2026-02-06,上海&#39134;&#39532;&#36827;出口有限公司,岡山,,飼田,F5630RZ ,丸首半袖T,製品N9ブラック、イエロー刺繍糸、オレンジ刺繍糸、グリーン刺繍糸、チャコール刺繍糸、パープル刺繍糸、ブラック刺繍糸,しまむら,合格,合格,,
61526002927,2026-01-28,2026-01-30,上海&#39134;&#39532;&#36827;出口有限公司,岡山,,飼田,E2630UR ,,03ピンク、82ラベンダー,しまむら,合格,,,
61526002932,2026-01-28,2026-02-02,上海&#39134;&#39532;&#36827;出口有限公司,岡山,,飼田,R4632BR ,生地(レギンス),10オフホワイト,しまむら,合格,,,
50125005386,2026-01-28,2026-02-03,株式会社カイタックファミリー,キッズカジュアル,,山下,F5431MZ ,MLB 丸首半袖T,65ブルー、67ネイビー、刺繍、本体/
65ブルー、本体/
67ネイビー、背首テープ、リブ部分/65、リブ部分/67,しまむら,合格,合格,,
61526002857,2026-01-28,2026-02-02,上海&#39134;&#39532;&#36827;出口有限公司,岡山,,飼田,F5633RZ ,,製品,しまむら,,合格,,
Q2726001595,2026-01-28,2026-01-29,山&#19996;??服装有限公司（&#21326;派）,レディ－スカジュアル,,レディ-スカジュアル,Y5620AA ,Tシャツ,10地刺繍、10製品,しまむら,合格,合格,,
Q2726001614,2026-01-28,2026-01-31,青&#23707;&#31166;金源&#32463;&#36152;有限公司（??&#21326;源）(青&#23707;恒新山),キッズカジュアル,,キッズカジュアル,RT533MZ ,Tシャツ,N2製品、紺×赤
ワッペン、紺刺繍,しまむら,合格,合格,,
Q2726001620,2026-01-28,2026-01-31,青&#23707;&#31166;金源&#32463;&#36152;有限公司（??&#21326;源）(青&#23707;恒新山),レディ－スカジュアル,,レディ-スカジュアル,Y563PMA ,Tシャツ,N9Aブラック,しまむら,,合格,,
Q2726001557,2026-01-28,2026-01-30,青&#23707;&#31166;金源&#32463;&#36152;有限公司（??&#21326;源）(青&#23707;恒新山),キッズカジュアル,,キッズカジュアル,F5630MR ,Tシャツ,15製品、N1製品、N7製品、白刺繍、紺×赤
ワッペン、紺刺繍、黄刺繍,しまむら,合格,合格,,
61526002855,2026-01-28,2026-01-30,上海&#39134;&#39532;&#36827;出口有限公司,岡山,,飼田,F5630WZ ,丸首半袖T,N2オートミール、N2オートミール天竺、N2オートミールリブ、刺繍,しまむら,合格,合格,,
Q2726001504,2026-01-28,2026-01-30,青&#23707;天一泰和国&#38469;&#36152;易有限公司(天森豪?票)普票EXL,レディ－スカジュアル,,レディ-スカジュアル,Y463FMA ,ショートパンツ,白刺繍、白シックテープ、赤刺繍、黄刺繍、黒本体,しまむら,合格,合格,,
Q2726001571,2026-01-27,2026-01-29,青&#23707;&#31166;金源&#32463;&#36152;有限公司（??&#21326;源）(青&#23707;恒新山),レディ－スカジュアル,,レディ-スカジュアル,Y563QMA ,婦人シャツ,N9C,しまむら,,合格,,
Q2726001573,2026-01-27,2026-01-30,青&#23707;&#31166;金源&#32463;&#36152;有限公司（??&#21326;源）(青&#23707;恒新山),キッズカジュアル,,キッズカジュアル,F5635YR ,半袖Tシャツ,N9ブラック,しまむら,,合格,,
Q2726001534,2026-01-27,2026-01-29,青&#23707;&#31166;金源&#32463;&#36152;有限公司（??&#21326;源）(青&#23707;恒新山),レディ－スカジュアル,,レディ-スカジュアル,Y564BMA ,半袖T,N9BブラックB,しまむら,,合格,,
Q2726001484,2026-01-27,2026-01-30,山&#19996;省&#28493;坊市&#36827;出口有限公司,紳士ナイティー,,紳士ナイティー,116220R ,着心地快適快眠パジャマ,67製品、白シックテープ,しまむら,,合格,,
Q2726001528,2026-01-27,2026-01-29,青&#23707;&#31166;金源&#32463;&#36152;有限公司（??&#21326;源）(青&#23707;恒新山),レディ－スカジュアル,,レディ-スカジュアル,Y5640MA ,半袖T,N9BブラックB,しまむら,,合格,,
Q2726001576,2026-01-27,2026-01-30,青&#23707;&#21326;杉&#36152;易有限公司,ジーンズカジュアル,,ジーンズカジュアル,D26360R(RB036-1H) ,レディ-スパンツ,N9ブラック,しまむら,,合格,,
Q2726001582,2026-01-27,2026-01-31,伊藤忠??&#36152;易(中国)有限公司青&#23707;分公司,レディ－スカジュアル,,レディ-スカジュアル,DC6312R(CA13036H) ,【ラクっとキレイ】ビーフィットパンツスリムストレートL66,N9,しまむら,,合格,,
Q2726001580,2026-01-27,2026-01-29,伊藤忠??&#36152;易(中国)有限公司青&#23707;分公司,レディ－スカジュアル,,レディ-スカジュアル,DB6312R(CA13036H) ,【ラクっとキレイ】クイックパンツストレートL66,N9ブラック,しまむら,,合格,,
Q2726001578,2026-01-27,2026-01-30,青&#23707;&#21326;杉&#36152;易有限公司,ジーンズカジュアル,,ジーンズカジュアル,D36360R(RB036-1H) ,レディースパンツ,N9,しまむら,,合格,,
Q2726001480,2026-01-27,2026-01-30,青&#23707;&#31166;金源&#32463;&#36152;有限公司（??&#21326;源）(青&#23707;恒新山),子供ナイティー,,子供ナイティー,77625BR ,パジャマ,63製品、白シックテープ、ブルーリブ,しまむら,合格,合格,,
61026002409,2026-01-27,2026-01-29,祥安服装如&#19996;有限公司,岡山,,平松,WW645UR ,UPレノマサキゾメTR,09エンジ、52ターコ、67ネイビー、N9ブラック,しまむら,,合格,,
61026002445,2026-01-27,2026-01-29,祥安服装如&#19996;有限公司,岡山,,平松,BW6218R/CNB6057M ,生地(ミッフィーエステルベアボクサー2P),67ネイビー、69コン、N8クロ、N9ブラック,しまむら,合格,,,
61526002640,2026-01-27,2026-01-29,上海&#39134;&#39532;&#36827;出口有限公司,岡山,,飼田,F5636QZ ,丸首半袖T,14ベージュ、63サックス,しまむら,,合格,,
61526002787,2026-01-27,2026-01-29,江&#33487;舜天盛泰工&#36152;有限公司,岡山,,隆三,1C6968B ,生地(ツイルキャップ),濃ピンク、薄ピンク、アイボリー、ネイビー、ラベンダー,しまむら,合格,,,
Q2726001589,2026-01-27,2026-01-30,青&#23707;伊美瑛国&#38469;&#36152;易有限公司,レディ－スカジュアル,,レディ-スカジュアル,Y4626DR ,パンツ,N2オートミール製品、白シックテープ,しまむら,,合格,,
Q2726001639,2026-01-27,2026-01-30,青&#23707;&#21326;杉&#36152;易有限公司,ジーンズカジュアル,,ジーンズカジュアル,D16360R(KNRL172101H) ,レディースパンツ,N9,しまむら,,合格,,
Q2726001637,2026-01-27,2026-01-30,伊藤忠??&#36152;易(中国)有限公司青&#23707;分公司,レディ－スカジュアル,,レディ-スカジュアル,D36310R(CA13036H) ,【ラクっとキレイ】ビーフィットパンツストレートL70,N9,しまむら,,合格,,
Q2726001633,2026-01-27,2026-01-29,伊藤忠??&#36152;易(中国)有限公司青&#23707;分公司,レディ－スカジュアル,,レディ-スカジュアル,D16310R(CA13036H) ,【ラクっとキレイ】エアジップスキニーL73,N9,しまむら,,合格,,
Q2726001635,2026-01-27,2026-01-30,伊藤忠??&#36152;易(中国)有限公司青&#23707;分公司,レディ－スカジュアル,,レディ-スカジュアル,D26310R(CA13036H) ,【ラクっとキレイ】クイックパンツストレートL73,N9,しまむら,,合格,,
Q2726001641,2026-01-27,2026-01-29,青&#23707;&#21326;杉&#36152;易有限公司,ジーンズカジュアル,,ジーンズカジュアル,D36361R(KNRL172101H) ,レディ-スパンツ,N9ブラック,しまむら,,合格,,
Q2726001686,2026-01-27,2026-01-30,青&#23707;伊美瑛国&#38469;&#36152;易有限公司,レディ－スカジュアル,,レディ-スカジュアル,Y4623WR ,パンツ,03本体、03製品、白シックテープ,しまむら,合格,合格,,
Q2726001688,2026-01-27,2026-01-30,青&#23707;伊美瑛国&#38469;&#36152;易有限公司,レディ－スカジュアル,,レディ-スカジュアル,Y4628DR ,パンツ,N2本体、N2製品,しまむら,合格,合格,,
Q2726001684,2026-01-27,2026-01-30,青&#23707;伊美瑛国&#38469;&#36152;易有限公司,レディ－スカジュアル,,レディ-スカジュアル,Y4621WR ,パンツ,N2本体、N2製品、白シックテープ,しまむら,合格,合格,,
Q2726001643,2026-01-27,2026-01-30,青&#23707;屹??工&#36152;有限?任公司,レディ－スカジュアル,,レディ-スカジュアル,PO5133B ,マタニティ半袖POLOワンピース,78,しまむら,,合格,,
Q2726001631,2026-01-27,2026-01-29,伊藤忠??&#36152;易(中国)有限公司青&#23707;分公司,レディ－スカジュアル,,レディ-スカジュアル,DC6311R(CA13036H) ,【ラクっとキレイ】ビーフィットパンツワイドL70,N9,しまむら,,合格,,
Q2726001601,2026-01-27,2026-01-29,青&#23707;&#31166;金源&#32463;&#36152;有限公司（??&#21326;源）(青&#23707;恒新山),レディ－スカジュアル,,レディ-スカジュアル,Y5620MA/Y5647MA ,テープ,イエロー、ネイビー、ピンク、ホワイト、ローズ,しまむら,合格,,,
Q2726001602,2026-01-27,2026-01-30,青&#23707;&#31166;金源&#32463;&#36152;有限公司（??&#21326;源）(青&#23707;恒新山),レディ－スカジュアル,,レディ-スカジュアル,Y5620MA ,婦人シャツ,N9AブラックA,しまむら,,合格,,
Q2726001596,2026-01-27,2026-01-31,青&#23707;&#31166;金源&#32463;&#36152;有限公司（??&#21326;源）(青&#23707;恒新山),レディ－スカジュアル,,レディ-スカジュアル,Y4630MR ,婦人パンツ,15本体、15製品、白側テープ、白シックテープ、アイスグレー杢紐、キイロ×白刺繍、グレー杢紐、ブラック
側テープ、ブラック×白刺繍、ブラウン紐、ブルー×白刺繍、ブルー側テープ,しまむら,合格,合格,,
Q2726001591,2026-01-27,2026-01-30,青&#23707;伊美瑛国&#38469;&#36152;易有限公司,レディ－スカジュアル,,レディ-スカジュアル,Y4625DR ,パンツ,82本体、82製品、白シックテープ,しまむら,合格,合格,,
Q2726001593,2026-01-27,2026-01-29,青&#23707;伊美瑛国&#38469;&#36152;易有限公司,レディ－スカジュアル,,レディ-スカジュアル,Y4627DR ,パンツ,N2製品、白シックテープ,しまむら,,合格,,
Q2726001606,2026-01-27,2026-01-30,Grand Concord Garment(Hong Kong) Limited&#35832;城裕泰&#38024;&#32455;有限公司（广豪）,アンダーウェア,,婦人アンダーウェア　笹田,9H620SR ,スタンダードショーツ,黒&#9312;製品、黒&#9313;製品、黒&#9314;製品、黒ゴム、黒テープ,しまむら,合格,合格,,
Q2726001629,2026-01-27,2026-01-29,伊藤忠??&#36152;易(中国)有限公司青&#23707;分公司,レディ－スカジュアル,,レディ-スカジュアル,DA6312R(CA13036H) ,【ラクっとキレイ】エアジップスキニーL66,N9ブラック,しまむら,,合格,,
Q2726001616,2026-01-27,2026-01-30,青&#23707;&#31166;金源&#32463;&#36152;有限公司（??&#21326;源）(青&#23707;恒新山),メンズカジュアル,,メンズカジュアル,X5634RR ,半袖T,N9製品、白刺繍、黒刺繍、黒本体、黒リブ、グレー
衿テープ,しまむら,合格,合格,,
Q2726001610,2026-01-27,2026-01-30,Grand Concord Garment(Hong Kong) Limited&#35832;城裕泰&#38024;&#32455;有限公司（广豪）,アンダーウェア,,婦人アンダーウェア　笹田,9N621HR ,カップ付きタンクトップ,03製品、10製品、N9製品、N9身生地、白
アンダーゴム、白レース、黒アンダー
ゴム、ピンクアンダーゴム、ピンクメッシュ、ピンクレース、ブラックカップ、ブラックカップ上バインダー、ブラックレース、ベージュ
カップ、ベージュカップ上バインダー,しまむら,合格,合格,,
Q2726001381,2026-01-26,2026-01-28,青&#23707;屹??工&#36152;有限?任公司,レディ－スカジュアル,,レディ-スカジュアル,J5630TR ,フクレジャガード無地チビハイネック7分袖,66,しまむら,,合格,,
Q2726001379,2026-01-26,2026-01-28,青&#23707;屹??工&#36152;有限?任公司,レディ－スカジュアル,,レディ-スカジュアル,J5631TR ,フクレジャガードBDクルーネック7分袖,65ブルー,しまむら,,合格,,
Q2726001377,2026-01-26,2026-01-29,青&#23707;&#31166;金源&#32463;&#36152;有限公司（??&#21326;源）(青&#23707;恒新山),レディ－スカジュアル,,レディ-スカジュアル,Y5626MA ,婦人シャツ,N9製品、白刺繍、紺×赤
ワッペン、キイロ刺繍、ピンク刺繍,しまむら,合格,合格,,
Q2726001331,2026-01-26,2026-01-28,青&#23707;&#31166;金源&#32463;&#36152;有限公司（??&#21326;源）(青&#23707;恒新山),レディ－スカジュアル,,レディ-スカジュアル,Y5620MA/Y5624MA ,生地,白NY、黄SD、黒NY、ネイビーLA、ピンクNY/LA、ローズNY,しまむら,合格,,,
Q2726001329,2026-01-26,2026-01-28,青&#23707;&#31166;金源&#32463;&#36152;有限公司（??&#21326;源）(青&#23707;恒新山),レディ－スカジュアル,,レディ-スカジュアル,Y4631MR ,婦人パンツ,N2B製品、白シックテープ、黄刺繍、黒刺繍、オートミール
ひも、ブラウン
ひも、ブラウン本体、ブルー刺繍,しまむら,合格,合格,,
Q2726001371,2026-01-26,2026-01-29,青&#23707;天一泰和国&#38469;&#36152;易有限公司(天森豪?票)普票EXL,レディ－スカジュアル,,レディ-スカジュアル,Y4635MA ,ショートパンツ,N9B本体、N9B製品、生成
シックテープ、白刺繍、紫刺繍、紺刺繍、赤刺繍、黄刺繍、ピンク刺繍,しまむら,合格,合格,,
Q2726001373,2026-01-26,2026-01-29,青&#23707;&#31166;金源&#32463;&#36152;有限公司（??&#21326;源）(青&#23707;恒新山),キッズカジュアル,,キッズカジュアル,F5634YR ,Tシャツ,N0ホワイト,しまむら,,合格,,
Q2726001415,2026-01-26,2026-01-28,高密亨利制衣有限公司,アンダーウェア,,婦人アンダーウェア　笹田,9H620BR/9H621BR/9S622BR/9S623BR/9S624BR ,ショーツ,緑×白ゴム、黒×緑ゴム,しまむら,合格,,,
Q2726001416,2026-01-26,2026-01-28,高密亨利制衣有限公司,アンダーウェア,,婦人アンダーウェア　笹田,9H620HR/9H621HR/9H620XR/9H62BUR/9H6264R/9H622RR/9H62ALR/9H624XR ,ショーツ,65身生地、67身生地、N9身生地、灰×白文字(HK)ゴム、白×黒文字(HK)ゴム、黒×白文字(CLATHAS)ゴム,しまむら,合格,,,
Q2726001438,2026-01-26,2026-01-28,青&#23707;&#31166;金源&#32463;&#36152;有限公司（??&#21326;源）(青&#23707;恒新山),メンズカジュアル,,メンズカジュアル,C5636MA ,紳士シャツ,N9本体、白刺繍、白リブ、黄刺繍、黒×白
衿テープ、黒リブ、ブラウンリブ、ブルー刺繍、ブルーリブ,しまむら,合格,合格,,
Q2726001437,2026-01-26,2026-01-28,高密亨利制衣有限公司,アンダーウェア,,婦人アンダーウェア　笹田,左記 ,ショーツ,灰×白正体miffy、黒×白CONVERSE、黒×白斜体miffy、黒×紫KUROMI、黒×赤HELLO KITTY、黒×シルバーCECIL MCBEE,しまむら,合格,,,
Q2726001427,2026-01-26,2026-01-28,青&#23707;&#31166;金源&#32463;&#36152;有限公司（??&#21326;源）(青&#23707;恒新山),メンズカジュアル,,メンズカジュアル,C5638MA ,Tシャツ,白刺繍、白リブ、黒×白
衿テープ、黒刺繍、黒本体、黒リブ,しまむら,合格,合格,,
Q2726001419,2026-01-26,2026-01-28,高密亨利制衣有限公司,アンダーウェア,,婦人アンダーウェア　笹田,左記 ,ショーツ,67、N9、グレー、チャコール、ラベンダー,しまむら,合格,,,
Q2726001420,2026-01-26,2026-01-28,高密亨利制衣有限公司,アンダーウェア,,婦人アンダーウェア　笹田,9H620HR/9H621HR/9H62BUR/9A620QR/9A621QR/9S624QR ,ショーツ,2cm黄×グレーゴム9H62BUR、2cm黒×黄
ゴム9A620QR/9A621QR、3cm黒×黄
ゴム9S624QR、グレー本体
9H620HR/9H621HR、ピンク本体
9H621HR,しまむら,合格,,,
Q2726001425,2026-01-26,2026-01-29,青&#23707;&#31166;金源&#32463;&#36152;有限公司（??&#21326;源）(青&#23707;恒新山),キッズカジュアル,,キッズカジュアル,F5632UR ,Tシャツ,55グリーン,しまむら,,合格,,
Q2726001423,2026-01-26,2026-01-29,青&#23707;&#31166;金源&#32463;&#36152;有限公司（??&#21326;源）(青&#23707;恒新山),レディ－スカジュアル,,レディ-スカジュアル,A4630WR/A5630WR ,生地,10本体、55本体、N7本体、N9本体、アイボリーリブ、グリーンリブ,しまむら,合格,,,
Q2726001252,2026-01-26,2026-01-28,青&#23707;&#31166;金源&#32463;&#36152;有限公司（??&#21326;源）(青&#23707;恒新山),子供ナイティー,,子供ナイティー,7762WRR ,パジャマ,03本体、03製品、白シックテープ、クリームリブ,しまむら,合格,合格,,
61026002269,2026-01-26,2026-01-28,上海昊客商&#36152;有限公司,,,?山
,R5636PZ ,裾切替Tシャツ,14ベージュ、14ベージュ天竺、14ベージュチェック本体、N0ホワイト、ネイビー刺繍,しまむら,合格,合格,,
61026002288,2026-01-26,2026-01-28,上海昊客商&#36152;有限公司,,,?山,G5631PZ ,半袖Tシャツ,13アイボリー、13アイボリーアップリケ、N3グレー、N3グレーアップリケ,しまむら,合格,合格,,
61026002296,2026-01-26,2026-01-30,南通?川服飾有限公司,,,,G5632MZ ,,N9ブラック1×1リブ、N9ブラックテレコ、N9ブラックメッシュ、製品、ブラック裾ゴム,しまむら,合格,合格,,
61026002243,2026-01-26,2026-01-28,祥安服装如&#19996;有限公司,岡山,,平松,B2611CR ,コンバース綿ベアボクサー,53モスG、53モスG本体、N9ブラック、N9ブラック本体、ホワイトゴム,しまむら,合格,合格,,
61026002218,2026-01-26,2026-01-28,祥安服装如&#19996;有限公司,岡山,,平松,B26338Q    CNB6110 ,生地(サンリオ 紳士エステルベア天ボクサー1P),03ピンク、N9ブラック,しまむら,合格,,,
61026002231,2026-01-26,2026-01-28,祥安服装如&#19996;有限公司,岡山,,平松,B2611SR ,Eベアメッシュ切替,54エメグリーン、54エメグリーン本体、54エメグリーンゴム、54エメグリーンメッシュ、N9ブラック、N9ブラック本体、N9ブラックゴム、N9ブラックメッシュ,しまむら,合格,合格,,
61026002301,2026-01-26,2026-01-28,南通?川服飾有限公司,,,,G5630DR ,半袖Tシャツ,N9ブラック,しまむら,,合格,,
61026000898,2026-01-26,2026-01-29,如皋帝晨服&#39280;有限公司,岡山,,伊藤,21631SR ,パジャマ,05レッド無地、09エンジ無地、35イエローストライプ、64スカイブルー無地、65ブルーストライプ、67ネイビーストライプ、67ネイビーストライプ本体、67ネイビーリブ、68ダークブルー無地、68ダークブルーリブ、N3グレーストライプ、N9ブラック無地本体,しまむら,合格,合格,,
61526002587,2026-01-26,2026-01-28,上海&#39134;&#39532;&#36827;出口有限公司,岡山,,飼田,G5632UR ,半袖Tシャツ,N0ホワイト、N0ホワイト本体、N0ホワイトリブ,しまむら,,合格,,
Q2726001123,2026-01-26,2026-01-28,山&#19996;??服装有限公司（&#21326;派）,レディ－スカジュアル,,レディ-スカジュアル,Y5622AA ,婦人Tシャツ,N0後刺繍、N7後刺繍、N7製品、オレンジ刺繍,しまむら,合格,合格,,
Q2726001125,2026-01-26,2026-01-28,山&#19996;??服装有限公司（&#21326;派）,レディ－スカジュアル,,レディ-スカジュアル,Y6620AA ,パーカー,N2本体、N2紐、N2衿テープ、N2ファスナー
テープ、N2リブ、ブルー×
オレンジ刺繍,しまむら,合格,合格,,
61026002305,2026-01-26,2026-01-28,祥安服装如&#19996;有限公司,岡山,,平松,K26242R/CNB5998 ,,55グリーン,しまむら,合格,,,
61026002311,2026-01-26,2026-01-28,祥安服装如&#19996;有限公司,岡山,,平松,B26328Q  CNB6065 ,生地(プリングルズ 紳士エステルベア天ボクサー1P),50ライトグリーン、55グリーン、N9ブラック,しまむら,合格,,,
61026002321,2026-01-26,2026-01-28,上海昊客商&#36152;有限公司,,,?山,E4630RZ ,,製品、黒スピンドル,しまむら,合格,合格,,
61026002312,2026-01-26,2026-01-28,祥安服装如&#19996;有限公司,岡山,,平松,B26328Q  CNB6065 ,生地(Pringles Men´s Boxer briefs),50ライトグリーン、55グリーン、N9ブラック,しまむら,合格,,,
Q2726001440,2026-01-26,2026-01-30,Grand Concord Garment(Hong Kong) Limited&#35832;城裕泰&#38024;&#32455;有限公司（广豪）,アンダーウェア,,婦人アンダーウェア　笹田,9L62RER ,ハーフトップ+ショーツ,10ショーツ、10ハーフトップ、N9ショーツ、N9ハーフトップ、白カップ
バインダー、白テープ、紺刺繍、赤刺繍、黒本体、黒カップ
バインダー、黒ゴム、黒テープ、ネイビー
クロッチ　、ネイビー
テープ,しまむら,合格,合格,,
Q2726001506,2026-01-26,2026-01-29,青&#23707;天一泰和国&#38469;&#36152;易有限公司(天森豪?票)普票EXL,レディ－スカジュアル,,レディ-スカジュアル,Y4636MA ,ショートパンツ,生成
シックテープ、白刺繍、紺刺繍、赤刺繍、黄刺繍、黒本体,しまむら,合格,合格,,
Q2726001508,2026-01-26,2026-01-28,Grand Concord Garment(Hong Kong) Limited&#35832;城裕泰&#38024;&#32455;有限公司（广豪）,アンダーウェア,,婦人アンダーウェア　笹田,9L62P4R ,ハーフトップ+ショーツ,N3ショーツ、N3ハーフトップ、N9ショーツ、N9ハーフトップ、黒
カップバインダー、黒本体、黒肩ゴム、黒テープ、グレー
カップバインダー、グレー肩ゴム、グレーゴム、グレーテープ,しまむら,合格,合格,,
Q2726001510,2026-01-26,2026-01-29,Grand Concord Garment(Hong Kong) Limited&#35832;城裕泰&#38024;&#32455;有限公司（广豪）,アンダーウェア,,婦人アンダーウェア　笹田,9N622HR ,カップ付きタンクトップ,10製品、10ゴム、10レース、82製品、82ゴム、82メッシュ、82レース、N9本体、N9製品、N9ゴム、N9レース、黒
上バインダー、黒カップ、ベージュ
上バインダー、ベージュカップ,しまむら,合格,合格,,
Q2726001543,2026-01-26,2026-01-29,青&#23707;天一泰和国&#38469;&#36152;易有限公司(天森豪?票)普票EXL,レディ－スカジュアル,,レディ-スカジュアル,Y463BMA ,ハーフパンツ,白刺繍、白シックテープ、紫刺繍、黄刺繍、黒刺繍、黒本体、ピンク刺繍,しまむら,合格,合格,,
Q2726001518,2026-01-26,2026-01-29,青&#23707;&#31166;金源&#32463;&#36152;有限公司（??&#21326;源）(青&#23707;恒新山),メンズカジュアル,,メンズカジュアル,X4630RR ,ハーフパンツ,N9製品、白刺繍、黒ひも、黒本体、グレー
テープ,しまむら,合格,合格,,
Q2726001532,2026-01-26,2026-01-29,青&#23707;&#31166;金源&#32463;&#36152;有限公司（??&#21326;源）(青&#23707;恒新山),レディ－スカジュアル,,レディ-スカジュアル,Y563TMA ,半袖T,N9C,しまむら,,合格,,
Q2726001545,2026-01-26,2026-01-29,青&#23707;天一泰和国&#38469;&#36152;易有限公司(天森豪?票)普票EXL,レディ－スカジュアル,,レディ-スカジュアル,Y463CMA ,ショートパンツ,白シックテープ、紺刺繍、赤刺繍、黄刺繍、黒本体、グレー刺繍、ピンク刺繍、ブラウン×グレー刺繍,しまむら,合格,合格,,
Q2726001527,2026-01-26,2026-01-28,青&#23707;&#31166;金源&#32463;&#36152;有限公司（??&#21326;源）(青&#23707;恒新山),レディ－スカジュアル,,レディ-スカジュアル,Y5624MA ,婦人シャツ,N9A製品、赤×紺
ワッペン,しまむら,合格,合格,,
Q2726001524,2026-01-26,2026-01-29,青&#23707;&#31166;金源&#32463;&#36152;有限公司（??&#21326;源）(青&#23707;恒新山),レディ－スカジュアル,,レディ-スカジュアル,Y5623MA ,婦人シャツ,N9製品、ピンク刺繍、ローズ刺繍,しまむら,合格,合格,,
Q2726001538,2026-01-26,2026-02-02,青&#23707;&#31166;金源&#32463;&#36152;有限公司（??&#21326;源）(青&#23707;恒新山),キッズカジュアル,,キッズカジュアル,R4631PZ ,生地,14、N2、N3,しまむら,合格,,,
Q2726001541,2026-01-26,2026-01-28,青&#23707;天一泰和国&#38469;&#36152;易有限公司(天森豪?票)普票EXL,レディ－スカジュアル,,レディ-スカジュアル,Y463NMA ,ショートパンツ,N9製品、白刺繍、白シックテープ、紺刺繍、黄刺繍、黒本体、黒パイピング、グレー
パイピング,しまむら,合格,合格,,
Q2726001522,2026-01-26,2026-01-29,青&#23707;&#31166;金源&#32463;&#36152;有限公司（??&#21326;源）(青&#23707;恒新山),レディ－スカジュアル,,レディ-スカジュアル,Y5622MA ,婦人シャツ,N9B製品、黄刺繍、ピンク刺繍、ローズ刺繍,しまむら,合格,合格,,
Q2726001555,2026-01-26,2026-01-28,青&#23707;&#31166;金源&#32463;&#36152;有限公司（??&#21326;源）(青&#23707;恒新山),レディ－スカジュアル,,レディ-スカジュアル,Y5642MA/Y564KMA/Y564JMA ,C 天竺,55身生地、白刺繍、白アップリケ刺繍、カーキリブ、キイロ×白
アップリケ刺繍、キイロ刺繍,しまむら,合格,,,
Q2726001514,2026-01-26,2026-01-28,青&#23707;&#31166;金源&#32463;&#36152;有限公司（??&#21326;源）(青&#23707;恒新山),レディ－スカジュアル,,レディ-スカジュアル,Y5621MA ,トレーナー,N9,しまむら,,合格,,
Q2726001559,2026-01-26,2026-01-29,青&#23707;&#31166;金源&#32463;&#36152;有限公司（??&#21326;源）(青&#23707;恒新山),キッズカジュアル,,キッズカジュアル,R5630PZ ,Tシャツ,03製品、10製品、14製品、67製品、N2製品、N3製品、白刺繍、紺刺繍、赤刺繍,しまむら,合格,合格,,
Q2726001516,2026-01-26,2026-01-28,青&#23707;&#31166;金源&#32463;&#36152;有限公司（??&#21326;源）(青&#23707;恒新山),メンズカジュアル,,メンズカジュアル,X4625RR ,ロングパンツ,N9本体、N9製品、白刺繍、グレーテープ、ブラック紐,しまむら,合格,合格,,
Q2726001494,2026-01-26,2026-01-28,青&#23707;&#31166;金源&#32463;&#36152;有限公司（??&#21326;源）(青&#23707;恒新山),キッズカジュアル,,キッズカジュアル,R563APZ ,シャツ,67製品、ベージュ×ブルー刺繍,しまむら,合格,合格,,
Q2726001464,2026-01-26,2026-01-29,大?程?国&#38469;&#36152;易有限公司（帛来）,婦人ナイティー,,婦人ナイティー,40631LA ,パジャマ,65,しまむら,合格,,,
Q2726001466,2026-01-26,2026-01-29,大?程?国&#38469;&#36152;易有限公司（帛来）,婦人ナイティー,,婦人ナイティー,40633LA ,パジャマ,03,しまむら,合格,,,
Q2726001465,2026-01-26,2026-01-29,大?程?国&#38469;&#36152;易有限公司（帛来）,婦人ナイティー,,婦人ナイティー,40630LA ,パジャマ,63,しまむら,合格,,,
Q2726001458,2026-01-26,2026-01-29,青&#23707;&#31166;金源&#32463;&#36152;有限公司（??&#21326;源）(青&#23707;恒新山),子供ナイティー,,子供ナイティー,77623RR ,パジャマ,54製品、白シックテープ、エメグリーン半袖リブ、エメグリーン長袖リブ,しまむら,合格,合格,,
Q2726001442,2026-01-26,2026-01-28,Grand Concord Garment(Hong Kong) Limited&#35832;城裕泰&#38024;&#32455;有限公司（广豪）,アンダーウェア,,婦人アンダーウェア　笹田,9M624HR ,タンクトップ,10製品、15製品、82製品、N9製品、N9身生地、白レース、ブラックレース、ブラウンレース、ラベンダーレース,しまむら,合格,合格,,
Q2726001448,2026-01-26,2026-01-30,Grand Concord Garment(Hong Kong) Limited&#35832;城裕泰&#38024;&#32455;有限公司（广豪）,アンダーウェア,,婦人アンダーウェア　笹田,9L62Q4R ,ハーフトップ+ショーツ,67ショーツ、67ハーフトップ、N9身生地、N9ショーツ、N9ハーフトップ、紺肩ゴム、紺カップ
下バインダー、紺クロッチ、紺ゴム、紺テープ、黒肩ゴム、黒カップ
下バインダー、黒ゴム、黒テープ,しまむら,合格,合格,,
Q2726001467,2026-01-26,2026-01-29,大?程?国&#38469;&#36152;易有限公司（帛来）,婦人ナイティー,,婦人ナイティー,40632LA ,パジャマ,67ネイビー,しまむら,合格,,,
Q2726001469,2026-01-26,2026-01-28,青&#23707;&#31166;金源&#32463;&#36152;有限公司（??&#21326;源）(青&#23707;恒新山),子供ナイティー,,子供ナイティー,77622KR/77623RR/77625BR/77626WR/776249R ,パジャマ,03-9、03ドット、54-7、54大ドット、54ドット、60-6、63ドット、67A、83-1、83ボーダー、N3A、N9,しまむら,合格,,,
Q2726001486,2026-01-26,2026-01-28,青&#23707;&#31166;金源&#32463;&#36152;有限公司（??&#21326;源）(青&#23707;恒新山),レディ－スカジュアル,,レディ-スカジュアル,Y5625MA ,婦人シャツ,N9製品、黒×白後身刺繍、黒×ローズ後身刺繍、黒前身刺繍、キイロ×ローズ後身刺繍、キイロ前身刺繍、ローズ×白後身刺繍、ローズ×ラベンダー後身刺繍、ローズ前身刺繍,しまむら,合格,合格,,
Q2726001488,2026-01-26,2026-01-28,青&#23707;&#31166;金源&#32463;&#36152;有限公司（??&#21326;源）(青&#23707;恒新山),キッズカジュアル,,キッズカジュアル,R5632PZ ,シャツ,05製品、55製品、67製品、N2製品、N9製品、紺×白刺繍、赤×白刺繍、キイロ×白刺繍,しまむら,合格,合格,,
Q2726001468,2026-01-26,2026-01-28,青&#23707;&#31166;金源&#32463;&#36152;有限公司（??&#21326;源）(青&#23707;恒新山),子供ナイティー,,子供ナイティー,7762VJR/7762WRR/7762XJR/7762Y9R/7762ZRR ,パジャマ,01-1、01-2、01-3、03、10、54、54-4、83、83-2、83-3、N3A、N9,しまむら,合格,,,
Q2726001547,2026-01-26,2026-01-29,青&#23707;天一泰和国&#38469;&#36152;易有限公司(天森豪?票)普票EXL,レディ－スカジュアル,,レディ-スカジュアル,Y4637MA ,ショートパンツ,N9ブラック本体、白シックテープ,しまむら,合格,合格,,
Q2726001549,2026-01-26,2026-01-29,青&#23707;天一泰和国&#38469;&#36152;易有限公司(天森豪?票)普票EXL,レディ－スカジュアル,,レディ-スカジュアル,Y463EMA ,ショートパンツ,白刺繍、白シックテープ、白ニットテープ、紺刺繍、紺ニットテープ、赤刺繍、黄刺繍、黄ニットテープ、黒本体、ピンク
ニットテープ、ローズ
ニットテープ,しまむら,合格,合格,,
Q2726001492,2026-01-26,2026-01-28,青&#23707;&#31166;金源&#32463;&#36152;有限公司（??&#21326;源）(青&#23707;恒新山),キッズカジュアル,,キッズカジュアル,F5632MR ,Tシャツ,N9製品、白刺繍、紺×赤
ワッペン、紺×グレー
ワッペン、黄×ブラウン
ワッペン,しまむら,合格,合格,,
Q2726001490,2026-01-26,2026-01-28,青&#23707;&#31166;金源&#32463;&#36152;有限公司（??&#21326;源）(青&#23707;恒新山),キッズカジュアル,,キッズカジュアル,R5638PZ ,Tシャツ,13製品、35製品、55製品、63製品、白刺繍、紺刺繍、紺アップリケ、緑アップリケ、赤アップリケ、アイボリー
衿テープ,しまむら,合格,合格,,
61526002317,2026-01-23,2026-01-27,上海&#39134;&#39532;&#36827;出口有限公司,岡山,,飼田,F5630MZ ,丸首半袖T,15ブラウン、65ブルー、67ネイビー、N1アイスグレー、N9ブラック、イエロー刺繍、オレンジ刺繍、シロ刺繍、ブルー刺繍、ワッペン,しまむら,合格,合格,,
Q2726001174,2026-01-23,2026-01-27,青&#23707;&#31166;金源&#32463;&#36152;有限公司（??&#21326;源）(青&#23707;恒新山),子供ナイティー,,子供ナイティー,67627YR ,パジャマ,15製品、65製品、N9半袖本体、N9製品、N9長袖本体、白シックテープ、紺×赤×白ワッペン、アイスグレーリブ、イエローリブ、グレーリブ,しまむら,合格,合格,,
61026002113,2026-01-23,2026-01-27,祥安服装如&#19996;有限公司,岡山,,平松,BW622CR ,,製品、カーキゴム、グレーゴム、ネイビー本体、ブラック本体,しまむら,合格,合格,,
61026002102,2026-01-23,2026-01-27,祥安服装如&#19996;有限公司,岡山,,平松,WW632CR ,2PブロードTR,05レッド、52ターコ,しまむら,,合格,,
61026002024,2026-01-23,2026-01-27,如皋帝晨服&#39280;有限公司,岡山,,,20621VR ,,67ネイビー、67ネイビーリブ、N3グレー、ブラック本体(67ネイビー),しまむら,合格,合格,,
61026002033,2026-01-23,2026-01-27,&#19996;莞市三越帽袋有限公司,岡山,,高木,1C603ER ,生地(キャップ),N9ブラック,しまむら,合格,,,
Q2726001121,2026-01-23,2026-01-27,青&#23707;&#31166;金源&#32463;&#36152;有限公司（??&#21326;源）(青&#23707;恒新山),レディ－スカジュアル,,レディ-スカジュアル,Y563SMA ,婦人シャツ,N9AブラックA,しまむら,,合格,,
Q2726001352,2026-01-23,2026-01-27,青&#23707;天一泰和国&#38469;&#36152;易有限公司(天森豪?票)普票EXL,レディ－スカジュアル,,レディ-スカジュアル,Y463DMA ,ショートパンツ,N9本体、N9製品、生成
シックテープ、キイロ刺繍、ピンク刺繍、ブルー刺繍,しまむら,合格,合格,,
Q2726001321,2026-01-23,2026-01-27,Grand Concord Garment(Hong Kong) Limited&#35832;城裕泰&#38024;&#32455;有限公司（广豪）,アンダーウェア,,婦人アンダーウェア　笹田,9L62FCA/9L62HCA/9L62GCA ,生地,10天竺
身生地、50天竺
身生地、50マチ、N3天竺
身生地、N3裏地、N3テレコ
身生地、N3マチ
(テレコ生地用)、N3マチ、N9天竺
身生地、N9裏地、N9テレコ
身生地、N9マチ,しまむら,合格,,,
Q2726001322,2026-01-23,2026-01-27,Grand Concord Garment(Hong Kong) Limited&#35832;城裕泰&#38024;&#32455;有限公司（广豪）,アンダーウェア,,婦人アンダーウェア　笹田,9N620HR ,カップ付きキャミソール,10製品、17製品、63製品、N9製品、N9身生地、白
アンダーゴム、白肩ゴム、白テープ、サックス
アンダーゴム、サックス肩ゴム、サックステープ、サックスメッシュ、ブラック
アンダーゴム、ブラック肩ゴム、ブラックカップ、ブラックテープ、ベージュ
カップ、モカチャ
アンダーゴム、モカチャ肩ゴム、モカチャテープ、モカチャメッシュ,しまむら,合格,合格,,
Q2726001365,2026-01-23,2026-01-27,青&#23707;天一泰和国&#38469;&#36152;易有限公司(天森豪?票)普票EXL,レディ－スカジュアル,,レディ-スカジュアル,Y4620WA ,裾ゴムパンツ,N9本体、白シックテープ,しまむら,合格,合格,,
Q2726001393,2026-01-23,2026-01-28,伊藤忠??&#36152;易(中国)有限公司青&#23707;分公司,レディ－スカジュアル,,レディ-スカジュアル,U3621TR(T4070705-16S) ,リラクシングテーパード,N9ブラック本体,しまむら,合格,合格,,
Q2726001395,2026-01-23,2026-01-27,伊藤忠??&#36152;易(中国)有限公司青&#23707;分公司,レディ－スカジュアル,,レディ-スカジュアル,U3622TR(T4070705-16S) ,USPP AirZipストレート,N9本体、N9製品,しまむら,合格,合格,,
Q2726001387,2026-01-23,2026-01-27,青&#23707;&#31166;金源&#32463;&#36152;有限公司（??&#21326;源）(青&#23707;恒新山),レディ－スカジュアル,,レディ-スカジュアル,Y563UMA ,婦人シャツ,N9AブラックA,しまむら,,合格,,
Q2726001367,2026-01-23,2026-01-28,青&#23707;天一泰和国&#38469;&#36152;易有限公司(天森豪?票)普票EXL,レディ－スカジュアル,,レディ-スカジュアル,Y463LMA ,ショートパンツ,N9製品、生成
シックテープ、赤刺繍、黄刺繍、黒本体、ピンク
パイピング,しまむら,合格,合格,,
Q2726001369,2026-01-23,2026-01-27,青&#23707;天一泰和国&#38469;&#36152;易有限公司(天森豪?票)普票EXL,レディ－スカジュアル,,レディ-スカジュアル,Y463QMA ,パンツ,N9本体、白シックテープ,しまむら,合格,合格,,
61526002393,2026-01-23,2026-01-27,上海&#39134;&#39532;&#36827;出口有限公司,岡山,,飼田,E2631MR ,丸首半袖T+ハーフパンツ,15ブラウン、65ブルー、N9ブラック、N9ブラック本体、N9ブラックリブ、黒スピンドル,しまむら,合格,合格,,
61526002310,2026-01-23,2026-01-27,上海&#39134;&#39532;&#36827;出口有限公司,岡山,,飼田,F5631MR ,丸首半袖T,製品N9ブラック、イエロー刺繍、ブラック刺繍,しまむら,合格,合格,,
61526002391,2026-01-23,2026-01-27,上海&#39134;&#39532;&#36827;出口有限公司,岡山,,飼田,F5636BZ ,,25B オレンジB、5265 C、63B サックスB、7577 C,しまむら,合格,,,
Q2726001312,2026-01-23,2026-01-27,&#35832;城方利制衣有限公司,アンダーウェア,,婦人アンダーウェア　笹田,9262A0R ,ショーツ,ピンク総柄、ラベンダー,しまむら,,合格,,
61526002387,2026-01-23,2026-01-27,上海&#39134;&#39532;&#36827;出口有限公司,岡山,,飼田,E2630EZ ,,67ネイビー無地、67ネイビー総柄、67ネイビーリブ、N9ブラック無地、N9ブラック総柄、N9ブラックリブ、黒スピンドル,しまむら,合格,,,
61526002260,2026-01-22,2026-01-26,上海&#39134;&#39532;&#36827;出口有限公司,岡山,,飼田,R4630BR ,,N2オートミール、サックスニットテープ,しまむら,合格,合格,,
61526002269,2026-01-22,2026-01-26,上海&#39134;&#39532;&#36827;出口有限公司,岡山,,飼田,R4631BR ,,63サックス、N7チャコール、N7チャコール本体,しまむら,合格,合格,,
61026001993,2026-01-22,2026-01-26,如皋帝晨服&#39280;有限公司,岡山,,,21631SA ,,N9ブラック、N9ブラック本体、N9ブラックリブ(下衣裾口)、N9ブラックリブ(衿口、袖口),しまむら,合格,合格,,
61526002248,2026-01-22,2026-01-26,上海&#39134;&#39532;&#36827;出口有限公司,岡山,,飼田,F5633BZ ,,10オフホワイト天竺、35イエロー天竺、63サックスリブ、82ラベンダーリブ,しまむら,合格,,,
Q2726000403,2026-01-22,2026-01-26,青&#23707;&#31166;金源&#32463;&#36152;有限公司（??&#21326;源）(青&#23707;恒新山),レディ－スカジュアル,,レディ-スカジュアル,Y4630WR ,婦人パンツ,N9A製品、白シックテープ、オートミール杢紐、グレー杢紐、ブラック本体、ブラック紐,しまむら,合格,合格,,
Q2726001293,2026-01-22,2026-01-26,青&#23707;紫?国&#38469;&#36152;易有限公司,ライフグッズ,,ライフグッズ,1T6B38R ,エコバッグ,03小バッグ本体、03本体、13小バッグ本体、13本体、54小バッグ本体、54本体、ピンク無地、ブルー無地,しまむら,合格,,,
Q2726001294,2026-01-22,2026-01-26,青&#23707;紫?国&#38469;&#36152;易有限公司,ライフグッズ,,ライフグッズ,1T619MR ,エコバッグ,65ブルー,しまむら,,合格,,
Q2726001295,2026-01-22,2026-01-28,青&#23707;紫?国&#38469;&#36152;易有限公司,ライフグッズ,,ライフグッズ,1T620MR ,保冷トートバッグ,65製品、黒テープ,しまむら,合格,合格,,
Q2726001301,2026-01-22,2026-01-26,青&#23707;&#31166;金源&#32463;&#36152;有限公司（??&#21326;源）(青&#23707;恒新山),キッズカジュアル,,キッズカジュアル,G5639UR ,T SHIRT,55,しまむら,,合格,,
Q2726001277,2026-01-22,2026-01-27,青&#23707;天一泰和国&#38469;&#36152;易有限公司(天森豪?票)普票EXL,レディ－スカジュアル,,レディ-スカジュアル,Y463MMA ,ショートパンツ,N9製品、白シックテープ、赤刺繍、黄刺繍、黒本体、ピンク刺繍,しまむら,合格,合格,,
Q2726001289,2026-01-22,2026-01-26,青&#23707;紫?国&#38469;&#36152;易有限公司,ライフグッズ,,ライフグッズ,1T620ER/1T621ER ,バックパック,白刺繍、黒本体、黒紐、黒裏地、黒メッシュ、シルバー本体、チャコール本体,しまむら,合格,,,
Q2726001283,2026-01-22,2026-01-26,青&#23707;天一泰和国&#38469;&#36152;易有限公司(天森豪?票)普票EXL,レディ－スカジュアル,,レディ-スカジュアル,Y463GMA ,ショートパンツ,N9地アップリケ刺、N9本体、N9製品、紫*白
アップリケ刺、紺*白
アップリケ刺、黄*白
アップリケ刺、ピンク*白
アップリケ刺,しまむら,合格,合格,,
Q2726001281,2026-01-22,2026-01-26,青&#23707;天一泰和国&#38469;&#36152;易有限公司(天森豪?票)普票EXL,レディ－スカジュアル,,レディ-スカジュアル,Y4639MA ,ショートパンツ,15地刺繍、N1地刺繍、N3B地刺繍、N9地刺繍、N9本体、N9製品、白シックテープ,しまむら,合格,合格,,
Q2726001290,2026-01-22,2026-01-26,青&#23707;紫?国&#38469;&#36152;易有限公司,ライフグッズ,,ライフグッズ,1P604BB ,巾着,格子本体、緑紐、赤本体、赤紐、黒本体、黒紐,しまむら,合格,,,
Q2726001279,2026-01-22,2026-01-26,青&#23707;天一泰和国&#38469;&#36152;易有限公司(天森豪?票)普票EXL,レディ－スカジュアル,,レディ-スカジュアル,Y463RMA ,ショートパンツ,紺刺繍、黄刺繍、黒本体、ピンク刺繍,しまむら,合格,合格,,
Q2726001237,2026-01-22,2026-01-26,山&#19996;省&#28493;坊市&#36827;出口有限公司,紳士ナイティー,,紳士ナイティー,226210R ,パジャマ,67製品、白シックテープ、グレー
バインダー,しまむら,合格,合格,,
Q2726001203,2026-01-22,2026-01-26,青&#23707;&#31166;金源&#32463;&#36152;有限公司（??&#21326;源）(青&#23707;恒新山),キッズカジュアル,,キッズカジュアル,RT633CZ/F5633CZ/GW630CZ ,Tシャツ,54、55、67、N0衿,しまむら,合格,,,
Q2726001194,2026-01-22,2026-01-26,青&#23707;??&#36152;易?芳服&#39280;有限公司,アンダーウェア,,婦人アンダーウェア　笹田,9L62AEA ,ハーフトップ+ショーツ,63ショーツ、63ハーフトップ、N9ショーツ、N9ハーフトップ、白刺繍、黒本体、黒カップ
下バインダー、黒テープ、黒ピコゴム、サックス
カップ下バインダー、サックス腰ゴム、サックステープ、サックスピコゴム,しまむら,合格,合格,,
Q2726001151,2026-01-22,2026-01-24,山&#19996;省&#28493;坊市&#36827;出口有限公司,紳士ナイティー,,紳士ナイティー,226220R ,紳士パジャマ,67本体、67製品、N3製品、白シックテープ、黒パイピング、グレーパイピング,しまむら,合格,合格,,
Q2726001205,2026-01-22,2026-01-26,青&#23707;&#31166;金源&#32463;&#36152;有限公司（??&#21326;源）(青&#23707;恒新山),メンズカジュアル,,メンズカジュアル,C5635ER/C5636ER ,Tシャツ,N0身生地、N0リブ、N8身生地、N8リブ,しまむら,合格,,,
Q2726001233,2026-01-22,2026-01-26,青&#23707;&#31166;金源&#32463;&#36152;有限公司（??&#21326;源）(青&#23707;恒新山),子供ナイティー,,子供ナイティー,7762XJR ,パジャマ,83製品、白シックテープ、アイボリーリブ,しまむら,合格,合格,,
Q2726001235,2026-01-22,2026-01-27,青&#23707;&#31166;金源&#32463;&#36152;有限公司（??&#21326;源）(青&#23707;恒新山),子供ナイティー,,子供ナイティー,77622KR ,パジャマ,03製品、白シックテープ、クリーム水玉本体、グレー本体、グレーリブ、ピンクリブ,しまむら,合格,合格,,
Q2726001229,2026-01-22,2026-01-26,青&#23707;&#21326;杉&#36152;易有限公司,ジーンズカジュアル,,ジーンズカジュアル,DZ6231B ,メンズパンツ,黒切替,しまむら,合格,,,
61026002005,2026-01-22,2026-01-26,祥安服装如&#19996;有限公司,岡山,,平松,WW631CR ,2PブロードTR,67ネイビー、N9ブラック,しまむら,,合格,,
Q2726001303,2026-01-22,2026-01-26,青&#23707;&#31166;金源&#32463;&#36152;有限公司（??&#21326;源）(青&#23707;恒新山),キッズカジュアル,,キッズカジュアル,F5633UR ,Tシャツ,65ブルー,しまむら,,合格,,
Q1726000014,2026-01-21,2026-01-23,&#28493;坊&#27719;?服装有限公司,レディ－スカジュアル,,レディ-スカジュアル,Y9623MA/Y9624MA/Y9625MA ,刺生地,白、イエロー、ピンク,しまむら,合格,,,
61526002171,2026-01-21,2026-01-23,上海&#39134;&#39532;&#36827;出口有限公司,岡山,,飼田,G4630MR ,,15ブラウン、N3グレー、N9ブラック、白,しまむら,合格,,,
61526002138,2026-01-21,2026-01-23,?家港&#21326;夏帽&#19994;有限公司,岡山,,高木
,1C601ER ,,N9ブラック,しまむら,合格,,,
61526002140,2026-01-21,2026-01-23,?家港&#21326;夏帽&#19994;有限公司,岡山,,高木,1C6A18A ,本体(ツイルキャップ),黒,しまむら,合格,,,
61026001877,2026-01-21,2026-01-23,祥安服装如&#19996;有限公司,岡山,,平松,K2631AR ,,製品、グリーン本体、グリーンワッペン、ネイビー本体、ブラック本体、ブラックゴム,しまむら,合格,合格,,
Q1726000017,2026-01-21,2026-01-23,&#28493;坊&#27719;?服装有限公司,レディ－スカジュアル,,レディ-スカジュアル,Y9624MA ,シャツ,03ピンク本体,しまむら,合格,合格,,
Q1726000019,2026-01-21,2026-01-23,&#28493;坊&#27719;?服装有限公司,レディ－スカジュアル,,レディ-スカジュアル,Y9623MA ,婦人シャツ,03ピンク本体,しまむら,合格,合格,,
Q1726000015,2026-01-21,2026-01-23,&#28493;坊&#27719;?服装有限公司,レディ－スカジュアル,,レディ-スカジュアル,Y9625MA ,婦人シャツ,03ピンク本体、03ピンク製品,しまむら,合格,合格,,
Q2726001108,2026-01-21,2026-01-23,青&#23707;&#31166;金源&#32463;&#36152;有限公司（??&#21326;源）(青&#23707;恒新山),子供ナイティー,,子供ナイティー,6P630JR/6X630JR ,生地,13、63,しまむら,合格,,,
Q2726001149,2026-01-21,2026-01-23,山&#19996;省&#28493;坊市&#36827;出口有限公司,紳士ナイティー,,紳士ナイティー,226240R ,紳士パジャマ,67本体、67製品、白シックテープ、グレー
パイピング,しまむら,合格,合格,,
Q2726001153,2026-01-21,2026-01-23,青&#23707;&#31166;金源&#32463;&#36152;有限公司（??&#21326;源）(青&#23707;恒新山),子供ナイティー,,子供ナイティー,7663E8R ,パジャマ,02-4、10腹巻、13総柄,しまむら,合格,,,
Q2726001160,2026-01-21,2026-01-23,山&#19996;省&#28493;坊市&#36827;出口有限公司,紳士ナイティー,,紳士ナイティー,116230R/116250R/116260R ,パジャマ,63、67、N3,しまむら,合格,,,
Q2726001142,2026-01-21,2026-01-23,青&#23707;伊美瑛国&#38469;&#36152;易有限公司,レディ－スカジュアル,,レディ-スカジュアル,Y4624WR ,パンツ,ネイビー総柄,しまむら,合格,,,
Q2726001105,2026-01-21,2026-01-23,青&#23707;&#31166;金源&#32463;&#36152;有限公司（??&#21326;源）(青&#23707;恒新山),子供ナイティー,,子供ナイティー,6P6313R/6J6313R ,生地,13、67,しまむら,合格,,,
Q2726001106,2026-01-21,2026-01-23,青&#23707;&#31166;金源&#32463;&#36152;有限公司（??&#21326;源）(青&#23707;恒新山),キッズカジュアル,,キッズカジュアル,F5631BZ/F5632BZ/F5634BZ/F5635BZ ,Tシャツ,03本体、03リブ、13本体、13リブ、25本体、25リブ、63本体、63リブ、N1本体、N1リブ、N2本体、N2リブ、N7本体、N7リブ,しまむら,合格,,,
Q2726001110,2026-01-21,2026-01-23,青&#23707;&#31166;金源&#32463;&#36152;有限公司（??&#21326;源）(青&#23707;恒新山),子供ナイティー,,子供ナイティー,6X6208R ,タオルケット,63,しまむら,,合格,,
Q2726001109,2026-01-21,2026-01-23,青&#23707;&#31166;金源&#32463;&#36152;有限公司（??&#21326;源）(青&#23707;恒新山),子供ナイティー,,子供ナイティー,6X621JR ,タオルケット,33,しまむら,,合格,,
Q2726001180,2026-01-21,2026-01-23,大?&#39536;毅服&#39280;科技&#21457;展有限公司,アンダーウェア,,婦人アンダーウェア　笹田,9G620DR ,スタンダードショーツ,17、N9,しまむら,,合格,,
Q2726001147,2026-01-21,2026-01-23,山&#19996;省&#28493;坊市&#36827;出口有限公司,紳士ナイティー,,紳士ナイティー,226230R ,紳士パジャマ,N3製品、白シックテープ、黒パイピング,しまむら,合格,合格,,
Q2726001219,2026-01-21,2026-01-24,大?万林&#36827;出口有限公司（大?佳林）（大?裕森）服装有限公司,メンズカジュアル,,メンズカジュアル,HY1526X(HS224019BT RB) ,ヒヤロンメッシュデニムイージーパンツL70,67本体、67製品、ネイビーひも,しまむら,合格,合格,,
Q2726001188,2026-01-21,2026-01-23,Grand Concord Garment(Hong Kong) Limited&#35832;城裕泰&#38024;&#32455;有限公司（广豪）,アンダーウェア,,婦人アンダーウェア　笹田,9L620CR ,ハーフトップ+ショーツ,N3ショーツ、N3ハーフトップ、N9ショーツ、N9ハーフトップ、黒×白腰ゴム、黒×肩ゴム、黒本体、黒テープ、グレーテープ,しまむら,合格,合格,,
Q2726001211,2026-01-21,2026-01-23,大?万林&#36827;出口有限公司（大?佳林）（大?裕森）服装有限公司,メンズカジュアル,,メンズカジュアル,MB3504X(SM220527) ,カーゴパンツ,34本体、N9A製品、N9本体、白刺繍、黒刺繍、カーキ紐、ブラック本体、ブラック紐,しまむら,合格,合格,,
Q2726001186,2026-01-21,2026-01-23,Grand Concord Garment(Hong Kong) Limited&#35832;城裕泰&#38024;&#32455;有限公司（广豪）,アンダーウェア,,婦人アンダーウェア　笹田,9L621CR ,ハーフトップ+ショーツ,10ショーツ、10ハーフトップ、白
下バインダー、白×黒腰ゴム部分、白テープ部分、黒身生地、黒テープ部分、グレー×黒肩ゴム部分,しまむら,合格,合格,,
Q2726001182,2026-01-21,2026-01-26,青&#23707;??&#36152;易?芳服&#39280;有限公司,アンダーウェア,,婦人アンダーウェア　笹田,9L62B4A ,ハーフトップとショーツ,N9ショーツ、N9ハーフトップ、黒本体、黒肩ゴム、黒パイピング、グレーゴム,しまむら,合格,合格,,
Q2726001184,2026-01-21,2026-01-23,青&#23707;??&#36152;易?芳服&#39280;有限公司,アンダーウェア,,婦人アンダーウェア　笹田,9L62C4A ,ハーフトップ+ショーツ,10カップ下
バインダー、10ショーツ、10テープ、10ハーフトップ、82カップ下
バインダー、82ショーツ、82テープ、82ハーフトップ、N9カップ下
バインダー、N9ショーツ、N9テープ、N9ハーフトップ、白裏地、紫足口ゴム、黄×白ゴム、黒本体、黒足口ゴム,しまむら,合格,合格,,
Q2726001091,2026-01-20,2026-01-22,青&#23707;&#31166;金源&#32463;&#36152;有限公司（??&#21326;源）(青&#23707;恒新山),婦人ナイティー,,婦人ナイティー,85602HR/85603HR ,エプロン,55、65、N9,しまむら,合格,,,
Q2726001093,2026-01-20,2026-01-23,青&#23707;佰利源&#32442;&#32455;有限公司,紳士アンダ－ウェア,,紳士アンダ-ウェア,BW6B48R ,ボクサーブリーフ,67製品、N9本体、N9製品、黒×紫ゴム,しまむら,合格,合格,,
61026001752,2026-01-20,2026-02-03,江?嘉晟&#36827;出口&#36152;易有限公司,岡山,,唐木,5G6228Q ,プリングルズ ショート丈靴下3P,A-1 05レッド、A-1 05レッド本体、A-2 35イエロー、A-2 35イエロー本体、A-3 55グリーン、A-3 55グリーン本体、刺繍※,しまむら,合格,合格,,
Q2726000132,2026-01-20,2026-01-21,青&#23707;承越皮革制品有限公司,ライフグッズ,,ライフグッズ,1R4641R ,ランリュック,05
10mmテープ、05
20mmテープ、05
25mmテープ、05
40mmテープ、05本体、05紐、05綾テープ、05配料A、05配料B、05配料E、11紐、12
10mmテープ、12
20mmテープ、12
25mmテープ、12
40mmテープ、12本体、12綾テープ、12配料A、12配料B、12配料E、N9
10mmテープ、N9
20mmテープ、N9
25mmテープ、N9
40mmテープ、N9本体、N9紐、N9綾テープ、N9配料A、N9配料B、N9配料E、N9ゴム、白配料C、黒太ゴム、黒配料D、黒配料F、シルバー配料D、ブラウン
面ファスナー、ブラウン
パイピング、ブラウン裏地、ブラウン配料F、ベージュ配料F,しまむら,合格,,,
61026001710,2026-01-20,2026-01-22,如皋帝晨服&#39280;有限公司,岡山,,伊藤,21632YA ,付属(パジャマ),67ネイビースピンドル紐、N9ブラックスピンドル紐、白×赤大刺繍、白×黒後衿テープ、白×黒ワッペン、白×ネイビー大刺繍、白小刺繍、イエロー×ベージュ大刺繍、イエロー小刺繍、ベージュニットテープ、ホワイトニットテープ,しまむら,合格,,,
Q2726000808,2026-01-20,2026-01-22,青&#23707;&#31166;金源&#32463;&#36152;有限公司（??&#21326;源）(青&#23707;恒新山),子供ナイティー,,子供ナイティー,67624ER ,パジャマ,N3製品、黒半袖本体、黒パンツ本体、黒リブ,しまむら,合格,合格,,
Q2726001129,2026-01-20,2026-01-22,山&#19996;??服装有限公司（&#21326;派）,レディ－スカジュアル,,レディ-スカジュアル,Y5623AA ,半袖DROP T,N7製品、紺×
ラベンダー
刺繍、チャコール刺繍,しまむら,合格,合格,,
Q2726001097,2026-01-20,2026-01-22,Grand Concord Garment(Hong Kong) Limited&#35832;城裕泰&#38024;&#32455;有限公司（广豪）,アンダーウェア,,婦人アンダーウェア　笹田,9M621DR ,長袖,N3製品、N9本体、N9製品、黒×白
衿テープ,しまむら,合格,合格,,
Q2726001127,2026-01-20,2026-01-23,?庄超越&#38024;&#32455;制衣有限公司,キッズカジュアル,,キッズカジュアル,G5630BR ,Tシャツ,03ピンク,しまむら,,合格,,
61026001625,2026-01-20,2026-01-22,上海昊客商&#36152;有限公司,,,?山,RT632MZ ,生地(ロンパース),10オフホワイト本体、15ブラウンリブ、17モカチャ本体、65ブルーリブ,しまむら,合格,,,
Q2726001030,2026-01-20,2026-01-23,?庄超越&#38024;&#32455;制衣有限公司,キッズカジュアル,,キッズカジュアル,F5630BR ,Tシャツ,65ブルー,しまむら,,合格,,
61026001750,2026-01-20,2026-02-03,江?嘉晟&#36827;出口&#36152;易有限公司,岡山,,唐木
,5G6218Q ,,05レッド、25オレンジ、55グリーン,しまむら,合格,合格,,
61026001623,2026-01-20,2026-01-22,上海昊客商&#36152;有限公司,,,?山,RT631MZ ,生地(ロンパース),15ブラウン本体、15ブラウンリブ、65ブルー本体、65ブルーリブ、N8クロ本体、N8クロリブ,しまむら,合格,,,
61526001975,2026-01-20,2026-01-22,上海&#39134;&#39532;&#36827;出口有限公司,岡山,,飼田,R4630BR/R4631BR ,,10オフホワイト、63サックス、N2オートミール、N7チャコール,しまむら,合格,,,
61026001748,2026-01-20,2026-01-22,祥安服装如&#19996;有限公司,岡山,,平松,B2613SR ,ウラメンハニカムBB,N9ブラック、N9ブラック シルバーゴム、N9ブラック本体,しまむら,合格,合格,,
61026001740,2026-01-20,2026-01-22,上海昊客商&#36152;有限公司,,,?山
,R9630PZ ,,14ベージュ、14ベージュ本体、63サックス、67ネイビー、67ネイビー本体、ネイビー刺繍、レッド刺繍,しまむら,,合格,,
61026001720,2026-01-20,2026-01-22,上海昊客商&#36152;有限公司,,,?山,F4630CZ ,生地(パンツ),05レッド、54エメグリーン、55グリーン、64スカイブルー、83パープル,しまむら,合格,,,
61026001728,2026-01-20,2026-01-22,祥安服装如&#19996;有限公司,岡山,,平松,B2631CQ  No.1/2:CNA4732  No.3/4:CNB6055 ,生地(コンバーズ ナイロンベア天 紳士1Pボクサー),03ピンク、54エメグリーン、67ネイビー、N9ブラック,しまむら,合格,,,
61026001734,2026-01-20,2026-01-22,祥安服装如&#19996;有限公司,岡山,,平松,BW6D2CR ,2PウラメンハニカムBB,67ネイビー、67ネイビー本体、N9ブラック、N9ブラック本体、カーキゴム、グレーゴム,しまむら,合格,合格,,
Q2726001034,2026-01-20,2026-01-22,青&#23707;屹??工&#36152;有限?任公司,レディ－スカジュアル,,レディ-スカジュアル,J5631TR ,フクレジャガードBDグループネック7分袖,03、65,しまむら,合格,,,
61026001739,2026-01-20,2026-01-21,如皋帝晨服&#39280;有限公司,岡山,,松陰,20631CA ,,N9ブラック、グレー背首テープ、グレーゴム、ブラックPTテープ、ブラック本体、ブラックリブ,しまむら,合格,合格,,
61026001553,2026-01-19,2026-01-21,祥安服装如&#19996;有限公司,岡山,,平松,B2614SR ,,製品、ブラック本体、ブラックゴム,しまむら,合格,合格,,
61026001517,2026-01-19,2026-01-21,上海昊客商&#36152;有限公司,,,?山,RT532MZ ,生地(カバーオール),65ブルー裏毛、66ブルーグレーリブ,しまむら,合格,,,
61026001549,2026-01-19,2026-01-21,祥安服装如&#19996;有限公司,岡山,,平松,B2612SR ,EベアカチオンモクBB,03ピンク本体、N7チャコール本体、製品、グレーゴム、ピンクゴム,しまむら,合格,合格,,
61026001523,2026-01-19,2026-01-21,上海昊客商&#36152;有限公司,,,?山,G5631PZ ,生地(半袖Tシャツ),13アイボリー天竺、13アイボリーリブ、N3グレー天竺、N3グレーリブ,しまむら,合格,,,
61026001471,2026-01-19,2026-01-21,祥安服装如&#19996;有限公司,岡山,,平松,TH622SQ/TH621SQ  
CNA4732 ,,N0ホワイト、N9ブラック,しまむら,合格,,,
61026001529,2026-01-19,2026-01-21,上海昊客商&#36152;有限公司,,,?山,RT630PR ,,14ベージュ、N2オートミール、ネイビー刺繍,しまむら,合格,合格,,
61026001525,2026-01-19,2026-01-21,上海昊客商&#36152;有限公司,,,?山
,F5633WZ ,,67ネイビー、ネイビーリブ,しまむら,合格,合格,,
61026001557,2026-01-19,2026-01-21,祥安服装如&#19996;有限公司,岡山,,平松,BW6B18Z ,マインクラフト　男児2Pボクサー,67ネイビー、67ネイビー ターコゴム、67ネイビー本体、N9ブラック、N9ブラック オレンジゴム、N9ブラック本体,しまむら,合格,合格,,
61026001555,2026-01-19,2026-01-21,上海昊客商&#36152;有限公司,,,?山,F5634WZ ,半袖T,N8クロリブ、製品、オレンジ刺繍,しまむら,合格,合格,,
61026001551,2026-01-19,2026-01-21,南通?川服飾有限公司,,,,Y563XMA ,アメスリタンクトップ,55グリーン本体、製品、ベージュ天竺裏地,しまむら,合格,合格,,
61026001562,2026-01-19,2026-01-21,祥安服装如&#19996;有限公司,岡山,,平松,BW6D18Z/CNB4143/CNB6056/CNB5916 ,,64スカイブルー、67ネイビー、N3グレー(柄)、N3グレー別布,しまむら,合格,,,
Q2726000996,2026-01-19,2026-01-22,高密市明&#35802;服&#39280;有限公司,アンダーウェア,,婦人アンダーウェア　笹田,9H623QR ,スタンダードショーツ,紺ゴム、赤ゴム、黒×紺製品、黒×赤製品、黒本体、黒クロッチ　、黒テープ、アイボリー
クロッチ　、アイボリー
テープ、アイボリー製品,しまむら,合格,合格,,
Q2726000998,2026-01-19,2026-01-22,高密市明&#35802;服&#39280;有限公司,アンダーウェア,,婦人アンダーウェア　笹田,9H621QR ,スタンダードショーツ,黄製品、黄ゴム、黒本体、黒犬×本柄製品、黒犬×カップ柄製品、黒クロッチ、黒テープ、アイボリークロッチ、アイボリーテープ,しまむら,合格,合格,,
Q2726000993,2026-01-19,2026-01-22,&#35832;城方利制衣有限公司,アンダーウェア,,婦人アンダーウェア　笹田,95624ER ,ハーフトップ+ショーツ,N0ショーツ、N0ハーフトップ、N3ショーツ、N3ハーフトップ、N9ショーツ、N9ハーフトップ、白刺繍、緑刺繍、赤刺繍、黒×白ゴム、黒本体,しまむら,合格,合格,,
Q2726000986,2026-01-19,2026-01-21,高密亨利制衣有限公司,アンダーウェア,,婦人アンダーウェア　笹田,9H62ALR/9H624XR/9H6264R/9H622RR ,ショーツ,白×赤9H624XR、白×黄9H624XR、白×黒(CECIL)9H6264R、白×ブルー9H624XR、黒×白(DODGERS)9H62ALR、黒×白(PADRES)9H62ALR、黒×白(YANKEES)9H62ALR、チャコール×白(REEBOK)9H622RR、チャコール×黒(REEBOK)9H622RR、チャコール×ベージュ(REEBOK)9H622RR,しまむら,合格,,,
Q2726000991,2026-01-19,2026-01-22,高密市?&#21326;美制衣有限公司,アンダーウェア,,婦人アンダーウェア　笹田,9G620HR ,ショーツ,17モカチャ、N7チャコール、N9ブラック,しまむら,,合格,,
Q2726001000,2026-01-19,2026-01-22,高密市明&#35802;服&#39280;有限公司,アンダーウェア,,婦人アンダーウェア　笹田,9H625QR ,スタンダードショーツ,白×紺ゴム、白×ブルーゴム、黒本体、黒犬柄製品、黒クロッチ、黒テープ、黒ドーナツ柄製品、サックス製品、サックスクロッチ、サックステープ,しまむら,合格,合格,,
Q2726001087,2026-01-19,2026-01-22,Grand Concord Garment(Hong Kong) Limited&#35832;城裕泰&#38024;&#32455;有限公司（广豪）,アンダーウェア,,婦人アンダーウェア　笹田,9L62FLR ,ハーフトップ+ショーツ,10ショーツ、10ハーフトップ、67ショーツ、67ハーフトップ、N9ショーツ、N9ハーフトップ、白×黒ゴム、紺×白ゴム、紺クロッチ、紺バインダー、黒×白ゴム、黒本体、黒バインダー,しまむら,合格,合格,,
Q2726001099,2026-01-19,2026-01-20,Grand Concord Garment(Hong Kong) Limited&#35832;城裕泰&#38024;&#32455;有限公司（广豪）,アンダーウェア,,婦人アンダーウェア　笹田,9L620CR/9L621CR/9L622CR/9L623CR/9L624CR ,生地,N3クロッチ、N9クロッチ,しまむら,合格,,,
Q2726001083,2026-01-19,2026-01-22,Grand Concord Garment(Hong Kong) Limited&#35832;城裕泰&#38024;&#32455;有限公司（广豪）,アンダーウェア,,婦人アンダーウェア　笹田,9M625HR ,タンクトップ,17製品、N7製品、N9製品、N9身生地、チャコールレース、ブラックレース、モカチャレース,しまむら,合格,合格,,
Q2726001002,2026-01-19,2026-01-22,青&#23707;&#31166;金源&#32463;&#36152;有限公司（??&#21326;源）(青&#23707;恒新山),キッズカジュアル,,キッズカジュアル,G5637UR ,Tシャツ,03製品、赤テープ、ピンクリブ,しまむら,合格,合格,,
Q2726001070,2026-01-19,2026-01-21,青&#23707;&#31166;金源&#32463;&#36152;有限公司（??&#21326;源）(青&#23707;恒新山),レディ－スカジュアル,,レディ-スカジュアル,Y563VMA ,生地,白刺、黄刺、黒刺,しまむら,合格,,,
Q2726000902,2026-01-19,2026-01-22,青&#23707;&#31166;金源&#32463;&#36152;有限公司（??&#21326;源）(青&#23707;恒新山),レディ－スカジュアル,,レディ-スカジュアル,Y5620ZA ,Tシャツ,N0ホワイト,しまむら,,合格,,
Q2726000904,2026-01-19,2026-01-21,青&#23707;&#31166;金源&#32463;&#36152;有限公司（??&#21326;源）(青&#23707;恒新山),メンズカジュアル,,メンズカジュアル,C5632RR ,生地,66身生地、66リブ、N7身生地、N7リブ,しまむら,合格,,,
Q2726000729,2026-01-19,2026-01-21,青&#23707;&#31166;金源&#32463;&#36152;有限公司（??&#21326;源）(青&#23707;恒新山),子供ナイティー,,子供ナイティー,6762YJR ,パジャマ,63製品、白シックテープ、ネイビー袖別布、ネイビーリブ,しまむら,合格,合格,,
61526001735,2026-01-19,2026-01-19,上海&#39134;&#39532;&#36827;出口有限公司,岡山,,飼田,F5636QZ ,,14ベージュ本体、14ベージュリブ、63サックス本体、63サックスリブ、ブラックテープ、レッドワッペン,しまむら,合格,,,
Q2726000772,2026-01-19,2026-01-21,山&#19996;??服装有限公司（&#21326;派）,レディ－スカジュアル,,レディ-スカジュアル,Y5621AA ,婦人シャツ,N2オートミール,しまむら,,合格,,
Q2726000921,2026-01-19,2026-01-22,青&#23707;&#31166;金源&#32463;&#36152;有限公司（??&#21326;源）(青&#23707;恒新山),子供ナイティー,,子供ナイティー,67620AR ,パジャマ,N3製品、白シックテープ、黒本体、サックスリブ、パープル
リブ,しまむら,合格,合格,,
Q2726000975,2026-01-19,2026-01-21,青&#23707;&#31166;金源&#32463;&#36152;有限公司（??&#21326;源）(青&#23707;恒新山),メンズカジュアル,,メンズカジュアル,C5636MA/C5637MA/C5638MA/C5639MA/C563FMA/C563GMA ,生地,15、65、N0、N9,しまむら,合格,,,
Q2726000978,2026-01-19,2026-01-21,青&#23707;&#31166;金源&#32463;&#36152;有限公司（??&#21326;源）(青&#23707;恒新山),キッズカジュアル,,キッズカジュアル,R4632PZ ,生地,67、N2、N3,しまむら,合格,,,
Q2726000979,2026-01-19,2026-01-22,青&#23707;&#31166;金源&#32463;&#36152;有限公司（??&#21326;源）(青&#23707;恒新山),キッズカジュアル,,キッズカジュアル,G5638UR ,シャツ,03製品、黒リボン、ピンクリブ,しまむら,合格,合格,,
Q2726000961,2026-01-19,2026-01-21,青&#23707;&#31166;金源&#32463;&#36152;有限公司（??&#21326;源）(青&#23707;恒新山),キッズカジュアル,,キッズカジュアル,F5634YR ,生地,N0総柄本体、N0リブ,しまむら,合格,,,
Q2726000959,2026-01-19,2026-01-21,青&#23707;&#31166;金源&#32463;&#36152;有限公司（??&#21326;源）(青&#23707;恒新山),キッズカジュアル,,キッズカジュアル,F5635YR ,生地,N9身生地、N9リブ,しまむら,合格,,,
Q2726000924,2026-01-19,2026-01-21,青&#23707;&#31166;金源&#32463;&#36152;有限公司（??&#21326;源）(青&#23707;恒新山),子供ナイティー,,子供ナイティー,6762UJR/6762VAR/6762WCR/6762XHR/6762YAR/6762ZHR/6762ZYR ,パジャマ,05-2、15-2、35-3、60-1、63総柄、65-2、65-3、67A、67B、68-3、N1A、N1総柄、N3A、N3総柄、N9,しまむら,合格,,,
Q2726000969,2026-01-19,2026-01-22,青&#23707;&#31166;金源&#32463;&#36152;有限公司（??&#21326;源）(青&#23707;恒新山),レディ－スカジュアル,,レディ-スカジュアル,Y5635MR ,婦人Tシャツ,N9本体、N9製品、白刺繍、キイロ刺繍、グレー衿テープ、ネイビー刺、ブラック
衿テープ、ブラウン
衿テープ,しまむら,合格,合格,,
61526001687,2026-01-16,2026-01-20,上海&#39134;&#39532;&#36827;出口有限公司,岡山,,飼田,F5631MR ,,15ブラウン天竺、15ブラウンリブ、65ブルー天竺、65ブルーリブ、N9ブラック天竺、N9ブラックリブ、クロ×シロ系ワッペン,しまむら,合格,,,
Q2726000877,2026-01-16,2026-01-20,青&#23707;伊美瑛国&#38469;&#36152;易有限公司,レディ－スカジュアル,,レディ-スカジュアル,Y4622DR ,パンツ,N1アイスグレー製品、白シックテープ,しまむら,,合格,,
Q2726000865,2026-01-16,2026-01-20,青&#23707;伊美瑛国&#38469;&#36152;易有限公司,レディ－スカジュアル,,レディ-スカジュアル,Y4624DR ,パンツ,N1製品、白シックテープ,しまむら,,合格,,
Q2726000863,2026-01-16,2026-01-20,青&#23707;伊美瑛国&#38469;&#36152;易有限公司,レディ－スカジュアル,,レディ-スカジュアル,Y4622WR ,パンツ,82本体、82製品、白シックテープ,しまむら,合格,合格,,
Q2726000867,2026-01-16,2026-01-20,青&#23707;伊美瑛国&#38469;&#36152;易有限公司,レディ－スカジュアル,,レディ-スカジュアル,Y4620DR ,パンツ,N1製品、白シックテープ,しまむら,,合格,,
Q2726000871,2026-01-16,2026-01-20,青&#23707;伊美瑛国&#38469;&#36152;易有限公司,レディ－スカジュアル,,レディ-スカジュアル,Y4620AR ,パンツ,N1アイスグレー製品、白シックテープ,しまむら,,合格,,
Q2726000875,2026-01-16,2026-01-20,青&#23707;伊美瑛国&#38469;&#36152;易有限公司,レディ－スカジュアル,,レディ-スカジュアル,Y4620GR ,パンツ,63サックス製品、白シックテープ,しまむら,,合格,,
Q2726000869,2026-01-16,2026-01-20,青&#23707;伊美瑛国&#38469;&#36152;易有限公司,レディ－スカジュアル,,レディ-スカジュアル,Y4621DR ,パンツ,14ベージュ製品、白シックテープ,しまむら,,合格,,
Q2726000789,2026-01-16,2026-01-20,青&#23707;&#31166;金源&#32463;&#36152;有限公司（??&#21326;源）(青&#23707;恒新山),レディ－スカジュアル,,レディ-スカジュアル,Y563SMA ,刺繍,白、紺、黄、黒、ピンク,しまむら,合格,,,
Q2726000842,2026-01-16,2026-01-20,青&#23707;&#31166;金源&#32463;&#36152;有限公司（??&#21326;源）(青&#23707;恒新山),レディ－スカジュアル,,レディ-スカジュアル,Y5620XA ,半袖T,67製品、ブラック本体、ブラックリブ,しまむら,合格,合格,,
Q2726000788,2026-01-16,2026-01-20,青&#23707;&#31166;金源&#32463;&#36152;有限公司（??&#21326;源）(青&#23707;恒新山),レディ－スカジュアル,,レディ-スカジュアル,Y563QMA ,刺繍,紺、黄、黒、サックス、ピンク,しまむら,合格,,,
Q2726000844,2026-01-16,2026-01-20,青&#23707;&#31166;金源&#32463;&#36152;有限公司（??&#21326;源）(青&#23707;恒新山),レディ－スカジュアル,,レディ-スカジュアル,Y563PMA/Y563TMA/Y5621MA/Y564FMA/Y563UMA ,アップリケ刺繍,白×黒(NY)、紫×白(LA)、黄×白
(SD)、黄緑×白
(LA)、黒×白
(LA/NY)、ネイビー×白
(LA)、ピンク×白
(LA)、ピンク×白
(NY/LA)、ピンク×黒
(LA/SQX)、ベージュ×白(LA/NY)、ライトブルー×白(LA),しまむら,合格,,,
Q2726000852,2026-01-16,2026-01-21,青&#23707;&#31166;金源&#32463;&#36152;有限公司（??&#21326;源）(青&#23707;恒新山),キッズカジュアル,,キッズカジュアル,RT63KPZ ,ロンパース,N0製品、N2製品、N3製品、白リブ、オートミールリブ、グレーリブ,しまむら,合格,合格,,
Q2726000846,2026-01-16,2026-01-20,青&#23707;&#31166;金源&#32463;&#36152;有限公司（??&#21326;源）(青&#23707;恒新山),キッズカジュアル,,キッズカジュアル,F5632UR/F5633UR/G5639UR ,T SHIRT,03C、03D、05、35、55B、55C、55D、65、65B、83B、紫×ブルー×キイロ、紫×ブルー×ローズ、ピンク×ラベンダー×ブルー,しまむら,合格,,,
Q2726000947,2026-01-16,2026-01-20,青&#23707;伊美瑛国&#38469;&#36152;易有限公司,レディ－スカジュアル,,レディ-スカジュアル,Y4623DR ,パンツ,N9ブラック本体、白シックテープ,しまむら,合格,合格,,
Q2726000898,2026-01-16,2026-01-21,青&#23707;&#31166;金源&#32463;&#36152;有限公司（??&#21326;源）(青&#23707;恒新山),キッズカジュアル,,キッズカジュアル,RT633PZ ,ロンパース,03製品、03リブ、14製品、14リブ、67製品、67リブ、N2製品、N2リブ、N3製品、N3リブ、黄刺繍,しまむら,合格,合格,,
Q2726000896,2026-01-16,2026-01-21,青&#23707;&#31166;金源&#32463;&#36152;有限公司（??&#21326;源）(青&#23707;恒新山),キッズカジュアル,,キッズカジュアル,RT632PZ ,ロンパース,14製品、N0製品、N3製品、白リブ、紺×白
アップリケ刺繍、グレーリブ、ベージュリブ,しまむら,合格,合格,,
Q2726000949,2026-01-16,2026-01-20,伊藤忠??&#36152;易(中国)有限公司青&#23707;分公司,レディ－スカジュアル,,レディ-スカジュアル,U3621TR/U3622TR(T4070705-16S) ,生地,14、N9,しまむら,合格,,,
Q2726000894,2026-01-16,2026-01-20,&#35832;城方利制衣有限公司,アンダーウェア,,婦人アンダーウェア　笹田,9N625HR/9N626HR ,生地,03本体、03ゴム1.5?、10本体、10ゴム1.5?、N9本体、N9ゴム1.5?、黒カップ、ベージュ
カップ,しまむら,合格,,,
Q2726000886,2026-01-16,2026-01-21,&#35832;城方利制衣有限公司,アンダーウェア,,婦人アンダーウェア　笹田,95623XR ,ハーフトップ&ショーツ,N0ホワイト
ショーツ、N0ホワイト
ハーフトップ、N9ブラック
ショーツ、N9ブラック
ハーフトップ、黒本体、ブルーゴム,しまむら,合格,合格,,
Q2726000884,2026-01-16,2026-01-20,&#35832;城方利制衣有限公司,アンダーウェア,,婦人アンダーウェア　笹田,956254R ,ハーフトップ+ショーツ,03ピンク
ショーツ、03ピンク
ハーフトップ、N3グレー
ショーツ、N3グレー
ハーフトップ、N9ブラック
ショーツ、N9ブラック
ハーフトップ、黒×白ゴム、黒本体,しまむら,合格,合格,,
Q2726000879,2026-01-16,2026-01-20,青&#23707;伊美瑛国&#38469;&#36152;易有限公司,レディ－スカジュアル,,レディ-スカジュアル,Y4621AR ,パンツ,N7チャコール本体、白シックテープ,しまむら,合格,合格,,
Q2726000888,2026-01-16,2026-01-20,&#35832;城方利制衣有限公司,アンダーウェア,,婦人アンダーウェア　笹田,956244R ,CECIL女児 ハーフトップ&ショーツ,N0ショーツ、N0ハーフトップ、N3ショーツ、N3ハーフトップ、N9身生地、N9ショーツ、N9ハーフトップ,しまむら,合格,合格,,
Q2726000892,2026-01-16,2026-01-21,&#35832;城方利制衣有限公司,アンダーウェア,,婦人アンダーウェア　笹田,95620RR ,ハーフトップ+ショーツ,N0ホワイト
ショーツ、N0ホワイト
ハーフトップ、N9ブラック
ショーツ、N9ブラック
ハーフトップ、黒×白ゴム、黒本体,しまむら,合格,合格,,
Q2726000890,2026-01-16,2026-01-24,&#35832;城方利制衣有限公司,アンダーウェア,,婦人アンダーウェア　笹田,95620CR ,ハーフトップ+ショーツ,N0ショーツ、N0ハーフトップ、N9ショーツ、N9ハーフトップ、白×黒ゴム、白バインダー、黒本体、黒肩ゴム、黒バインダー,しまむら,合格,合格,,
61026001383,2026-01-16,2026-01-20,南通?川服飾有限公司,,,,Y563KMA ,,N9ブラック本体、製品N9ブラック,しまむら,合格,合格,,
Q2726000653,2026-01-16,2026-01-20,青&#23707;&#31166;金源&#32463;&#36152;有限公司（??&#21326;源）(青&#23707;恒新山),メンズカジュアル,,メンズカジュアル,C5621MA ,紳士シャツ,白刺繍、紺×赤
ワッペン、黄刺繍、黒×白
衿テープ、黒本体、黒リブ、ブルー刺繍,しまむら,合格,合格,,
61026001393,2026-01-16,2026-01-23,上海昊客商&#36152;有限公司,,,?山,E5630RZ ,,N1アイスグレー、N1アイスグレーリブ、N9ブラック、N9ブラック本体、N9ブラックリブ、製品:N9ブラック、ブラックテープ,しまむら,合格,合格,,
61026001418,2026-01-16,2026-01-20,上海昊客商&#36152;有限公司,,,?山,E5631RZ ,丸首半袖T,N9ブラック本体、N9ブラックテープ、N9ブラックリブ、製品,しまむら,合格,合格,,
Q2726000656,2026-01-16,2026-01-20,青&#23707;&#31166;金源&#32463;&#36152;有限公司（??&#21326;源）(青&#23707;恒新山),メンズカジュアル,,メンズカジュアル,C5622MA ,紳士シャツ,N9C製品、紺×赤
ワッペン、黒×白
衿テープ、黒本体、黒リブ,しまむら,合格,合格,,
Q2726000658,2026-01-15,2026-01-19,青&#23707;&#31166;金源&#32463;&#36152;有限公司（??&#21326;源）(青&#23707;恒新山),キッズカジュアル,,キッズカジュアル,RT63PPZ ,ブルマ,10製品、14製品、N7製品、紺肩紐、アイボリー
釦テープ、チャコール
釦テープ、ネイビー
背叉テープ、ベージュ
釦テープ,しまむら,合格,合格,,
Q2726000763,2026-01-15,2026-01-22,青&#23707;&#31166;金源&#32463;&#36152;有限公司（??&#21326;源）(青&#23707;恒新山),メンズカジュアル,,メンズカジュアル,C5631MR ,T SHIRT,N9製品、紺×赤
ワッペン、黒×白
衿テープ,しまむら,合格,合格,,
Q2726000762,2026-01-15,2026-01-19,青&#23707;&#31166;金源&#32463;&#36152;有限公司（??&#21326;源）(青&#23707;恒新山),キッズカジュアル,,キッズカジュアル,GS630MR/G5631MR ,生地,15C100天竺、15TC天竺、15裏毛、63C100天竺、63TC天竺、63裏毛、N7C100天竺、N7TC天竺、N7裏毛、白レース,しまむら,合格,,,
Q2726000660,2026-01-15,2026-01-19,Grand Concord Garment(Hong Kong) Limited&#35832;城裕泰&#38024;&#32455;有限公司（广豪）,アンダーウェア,,婦人アンダーウェア　笹田,9K625DR ,ハーフトップ,10製品、10テープ、N3製品、N3テープ、N9製品、N9テープ、白メッシュ、黒
下バインダー、黒×白内ゴム、黒×白裾ゴム、黒本体、黒カップ、黒メッシュ、ベージュ
下バインダー、ベージュカップ,しまむら,合格,合格,,
61026001314,2026-01-15,2026-01-19,南通?川服飾有限公司,,,,Y563HMA ,ハーフトップキャミ,N9ブラック天竺、N9ブラック本体、製品,しまむら,合格,合格,,
61526001524,2026-01-15,2026-01-23,上海&#39134;&#39532;&#36827;出口有限公司,岡山,,飼田,F5630MZ/F5632MZ ,,10オフホワイト天竺、15ブラウン天竺、15ブラウンリブ、17モカチャ天竺、65ブルー天竺、65ブルーリブ、67ネイビー天竺、67ネイビーリブ、N1アイスグレー、N1アイスグレー天竺、N2オートミール天竺、N9ブラック天竺、N9ブラックリブ,しまむら,合格,,,
61526001525,2026-01-15,2026-01-23,上海&#39134;&#39532;&#36827;出口有限公司,岡山,,飼田,RT631QZ/RT632QZ ,,05レッド天竺、05レッドリブ、14ベージュ天竺、14ベージュリブ、39マスタード天竺、39マスタードリブ、53モスグリーン天竺、53モスグリーンリブ、67ネイビー天竺、67ネイビーリブ、N3グレー(杢)天竺、N3グレーリブ、レッドワッペン,しまむら,合格,,,
61026001316,2026-01-15,2026-01-19,南通?川服飾有限公司,,,,Y563GMA ,,N9ブラック天竺、N9ブラック本体、製品,しまむら,合格,合格,,
61026001323,2026-01-15,2026-01-19,南通?川服飾有限公司,,,,Y563JMA ,ショート丈T,N9ブラック本体、製品、オフホワイト綾テープ,しまむら,合格,合格,,
61026001242,2026-01-15,2026-01-16,天??&#40511;国&#38469;&#36152;易(上海)有限公司,岡山,,高木,1S5508R ,,,,,合格,,
61026001247,2026-01-15,2026-01-19,天??&#40511;国&#38469;&#36152;易(上海)有限公司,岡山,,高木,1S6231A ,,,しまむら,,合格,,
61026001246,2026-01-15,2026-01-19,天??&#40511;国&#38469;&#36152;易(上海)有限公司,岡山,,高木,1S630CB ,,,しまむら,,合格,,
61026001245,2026-01-15,2026-01-19,天??&#40511;国&#38469;&#36152;易(上海)有限公司,岡山,,高木,1S6888B ,,,しまむら,,合格,,
Q2726000731,2026-01-15,2026-01-21,青&#23707;&#31166;金源&#32463;&#36152;有限公司（??&#21326;源）(青&#23707;恒新山),子供ナイティー,,子供ナイティー,6762WAR ,パジャマ,55製品、白シックテープ、グレーリブ,しまむら,合格,合格,,
61026001244,2026-01-15,2026-01-19,天??&#40511;国&#38469;&#36152;易(上海)有限公司,岡山,,高木,1S605WB ,,,しまむら,,合格,,
61026001243,2026-01-15,2026-01-19,天??&#40511;国&#38469;&#36152;易(上海)有限公司,岡山,,高木,1S601WR ,,,しまむら,,合格,,
61026001328,2026-01-15,2026-01-19,南通?川服飾有限公司,,,,Y563LMA ,ショート丈T,N9ブラック、N9ブラック本体,しまむら,合格,合格,,
61026001337,2026-01-15,2026-01-19,如皋帝晨服&#39280;有限公司,岡山,,伊藤,20631NA ,,67ネイビー、N7チャコール、N7チャコール本体、N7チャコールリブ、黒肩テープ、黒ワッペン、グレー後衿/腰テープゴム、チャコールスピンドル,しまむら,合格,合格,,
61526001517,2026-01-15,2026-01-19,上海&#39134;&#39532;&#36827;出口有限公司,岡山,,飼田,F5630RZ/F5631RZ/F5632RZ/F5633RZ/G5630RZ ,,63サックス天竺、63サックスリブ、67ネイビー天竺、67ネイビーリブ、N2オートミール天竺、N2オートミールリブ、N9ブラック天竺、N9ブラックリブ、NOホワイト天竺、NOホワイトリブ、ブラックプリントニットテープ,しまむら,合格,,,
61026001318,2026-01-15,2026-01-19,南通?川服飾有限公司,,,,Y563DMA ,,N9ブラック本体、N9ブラックリブ、製品,しまむら,合格,合格,,
Q2726000782,2026-01-15,2026-01-19,青&#23707;呈?服装有限公司,レディ－スカジュアル,,レディ-スカジュアル,Y9628MA ,半袖シャツ,63A本体,しまむら,合格,合格,,
Q2726000780,2026-01-15,2026-01-19,青&#23707;呈?服装有限公司,レディ－スカジュアル,,レディ-スカジュアル,Y9626MA ,長袖シャツ,63B本体、63B製品,しまむら,合格,合格,,
Q2726000784,2026-01-15,2026-01-19,青&#23707;呈?服装有限公司,レディ－スカジュアル,,レディ-スカジュアル,Y9627MA ,長袖シャツ,03ピンク本体、03ピンク製品,しまむら,合格,合格,,
Q2726000835,2026-01-15,2026-01-19,Grand Concord Garment(Hong Kong) Limited&#35832;城裕泰&#38024;&#32455;有限公司（广豪）,アンダーウェア,,婦人アンダーウェア　笹田,9L629RR/9N62DRR ,生地,63、N9,しまむら,合格,,,
Q2726000799,2026-01-15,2026-01-19,山&#19996;省&#28493;坊市&#36827;出口有限公司,子供ナイティー,,子供ナイティー,7663HJR/7663FWR ,パジャマ,03、10、13、14-8,しまむら,合格,,,
Q2726000786,2026-01-15,2026-01-19,青&#23707;屹??工&#36152;有限?任公司,レディ－スカジュアル,,レディ-スカジュアル,J5630TR ,フクレジャガード無地チビハイネック7分,14、66,しまむら,合格,,,
Q2726000768,2026-01-15,2026-01-19,青&#23707;&#31166;金源&#32463;&#36152;有限公司（??&#21326;源）(青&#23707;恒新山),キッズカジュアル,,キッズカジュアル,F5630CZ.F5631CZ.RT631CZ.RT630CZ ,Tシャツ,01、03、05、10、35、54、55、64、65、67、83,しまむら,合格,,,
61026001300,2026-01-15,2026-01-19,祥安服装如&#19996;有限公司,岡山,,平松,BW6E1EZ ,,67ネイビー(B-1)、67ネイビー本体、N9ブラック(A-1)、N9ブラック(A-2)、N9ブラック(B-2)、N9ブラック本体、ネイビーゴム、ブラックゴム、ブラウンゴム、ブルーゴム,しまむら,合格,合格,,
61026001253,2026-01-15,2026-01-20,上海涵浚?&#19994;有限公司,岡山,,小野寺,1Z6309A ,,,しまむら,,合格,,
61026001298,2026-01-15,2026-01-19,如皋帝晨服&#39280;有限公司,岡山,,伊藤,20621NA ,パジャマ,67ネイビー本体、67ネイビーリブ、製品67ネイビー、グレーテープ、ブラックワッペン,しまむら,合格,合格,,
61026001219,2026-01-14,2026-01-19,南通?川服飾有限公司,,,,Y563BMA ,ハーフトップキャミ,N9A ブラックA、N9A ブラックA天竺、N9A ブラックA本体,しまむら,合格,合格,,
61026001231,2026-01-14,2026-01-16,南通?川服飾有限公司,,,,Y563EMA ,ハーフトップキャミソール,製品、ブラック本体、ブラック裏地天竺,しまむら,合格,合格,,
61026001222,2026-01-14,2026-01-16,上海涵浚?&#19994;有限公司,岡山,,小野寺,1T6209A ,生地(ぬいぐるみリュック),白テープ、イエローボア表地、ブラック細テープ、ブラックテープ、ブルーテープ、ベージュ表地、ホワイト裏地、ホワイトボア表地、ラベンダーボア表地,しまむら,合格,,,
61026001227,2026-01-14,2026-01-16,南通?川服飾有限公司,,,,Y5639MA ,,67ネイビー本体、67ネイビー本体天竺、製品,しまむら,合格,合格,,
61026001229,2026-01-14,2026-01-16,南通?川服飾有限公司,,,,Y563FMA ,ハーフトップ,N9ブラック本体、N9ブラック裏地、製品:N9ブラック,しまむら,合格,合格,,
Q2726000759,2026-01-14,2026-01-16,青&#23707;&#31166;金源&#32463;&#36152;有限公司（??&#21326;源）(青&#23707;恒新山),レディ－スカジュアル,,レディ-スカジュアル,Y564BMA/Y5640MA ,ベロアアップリケ,イエロー(SD)、サックス(LA)、ネイビー(LA)、ピンク
(NY/LA)、ブラック(NY),しまむら,合格,,,
Q2726000752,2026-01-14,2026-01-16,青&#23707;&#31166;金源&#32463;&#36152;有限公司（??&#21326;源）(青&#23707;恒新山),子供ナイティー,,子供ナイティー,6X6208R/6X621JR ,タオルケット,13 
6X6208R、13 
6X621JR、33 
6X621JR、63 
6X6208R,しまむら,合格,,,
Q2726000750,2026-01-14,2026-01-16,Grand Concord Garment(Hong Kong) Limited&#35832;城裕泰&#38024;&#32455;有限公司（广豪）,アンダーウェア,,婦人アンダーウェア　笹田,9L62RER/9N627HR/9N628HR/9N629HR ,生地,10、67、N9,しまむら,合格,,,
61026001201,2026-01-14,2026-01-16,南通?川服飾有限公司,,,,Y563CMA ,カップ付きタンク,N9ブラック、N9ブラック天竺、N9ブラック本体,しまむら,合格,合格,,
Q2726000509,2026-01-14,2026-01-16,&#35832;城方利制衣有限公司,アンダーウェア,,婦人アンダーウェア　笹田,9N624HR ,カップ付きノースリーブ,14製品、N3製品、N9本体、N9製品、白マーキ、黒下バインダー、黒マーキ、ベージュカップ下バインダー,しまむら,合格,合格,,
Q2726000699,2026-01-14,2026-01-16,&#23425;波日恒&#36827;出口有限公司,レディ－スカジュアル,,レディ-スカジュアル,Y5636RR ,生地,N0、N9,しまむら,合格,,,
61026001235,2026-01-14,2026-01-16,南通?川服飾有限公司,,,,Y563AMA ,アメスリタンクトップ,N9ブラック前身裏、N9ブラック本体、製品,しまむら,合格,合格,,
61026001192,2026-01-14,2026-01-16,南通?川服飾有限公司,,,,Y563NMA ,ショート丈T,N9ブラック本体、製品,しまむら,合格,合格,,
Q2726000679,2026-01-14,2026-01-16,青&#23707;&#31166;金源&#32463;&#36152;有限公司（??&#21326;源）(青&#23707;恒新山),レディ－スカジュアル,,レディ-スカジュアル,Y6621ZR ,ジップパーカー,68本体、68製品、白前刺繍、白レース
アップリケ刺繍、グレー
ファスナーテープ、グレー衿テープ、ネイビー
衿テープ、ネイビー
ファスナーテープ,しまむら,合格,合格,,
Q2726000650,2026-01-14,2026-01-16,&#35832;城方利制衣有限公司,アンダーウェア,,婦人アンダーウェア　笹田,926200R ,ショーツ,アイボリー、ピンク,しまむら,,合格,,
Q2726000726,2026-01-14,2026-01-16,山&#19996;省&#28493;坊市&#36827;出口有限公司,紳士ナイティー,,紳士ナイティー,116210R/116240R ,パジャマ,67大格子、67小格子,しまむら,合格,,,
61026001079,2026-01-14,2026-01-28,海&#23425;宇力&#19994;有限公司,岡山,,唐木,5K6A68R ,,25オレンジ、52ターコ,しまむら,合格,合格,,
Q2726000491,2026-01-14,2026-01-16,青&#23707;&#31166;金源&#32463;&#36152;有限公司（??&#21326;源）(青&#23707;恒新山),子供ナイティー,,子供ナイティー,6662U4R ,パジャマ,05上衣身頃、05製品、05フード前部分、35上衣身頃、35製品、35フード前部分、N3上衣身頃、N3製品、N3フード前部分、黒本体,しまむら,合格,合格,,
61526001272,2026-01-14,2026-01-16,上海&#39134;&#39532;&#36827;出口有限公司,岡山,,飼田,E2630WR ,Tシャツ+ショートパンツ,N9ブラック本体、N9ブラック柄、製品,しまむら,合格,合格,,
Q2726000675,2026-01-14,2026-01-21,青&#23707;&#31166;金源&#32463;&#36152;有限公司（??&#21326;源）(青&#23707;恒新山),レディ－スカジュアル,,レディ-スカジュアル,Y4620ZR ,パンツ,N9製品、白シックテープ、黒本体、黒足口ゴム、グレー
足口ゴム,しまむら,合格,合格,,
61026001097,2026-01-14,2026-01-28,海&#23425;宇力&#19994;有限公司,岡山,,唐木,5K6A78R ,男児クルー1P,05レッド、15ブラウン、55グリーン、83パープル,しまむら,合格,合格,,
61026001099,2026-01-14,2026-01-28,江?嘉晟&#36827;出口&#36152;易有限公司,岡山,,唐木,5G64BEQ ,MLB 婦人ショート丈ソックス3P,A-1 N0ホワイト、A-2 15ブラウン、A-3 N9ブラック,しまむら,合格,合格,,
61026001187,2026-01-14,2026-01-16,上海昊客商&#36152;有限公司,,,?山,E4631RZ ,,N9ブラック、ブラック本体、ブラックスピンドル,しまむら,合格,合格,,
61026001185,2026-01-14,2026-01-16,上海昊客商&#36152;有限公司,,,?山,R4630PZ ,ハーフパンツ,製品、ベージュ本体、レッド刺繍,しまむら,合格,合格,,
61026001197,2026-01-14,2026-01-16,上海昊客商&#36152;有限公司,,,?山,F5632WZ ,半袖T,10オフホワイトリブ、54エメグリーン、54エメグリーンリブ、55グリーン、N7チャコール、N7チャコール本体、N7チャコールリブ、ブルー系ワッペン,しまむら,合格,合格,,
61026001184,2026-01-14,2026-01-16,上海昊客商&#36152;有限公司,,,?山,G5630WR ,,N0ホワイト、製品:N0ホワイト,しまむら,,合格,,
61026001103,2026-01-14,2026-01-28,海&#23425;宇力&#19994;有限公司,岡山,,唐木,5K6A58R ,男児アンクル1P,67ネイビー,しまむら,合格,合格,,
61026001119,2026-01-14,2026-01-16,祥安服装如&#19996;有限公司,岡山,,平松,B26328Q   B26338Q   CG3PRIN   CG-1SRC ,,ブラック,しまむら,合格,,,
61026001146,2026-01-14,2026-01-16,祥安服装如&#19996;有限公司,岡山,,平松,BW6B28Z ,マインクラフト 男児2Pボクサー,67ネイビー、67ネイビー本体、N9ブラック、N9ブラック本体、グリーンゴム、ブラックゴム,しまむら,合格,合格,,
Q2726000682,2026-01-14,2026-01-16,大?&#39536;毅服&#39280;科技&#21457;展有限公司,アンダーウェア,,婦人アンダーウェア　笹田,9K624HR ,ブラジャー,03、15,しまむら,合格,,,
Q2726000495,2026-01-13,2026-01-15,青&#23707;&#31166;金源&#32463;&#36152;有限公司（??&#21326;源）(青&#23707;恒新山),子供ナイティー,,子供ナイティー,7762WRR/7762XJR ,パジャマ,03、83,しまむら,合格,,,
Q2726000579,2026-01-13,2026-01-15,青&#23707;呈?服装有限公司,レディ－スカジュアル,,レディ-スカジュアル,Y9621MA ,長袖シャツ,N9BブラックB本体、N9BブラックB製品,しまむら,合格,合格,,
Q2726000577,2026-01-13,2026-01-16,青&#23707;呈?服装有限公司,レディ－スカジュアル,,レディ-スカジュアル,Y9622MA ,長袖シャツ,N9Bブラック本体,しまむら,合格,合格,,
Q2726000201,2026-01-13,2026-01-15,&#35832;城方利制衣有限公司,アンダーウェア,,婦人アンダーウェア　笹田,9M62HDA/9Q62JDA/9Q62KDA/9Q62LDA/9M62MDR ,生地,14、N7、N9,しまむら,合格,,,
61026000943,2026-01-13,2026-01-15,祥安服装如&#19996;有限公司,岡山,,平松,K26212R ,CLハンモックサキゾメ,67ネイビー本体、67ネイビーサポーター、製品,しまむら,合格,合格,,
Q2726000608,2026-01-13,2026-01-15,青&#23707;佰利源&#32442;&#32455;有限公司,紳士アンダ－ウェア,,紳士アンダ-ウェア,BW6B38R ,ボクサーブリーフ,67製品、N9本体、N9製品、N9ゴム,しまむら,合格,合格,,
61026000927,2026-01-13,2026-01-16,广州市雅麒服&#39280;有限公司,岡山,,高木,1T640ER ,,,しまむら,,合格,,
Q2726000581,2026-01-13,2026-01-15,青&#23707;呈?服装有限公司,レディ－スカジュアル,,レディ-スカジュアル,Y9620MA ,長袖シャツ,N9B本体、N9B製品,しまむら,合格,合格,,
Q2726000663,2026-01-13,2026-01-15,Grand Concord Garment(Hong Kong) Limited&#35832;城裕泰&#38024;&#32455;有限公司（广豪）,アンダーウェア,,婦人アンダーウェア　笹田,9N626DR ,婦人タンクトップ,N3製品、N9製品、黒×オフ
テープ、黒本体、黒カップ、黒ゴム、黒バインダー、グレー
バインダー、グレーゴム、ベージュ
カップ,しまむら,合格,合格,,
Q2726000618,2026-01-13,2026-01-16,青&#23707;&#31166;金源&#32463;&#36152;有限公司（??&#21326;源）(青&#23707;恒新山),レディ－スカジュアル,,レディ-スカジュアル,RT63HPZ ,カバーオール,10製品、14製品、N3製品、紺×白リブ,しまむら,合格,合格,,
Q2726000617,2026-01-13,2026-01-15,青&#23707;&#31166;金源&#32463;&#36152;有限公司（??&#21326;源）(青&#23707;恒新山),レディ－スカジュアル,,レディ-スカジュアル,RT63JPZ/RT63HPZ/RT630PZ/RT631PZ ,カバーオール/ロンパース,ネイビー刺、ホワイト刺、レッド刺,しまむら,合格,,,
Q2726000620,2026-01-13,2026-01-15,青&#23707;&#31166;金源&#32463;&#36152;有限公司（??&#21326;源）(青&#23707;恒新山),レディ－スカジュアル,,レディ-スカジュアル,RT63JPZ ,カバオール,10製品、10リブ、54製品、54リブ、63製品、63リブ,しまむら,合格,合格,,
Q2726000662,2026-01-13,2026-01-13,Grand Concord Garment(Hong Kong) Limited&#35832;城裕泰&#38024;&#32455;有限公司（广豪）,アンダーウェア,,婦人アンダーウェア　笹田,下記 ,生地,白パワーネット、白マーキZ、黒TCバイヤス、黒パワーネット、黒マーキZ、ベージュ
TCバイヤス,しまむら,合格,,,
Q2726000634,2026-01-13,2026-01-15,山&#19996;省&#28493;坊市&#36827;出口有限公司,紳士ナイティー,,紳士ナイティー,116220R ,パジャマ,67身生地、67バインダー,しまむら,合格,,,
Q2726000622,2026-01-13,2026-01-15,&#35832;城方利制衣有限公司,アンダーウェア,,婦人アンダーウェア　笹田,下記 ,生地,10、14、63、N7、N9、白、黒,しまむら,合格,,,
61026001042,2026-01-13,2026-01-15,上海涵浚?&#19994;有限公司,岡山,,小野寺,1T6199A ,生地(ぬいバッグ),14ベージュ、82ラベンダー、ブラック把手、ベージュ裏地、ホワイト切替、ラベンダー裏地,しまむら,合格,,,
61026001035,2026-01-13,2026-01-15,上海昊客商&#36152;有限公司,,,?山,RT632PR ,サンドレス風ロンパース,14ベージュ、14ベージュ本体、66ブルーグレー、ネイビー刺繍、レッド刺繍,しまむら,合格,合格,,
61026001048,2026-01-13,2026-01-15,如皋帝晨服&#39280;有限公司,岡山,,伊藤,20631DA ,,N3グレーリブ、製品N3グレー、グレー後衿テープ,しまむら,合格,合格,,
61026001069,2026-01-13,2026-01-16,天??&#40511;国&#38469;&#36152;易(上海)有限公司,岡山,,高木,1S6908B ,,,しまむら,,合格,,
Q2726000667,2026-01-13,2026-01-15,Grand Concord Garment(Hong Kong) Limited&#35832;城裕泰&#38024;&#32455;有限公司（广豪）,アンダーウェア,,婦人アンダーウェア　笹田,9M62LRR/9N62BRR/9M62MRA/9M62LRA/9M62FCR ,生地,10、N3、N7、N9,しまむら,合格,,,
61026001064,2026-01-13,2026-01-16,天??&#40511;国&#38469;&#36152;易(上海)有限公司,岡山,,高木,1X6728B ,,,しまむら,,合格,,
61026001052,2026-01-13,2026-01-15,如皋帝晨服&#39280;有限公司,岡山,,伊藤,20621DA ,パジャマ,N9ブラック本体、N9ブラックリブ、製品N9ブラック、グレーテープ(背首/腰)、ブラックスピンドル紐,しまむら,合格,合格,,
61026001027,2026-01-13,2026-01-16,天??&#40511;国&#38469;&#36152;易(上海)有限公司,岡山,,高木,1X6718B ,,,しまむら,,合格,,
61026000974,2026-01-13,2026-01-16,广州市雅麒服&#39280;有限公司,岡山,,高木,1T638ER ,,,しまむら,,合格,,
61026001021,2026-01-13,2026-01-15,祥安服装如&#19996;有限公司,岡山,,平松,K26232R ,,65ブルー、ブラックサポーター部分、ブルー本体,しまむら,合格,合格,,
61026001023,2026-01-13,2026-01-15,祥安服装如&#19996;有限公司,岡山,,平松,K26222R ,CLハンモックコモン,05レッド本体、製品、ブラックサポーター部分,しまむら,合格,合格,,
Q2726000547,2026-01-12,2026-01-14,伊藤忠??&#36152;易(中国)有限公司青&#23707;分公司,レディ－スカジュアル,,レディ-スカジュアル,D26216R(T4070518H) ,【ラクっとキレイ】クイックパンツサイド切り替えフレアL73,N9ブラック,しまむら,,合格,,
Q2726000545,2026-01-12,2026-01-14,伊藤忠??&#36152;易(中国)有限公司青&#23707;分公司,レディ－スカジュアル,,レディ-スカジュアル,D26215R(T4070518H) ,【ラクっとキレイ】クイックパンツサイド切り替え
ストレートL73,N9,しまむら,,合格,,
Q2726000537,2026-01-12,2026-01-14,Grand Concord Garment(Hong Kong) Limited&#35832;城裕泰&#38024;&#32455;有限公司（广豪）,アンダーウェア,,婦人アンダーウェア　笹田,9H620SR/9H621SR ,大阪婦人アンダーウェア,03身生地、03マチ、N7身生地、N7マチ、N9身生地、N9マチ,しまむら,合格,,,
Q2726000515,2026-01-12,2026-01-14,高密市?&#21326;美制衣有限公司,アンダーウェア,,婦人アンダーウェア　笹田,9G620HR ,ショーツ,17、N7、N9,しまむら,合格,,,
Q2726000513,2026-01-12,2026-01-14,&#35832;城方利制衣有限公司,アンダーウェア,,婦人アンダーウェア　笹田,9M626HR ,キャミソール,10製品、10テープ、55製品、55テープ、N9本体、N9製品、N9テープ,しまむら,合格,合格,,
Q2726000493,2026-01-12,2026-01-15,青&#23707;&#31166;金源&#32463;&#36152;有限公司（??&#21326;源）(青&#23707;恒新山),子供ナイティー,,子供ナイティー,76620RR ,パジャマ,03製品、白シックテープ、グレーリブ,しまむら,合格,合格,,
Q2726000483,2026-01-12,2026-01-14,山&#19996;省&#28493;坊市&#36827;出口有限公司,紳士ナイティー,,紳士ナイティー,226220R/226230R/226240R ,パジャマ,67格子柄、67馬柄、N3格子柄、N3英字柄,しまむら,合格,,,
Q2726000505,2026-01-12,2026-01-14,&#35832;城方利制衣有限公司,アンダーウェア,,婦人アンダーウェア　笹田,9M628HR ,半袖,10製品、N3製品、N9本体、N9製品,しまむら,合格,合格,,
Q2726000511,2026-01-12,2026-01-15,&#35832;城方利制衣有限公司,アンダーウェア,,婦人アンダーウェア　笹田,9N623HR ,カップ付きタンクトップ,17製品、55製品、N9製品、白マーキ、黒本体、黒パイピング、黒マーキ、ベージュ
パイピング,しまむら,合格,合格,,
Q2726000507,2026-01-12,2026-01-14,&#35832;城方利制衣有限公司,アンダーウェア,,婦人アンダーウェア　笹田,9M627HR ,婦人タンクトップ,10オフホワイト製品、N3グレー製品、N9ブラック本体、N9ブラック製品,しまむら,合格,合格,,
Q2726000390,2026-01-12,2026-01-14,青&#23707;&#31166;金源&#32463;&#36152;有限公司（??&#21326;源）(青&#23707;恒新山),子供ナイティー,,子供ナイティー,77622KR/77625BR/77626WR/776249R ,パジャマ,03-9、60-6、83-1、N9,しまむら,合格,,,
Q2726000270,2026-01-12,2026-01-14,青&#23707;&#31166;金源&#32463;&#36152;有限公司（??&#21326;源）(青&#23707;恒新山),メンズカジュアル,,メンズカジュアル,Z6621ZA ,紳士パーカー,N9製品、黒ひも、黒本体、黒衿テープ、黒ファスナー
テープ、黒リブ,しまむら,合格,合格,,
61026000819,2026-01-12,2026-01-12,上海昊客商&#36152;有限公司,,,?山,R4630PZ ,生地(ハーフパンツ),14ベージュ,しまむら,合格,,,
61026000790,2026-01-12,2026-01-15,天??&#40511;国&#38469;&#36152;易(上海)有限公司,岡山,,高木,1S6958R ,,,しまむら,,合格,,
61026000861,2026-01-12,2026-01-14,上海昊客商&#36152;有限公司,,,?山,F5633WZ ,,67ネイビー、N3グレー,しまむら,合格,,,
61026000883,2026-01-12,2026-01-14,上海昊客商&#36152;有限公司,,,?山,E4630RZ ,生地(ハーフパンツ),N1アイスグレー天竺、N1アイスグレーメッシュ,しまむら,合格,,,
61026000893,2026-01-12,2026-01-14,上海昊客商&#36152;有限公司,,,?山,RT630PR ,生地(ロンパース),14ベージュ天竺、14ベージュリブ,しまむら,合格,,,
61026000885,2026-01-12,2026-01-14,上海昊客商&#36152;有限公司,,,?山,E4631RZ ,,N9ブラックプレーティング天竺、N9ブラックプレーティング天竺PT,しまむら,合格,,,
Q2726000628,2026-01-12,2026-01-15,青&#23707;&#31166;金源&#32463;&#36152;有限公司（??&#21326;源）(青&#23707;恒新山),子供ナイティー,,子供ナイティー,76621KR ,パジャマ,63製品、サックスリブ、ネイビー本体,しまむら,合格,合格,,
Q2726000565,2026-01-12,2026-01-14,青&#23707;&#21326;杉&#36152;易有限公司,ジーンズカジュアル,,ジーンズカジュアル,DM6360R/DM6361R/DM6362R ,メンズパンツ,69、N6、N9,しまむら,合格,,,
Q2726000551,2026-01-12,2026-01-14,伊藤忠??&#36152;易(中国)有限公司青&#23707;分公司,レディ－スカジュアル,,レディ-スカジュアル,D26217R(T4070518H) ,【ラクっとキレイ】クイックパンツ
サイド切り替えデーパードL67,N9ブラック,しまむら,,合格,,
Q2726000590,2026-01-12,2026-01-15,青&#23707;&#31166;金源&#32463;&#36152;有限公司（??&#21326;源）(青&#23707;恒新山),メンズカジュアル,,メンズカジュアル,X4625RR/X4630RR/X5634RR ,引き揃え天竺,N0天竺、N0リブ、N9天竺、N9リブ,しまむら,合格,,,
Q2726000592,2026-01-12,2026-01-14,青&#23707;&#31166;金源&#32463;&#36152;有限公司（??&#21326;源）(青&#23707;恒新山),メンズカジュアル,,メンズカジュアル,Z5630UR ,C天竺,N2地
前身刺繍,しまむら,合格,,,
Q2726000485,2026-01-12,2026-01-14,山&#19996;省&#28493;坊市&#36827;出口有限公司,子供ナイティー,,子供ナイティー,7663GWR ,パジャマ,02-2無地
身生地、02-2リブ、03総柄
身生地、10腹巻,しまむら,合格,,,
Q2726000599,2026-01-12,2026-01-15,Grand Concord Garment(Hong Kong) Limited&#35832;城裕泰&#38024;&#32455;有限公司（广豪）,アンダーウェア,,婦人アンダーウェア　笹田,9N621HR/9N622HR ,インナー,03、10、82、N9,しまむら,合格,,,
Q2726000594,2026-01-12,2026-01-14,青&#23707;&#31166;金源&#32463;&#36152;有限公司（??&#21326;源）(青&#23707;恒新山),レディ－スカジュアル,,レディ-スカジュアル,Y6620ZR/Y4620ZR ,生地,N3ひも、N9ひも、白刺繍、白レース,しまむら,合格,,,
Q2726000549,2026-01-12,2026-01-14,伊藤忠??&#36152;易(中国)有限公司青&#23707;分公司,レディ－スカジュアル,,レディ-スカジュアル,D26218R(T4070518H) ,【ラクっとキレイ】クイックパンツサイド切り替えワイドL70,N9,しまむら,,合格,,
61026000641,2026-01-09,2026-01-13,天??&#40511;国&#38469;&#36152;易(上海)有限公司,岡山,,高木,1S6269A ,,,しまむら,,合格,,
61026000652,2026-01-09,2026-01-13,如皋帝晨服&#39280;有限公司,岡山,,伊藤,21631YA/GNE-668M/GNE-668R ,,15ブラウン1×1フライスリブ、15ブラウンミニ裏毛,しまむら,合格,,,
Q2726000354,2026-01-09,2026-01-13,伊藤忠??&#36152;易(中国)有限公司青&#23707;分公司,レディ－スカジュアル,,レディ-スカジュアル,D26213R(T4070518H) ,【ラクっとキレイ】クイックパンツフレアL73,N9,しまむら,,合格,,
61026000686,2026-01-09,2026-01-13,?家港市佳怡&#31166;服&#39280;有限公司,岡山,,田中,A1620ZR ,ポケッタブルアウター,製品、クロテープ,しまむら,合格,合格,,
Q1726000008,2026-01-09,2026-01-13,南通同泰服装有限公司,レディ－スカジュアル,,レディ-スカジュアル,PO8050B ,生地,N9、白,しまむら,合格,,,
61026000711,2026-01-09,2026-01-14,?家港市佳怡&#31166;服&#39280;有限公司,岡山,,田中,A1620ER ,ポケッタブルアウター,N9ブラック、N9ブラックジャケット本体,しまむら,合格,合格,,
61026000702,2026-01-09,2026-01-29,江?嘉晟&#36827;出口&#36152;易有限公司,岡山,,唐木,5G6ANER ,ベビーショート丈3P,A-1 52ターコ、A-1 52ターコ 本体、A-1 52ターコ 白刺繍、A-2 N0ホワイト、A-3 10オフホワイト、B-1 83パープル、B-1 83パープル 本体、B-1 83パープル ブルー刺繍、B-2 N0ホワイト、B-3 N3グレー、C-1 54エメグリーン、C-1 54エメグリーン 本体、C-1 54エメグリーン クロ刺繍、C-2 N0ホワイト、C-3 15ブラウン,しまむら,合格,合格,,
Q2726000266,2026-01-09,2026-01-13,青&#23707;&#31166;金源&#32463;&#36152;有限公司（??&#21326;源）(青&#23707;恒新山),メンズカジュアル,,メンズカジュアル,Z6620ZA ,紳士パーカー,N2製品、オートミール
衿テープ、オートミール
ファスナーテープ、オートミール紐,しまむら,合格,合格,,
Q2726000356,2026-01-09,2026-01-13,伊藤忠??&#36152;易(中国)有限公司青&#23707;分公司,レディ－スカジュアル,,レディ-スカジュアル,D36214R(T4070518H) ,【ラクっとキレイ】ビーフィットパンツテーパードL68,N9,しまむら,,合格,,
61026000175,2026-01-09,2026-01-13,如皋帝晨服&#39280;有限公司,岡山,,伊藤,21611JR ,,67ネイビー、ネイビー本体、ネイビースピンドル紐9?、ネイビーリブ、ブルー×シロ×アカテープ,しまむら,合格,合格,,
Q2726000376,2026-01-09,2026-01-13,青&#23707;&#31166;金源&#32463;&#36152;有限公司（??&#21326;源）(青&#23707;恒新山),子供ナイティー,,子供ナイティー,666210R ,パジャマ,N7製品、白シックテープ、黒本体、チャコールリブ,しまむら,合格,合格,,
Q2726000378,2026-01-09,2026-01-13,青&#23707;&#31166;金源&#32463;&#36152;有限公司（??&#21326;源）(青&#23707;恒新山),子供ナイティー,,子供ナイティー,666209R ,パジャマ,N9製品、白シックテープ、黒本体、黒リブ,しまむら,合格,合格,,
Q2726000430,2026-01-09,2026-01-13,伊藤忠??&#36152;易(中国)有限公司青&#23707;分公司,レディ－スカジュアル,,レディ-スカジュアル,D26212R(T4070079BH) ,【ラクっとキレイ】クイックパンツストレートL73,N9,しまむら,,合格,,
Q2726000360,2026-01-09,2026-01-13,伊藤忠??&#36152;易(中国)有限公司青&#23707;分公司,レディ－スカジュアル,,レディ-スカジュアル,D16213R(T4070079BH) ,【ラクっとキレイ】エアジップストレートL73,,しまむら,,合格,,
Q2726000358,2026-01-09,2026-01-13,伊藤忠??&#36152;易(中国)有限公司青&#23707;分公司,レディ－スカジュアル,,レディ-スカジュアル,D26214R(T4070518H) ,【ラクっとキレイ】クイックパンツテーパードL68,N9,しまむら,,合格,,
Q1726000007,2026-01-09,2026-01-13,南通同泰服装有限公司,レディ－スカジュアル,,レディ-スカジュアル,PO8052B ,生地,白、ブラウン,しまむら,合格,,,
Q2726000362,2026-01-09,2026-01-13,伊藤忠??&#36152;易(中国)有限公司青&#23707;分公司,レディ－スカジュアル,,レディ-スカジュアル,D16212R(T4070079BH) ,【ラクっとキレイ】エアジップスキニーL73,,しまむら,,合格,,
Q2726000432,2026-01-09,2026-01-13,伊藤忠??&#36152;易(中国)有限公司青&#23707;分公司,レディ－スカジュアル,,レディ-スカジュアル,D36212R(T4070079BH) ,【ラクっとキレイ】ビーフィットパンツストレートL70,,しまむら,,合格,,
61026000510,2026-01-08,2026-01-14,厦?天地元&#36827;出口有限公司,,,,1S603WR ,,,しまむら,,合格,,
61026000509,2026-01-08,2026-01-12,祥安服装如&#19996;有限公司,岡山,,平松,BW6E1EZ/BW6B58R/BW6B68R  No.1～4:CG-50MLB No.5:CG-51MC  No.6/7:CG-48MC ,ゴム(MLB男児2Pボクサー/2Pマイクラ×チマジロBB),ターコ、ネイビー、パープル、ブラック、ブラウン、ブルー、レンガ,しまむら,合格,,,
61026000549,2026-01-08,2026-01-12,上海昊客商&#36152;有限公司,,,?山,E5630DR ,,製品、ブラック本体,しまむら,合格,合格,,
61026000582,2026-01-08,2026-01-12,上海昊客商&#36152;有限公司,,,?山,R5634PZ/F5634WZ/RT631MZ/RT632MZ/RT630PR ,生地(Tシャツ/半袖T/ロンパース),N2オートミール天竺、N2オートミールリブ,しまむら,合格,,,
61026000566,2026-01-08,2026-01-12,上海昊客商&#36152;有限公司,,,?山,RT634MZ ,,15ブラウン、67ネイビー、N3グレー(杢),しまむら,合格,,,
61026000599,2026-01-08,2026-01-12,上海昊客商&#36152;有限公司,,,,E5631DR ,ハーフZIPTシャツ,63サックス、N9ブラック、N9ブラック本体、紫テープ、ホワイトテープ,しまむら,合格,合格,,
Q2726000398,2026-01-08,2026-01-12,青&#23707;&#31166;金源&#32463;&#36152;有限公司（??&#21326;源）(青&#23707;恒新山),レディ－スカジュアル,,レディ-スカジュアル,Y4630MR/Y4631MR ,天竺,15、N1、N2、N3,しまむら,合格,,,
Q2726000304,2026-01-08,2026-01-12,?庄超越&#38024;&#32455;制衣有限公司,キッズカジュアル,,キッズカジュアル,G5630BR ,ブルーイ OE天竺 Tシャツ,03本体、03リブ,しまむら,合格,,,
Q2726000123,2026-01-08,2026-01-13,青&#23707;紫?国&#38469;&#36152;易有限公司,ライフグッズ,,ライフグッズ,1P6129A ,ポーチ,N9製品、黒裏地,しまむら,合格,合格,,
Q2726000306,2026-01-08,2026-01-12,&#28493;坊&#27719;?服装有限公司,レディ－スカジュアル,,レディ-スカジュアル,Y9623MA/Y9624MA/Y9625MA ,生地,03、35、65,しまむら,合格,,,
Q2726000308,2026-01-08,2026-01-12,青&#23707;&#21326;杉&#36152;易有限公司,ジーンズカジュアル,,ジーンズカジュアル,DM6361R(KCA13036) ,メンズパンツ,69、N9,しまむら,合格,,,
Q2726000310,2026-01-08,2026-01-12,青&#23707;&#31166;金源&#32463;&#36152;有限公司（??&#21326;源）(青&#23707;恒新山),レディ－スカジュアル,,レディ-スカジュアル,Y463TMA ,ショートパンツ,白刺繍、白シックテープ、白テープ、黄刺繍、黄テープ、黒本体、黒紐、ピンク刺繍、ピンクテープ、ブラウン紐,しまむら,合格,合格,,
Q2726000302,2026-01-08,2026-01-12,青&#23707;&#31166;金源&#32463;&#36152;有限公司（??&#21326;源）(青&#23707;恒新山),キッズカジュアル,,キッズカジュアル,R5631BR ,シャツ,63サックス、N2オートミール、N7チャコール,しまむら,,合格,,
Q2726000285,2026-01-08,2026-01-09,Grand Concord Garment(Hong Kong) Limited&#35832;城裕泰&#38024;&#32455;有限公司（广豪）,アンダーウェア,,婦人アンダーウェア　笹田,9L62FLR/9L62P4R/9L62Q4R/9N62ARR/9N62CRR/9L628RR/9L627RR ,インナー,10、50、67、N3、N7、N9,しまむら,合格,,,
Q2726000125,2026-01-08,2026-01-12,青&#23707;紫?国&#38469;&#36152;易有限公司,ライフグッズ,,ライフグッズ,1T6978R ,エコバッグ,33製品、ブルー無地,しまむら,合格,合格,,
Q2726000124,2026-01-08,2026-01-12,青&#23707;紫?国&#38469;&#36152;易有限公司,ライフグッズ,,ライフグッズ,1P6998R ,巾着,65,しまむら,,合格,,
Q2726000126,2026-01-08,2026-01-12,青&#23707;紫?国&#38469;&#36152;易有限公司,ライフグッズ,,ライフグッズ,1T6109A ,エコバッグ,N0製品,しまむら,,合格,,
Q2726000127,2026-01-08,2026-01-12,青&#23707;紫?国&#38469;&#36152;易有限公司,ライフグッズ,,ライフグッズ,1T6119A ,トートバッグ,65ブルー,しまむら,,合格,,
Q2726000128,2026-01-08,2026-01-13,青&#23707;紫?国&#38469;&#36152;易有限公司,ライフグッズ,,ライフグッズ,1T6988R ,折りたたみ買い物バッグ,03ピンク本体、03ピンク製品、白パイピング,しまむら,合格,合格,,
61526000742,2026-01-08,2026-01-12,??浅叶有限公司,岡山,,高木,G4630WR ,CECILMcBEEファーチャーム,N3グレー,しまむら,合格,合格,,
Q2726000342,2026-01-08,2026-01-12,青&#23707;&#31166;金源&#32463;&#36152;有限公司（??&#21326;源）(青&#23707;恒新山),キッズカジュアル,,キッズカジュアル,R5630BR ,Tシャツ,63サックス,しまむら,,合格,,
Q2726000346,2026-01-08,2026-01-12,青&#23707;&#21326;杉&#36152;易有限公司,ジーンズカジュアル,,ジーンズカジュアル,DZ6231B(KCA13036) ,メンズパンツ,N9,しまむら,合格,,,
Q2726000348,2026-01-08,2026-01-12,青&#23707;&#21326;杉&#36152;易有限公司,ジーンズカジュアル,,ジーンズカジュアル,DM6362R
(RB036-1) ,メンズパンツ,N6、N9,しまむら,合格,,,
Q2726000329,2026-01-08,2026-01-12,高密亨利制衣有限公司,アンダーウェア,,婦人アンダーウェア　笹田,966204R ,胸二重インナー,N9×ゴールド製品、N9×シルバー製品、ブラック本体,しまむら,合格,合格,,
Q2726000260,2026-01-07,2026-01-09,青&#23707;&#31166;金源&#32463;&#36152;有限公司（??&#21326;源）(青&#23707;恒新山),メンズカジュアル,,メンズカジュアル,Z5630ZA ,T SHIRT,N9B本体、N9B製品、ブラックリブ,しまむら,合格,合格,,
Q2726000283,2026-01-07,2026-01-09,&#35832;城方利制衣有限公司,アンダーウェア,,婦人アンダーウェア　笹田,95620RR/95620CR/956244R/956254R/95624ER/95623XR ,生地,03針抜天竺、03クロッチ、03テープ、67天竺、67針抜天竺、67クロッチ、67テープ、N0天竺、N0針抜天竺、N0テープ、N3天竺、N3針抜天竺、N3クロッチ、N7テープ、N9天竺、N9針抜天竺、N9クロッチ、N9テープ、白×黒ゴムCONVERSE、白×黒ゴムMcBEE、白×黒ゴムReebko、紫×グレー
ゴムrope、黒×白ゴムEAST、黒肩ゴム、グレー×白
ゴムCecil、グレー×白肩ゴム、グレー肩ゴム、サックス×グレー
ゴムrope、ピンク肩ゴム,しまむら,合格,,,
61026000433,2026-01-07,2026-01-09,上海昊客商&#36152;有限公司,,,?山,E5630RZ/E5631RZ ,,N0ホワイト、N1アイスグレー、N9ブラック,しまむら,合格,,,
Q2726000295,2026-01-07,2026-01-09,青&#23707;&#31166;金源&#32463;&#36152;有限公司（??&#21326;源）(青&#23707;恒新山),キッズカジュアル,,キッズカジュアル,R5632BR ,Tシャツ,10製品、オフホワイトリブ,しまむら,合格,合格,,
Q2726000279,2026-01-07,2026-01-09,Grand Concord Garment(Hong Kong) Limited&#35832;城裕泰&#38024;&#32455;有限公司（广豪）,アンダーウェア,,婦人アンダーウェア　笹田,9M623HR ,タンクトップ,03ピンク製品、10オフホワイト製品、N3グレー製品、N9ブラック本体、N9ブラック製品,しまむら,合格,合格,,
Q2726000293,2026-01-07,2026-01-09,青&#23707;&#31166;金源&#32463;&#36152;有限公司（??&#21326;源）(青&#23707;恒新山),キッズカジュアル,,キッズカジュアル,R5633BR ,Tシャツ,03ピンク,しまむら,,合格,,
Q2726000213,2026-01-07,2026-01-09,Grand Concord Garment(Hong Kong) Limited&#35832;城裕泰&#38024;&#32455;有限公司（广豪）,アンダーウェア,,婦人アンダーウェア　笹田,9L62ERA ,ハーフトップ+ショーツ,10ショーツ、10ハーフトップ、N6ショーツ、N6ハーフトップ、N9ショーツ、N9ハーフトップ、白刺繍、白クロッチ、黒×白ゴム、黒刺繍、黒本体、黒カップ、ベージュ
カップ、ライトグレー刺繍,しまむら,合格,合格,,
61526000501,2026-01-07,2026-01-09,上海&#39134;&#39532;&#36827;出口有限公司,岡山,,飼田,F5620WR ,,N2オートミールニットテープ、N9ブラックニットテープ、製品N9ブラック、イエロー刺繍、パープル刺繍、ブルー刺繍,しまむら,合格,合格,,
Q2725015814,2026-01-07,2026-01-09,青&#23707;&#31166;金源&#32463;&#36152;有限公司（??&#21326;源）(青&#23707;恒新山),子供ナイティー,,子供ナイティー,6661H8R ,パジャマ,13上衣、13下衣、13肩テープ、13リブ、白シックテープ,しまむら,合格,合格,,
Q2726000211,2026-01-06,2026-01-08,Grand Concord Garment(Hong Kong) Limited&#35832;城裕泰&#38024;&#32455;有限公司（广豪）,アンダーウェア,,婦人アンダーウェア　笹田,9L62DRA ,ハーフトップ+ショーツ,10ショーツ、10ハーフトップ、N9ショーツ、N9ハーフトップ、白刺繍、黒本体、黒カップ、黒テープ、グレー刺繍、グレーゴム、チャコールテープ、ベージュカップ,しまむら,合格,合格,,
Q2726000215,2026-01-06,2026-01-08,大?&#39536;毅服&#39280;科技&#21457;展有限公司,アンダーウェア,,婦人アンダーウェア　笹田,9G620DR ,パンツ,17身生地、17マチ、N9身生地、N9マチ,しまむら,合格,,,
Q2726000207,2026-01-06,2026-01-08,青&#23707;&#31166;金源&#32463;&#36152;有限公司（??&#21326;源）(青&#23707;恒新山),メンズカジュアル,,メンズカジュアル,Z4622ZR ,紳士パンツ,N8ひも、N8本体、N8製品、N8リブ,しまむら,合格,合格,,
Q2726000200,2026-01-06,2026-01-07,&#35832;城方利制衣有限公司,アンダーウェア,,婦人アンダーウェア　笹田,9N623HR/9N624HR/9N62AHR/9N62BHR ,附属,10ゴム1.5cm、14ゴム1.5cm、15ゴム1.5cm、17ゴム1.5cm、55ゴム1.5cm、67ゴム1.5cm、N3ゴム1.5cm、N7ゴム1.5cm、N9ゴム1.5cm、黒カップ、ベージュカップ,しまむら,合格,,,
Q2726000199,2026-01-06,2026-01-07,青&#23707;&#31166;金源&#32463;&#36152;有限公司（??&#21326;源）(青&#23707;恒新山),レディ－スカジュアル,,レディ-スカジュアル,A6535RR/A4633RR ,生地,03、N0、N9,しまむら,合格,,,
Q2725015858,2026-01-06,2026-01-09,青&#23707;承越皮革制品有限公司,ライフグッズ,,ライフグッズ,1R4641R ,ランリュック,05本体,しまむら,合格,,,
Q2726000202,2026-01-06,2026-01-08,Grand Concord Garment(Hong Kong) Limited&#35832;城裕泰&#38024;&#32455;有限公司（广豪）,アンダーウェア,,婦人アンダーウェア　笹田,9M621DR/9L620CR/9L621CR/9L622CR/9L623CR/9L624CR/9N624CR ,生地,10、N3、N7、N9,しまむら,合格,,,
Q2726000204,2026-01-06,2026-01-08,青&#23707;&#31166;金源&#32463;&#36152;有限公司（??&#21326;源）(青&#23707;恒新山),キッズカジュアル,,キッズカジュアル,G5637UR/G5638UR ,生地,03淡、03濃、白レース,しまむら,合格,,,
61026000354,2026-01-06,2026-01-21,江?嘉晟&#36827;出口&#36152;易有限公司,岡山,,唐木,5K61B8R ,,N8クロ、N8クロ刺繍、N9ブラック、N9ブラック/N8クロ本体、N9ブラック刺繍,しまむら,合格,合格,,
61026000334,2026-01-06,2026-01-09,天??&#40511;国&#38469;&#36152;易(上海)有限公司,岡山,,高木,1X6111R ,,,しまむら,,合格,,
61026000293,2026-01-06,2026-01-09,天??&#40511;国&#38469;&#36152;易(上海)有限公司,岡山,,高木,1X602FR ,,,しまむら,,合格,,
61026000279,2026-01-06,2026-01-09,天??&#40511;国&#38469;&#36152;易(上海)有限公司,岡山,,高木,1X601FR ,,,しまむら,,合格,,
61026000345,2026-01-06,2026-02-02,江?嘉晟&#36827;出口&#36152;易有限公司,岡山,,唐木,5K61A8R ,,03ピンク、54エメG、67ネイビー、N8クロ、N9ブラック,しまむら,合格,合格,,
61026000359,2026-01-06,2026-01-30,江?嘉晟&#36827;出口&#36152;易有限公司,岡山,,唐木,5G6DA8Z ,ブルーイ 女児アンクル丈ソックス3P,A-1 63サックス、A-2 03ピンク、A-3 83パープル,しまむら,合格,合格,,
Q2726000196,2026-01-06,2026-01-07,&#35832;城方利制衣有限公司,アンダーウェア,,婦人アンダーウェア　笹田,9M626HR/9M627HR/9M628HR/
9M62DHR/9M62EHR/9M62FHR ,生地,10、14B-2、14B-21、55、N3、N7、N9、白、ブラック、ベージュ,しまむら,合格,,,
61026000351,2026-01-06,2026-01-29,江?嘉晟&#36827;出口&#36152;易有限公司,岡山,,唐木,5G6D18Z  ,ブルーイ 男児アンクル丈ソックス3P,25オレンジ、65ブルー、83パープル,しまむら,合格,合格,,
61026000370,2026-01-06,2026-01-29,江?嘉晟&#36827;出口&#36152;易有限公司,岡山,,唐木,5G6DN8Z ,ブルーイ ベビーアンクル丈ソックス3P,A-1 63サックス、A-2 25オレンジ、A-3 N3グレー、B-1 65ブルー、B-2 25オレンジ、B-3 N3グレー,しまむら,合格,合格,,
Q2726000217,2026-01-06,2026-01-08,青&#23707;&#31166;金源&#32463;&#36152;有限公司（??&#21326;源）(青&#23707;恒新山),キッズカジュアル,,キッズカジュアル,RT63KPZ ,カバーオール,N0、N2、N3,しまむら,合格,,,
Q2726000194,2026-01-06,2026-01-08,高密市明&#35802;服&#39280;有限公司,アンダーウェア,,婦人アンダーウェア　笹田,9H620MR/9H620QR/9H621QR/9H622QR/9H623QR/9H624QR/9H625QR ,ショーツ,アイボリー、サックス、ブラック,しまむら,合格,,,
61026000110,2026-01-05,2026-01-08,天??&#40511;国&#38469;&#36152;易(上海)有限公司,岡山,,高木,1S618PB ,,,,,合格,,
61026000200,2026-01-05,2026-01-13,如皋帝晨服&#39280;有限公司,岡山,,伊藤,216119R ,ArnoldPalmerミニ裏毛長袖長パンツ(パジャマ),製品、グレーボーダー本体、ワッペン,しまむら,合格,合格,,
Q2725015758,2026-01-05,2026-01-07,青&#23707;&#31166;金源&#32463;&#36152;有限公司（??&#21326;源）(青&#23707;恒新山),レディ－スカジュアル,,レディ-スカジュアル,Y4620WR ,パンツ,N9本体、白紐、白シックテープ、紺紐、赤紐,しまむら,合格,合格,,
Q2726000091,2026-01-05,2026-01-07,高密亨利制衣有限公司,アンダーウェア,,婦人アンダーウェア　笹田,96621QR ,胸二重タンクトップ,N0総柄製品、N0ワンポイント製品、サックスリボン,しまむら,合格,合格,,
Q2726000093,2026-01-05,2026-01-07,高密亨利制衣有限公司,アンダーウェア,,婦人アンダーウェア　笹田,96620QR ,胸二重,紫リボン、黒×紫製品、黒×ピンク製品,しまむら,合格,合格,,
Q2726000033,2026-01-05,2026-01-07,Grand Concord Garment(Hong Kong) Limited&#35832;城裕泰&#38024;&#32455;有限公司（广豪）,アンダーウェア,,婦人アンダーウェア　笹田,9L625RR ,ハーフトップ+ショーツ,10ゴム、10ショーツ、10ハーフトップ、N3ゴム、N3ショーツ、N3ハーフトップ、N9ゴム、N9ショーツ、N9ハーフトップ、黒本体,しまむら,合格,合格,,
61026000177,2026-01-05,2026-01-08,如皋帝晨服&#39280;有限公司,岡山,,伊藤,21611CR ,,67ネイビー、67ネイビー本体、67ネイビー衿口リブ、67ネイビー袖口リブ,しまむら,合格,合格,,
61026000199,2026-01-05,2026-01-08,天??&#40511;国&#38469;&#36152;易(上海)有限公司,岡山,,高木,1X6131R ,,,しまむら,,合格,,
61026000169,2026-01-05,2026-01-07,如皋帝晨服&#39280;有限公司,岡山,,出口,21631SR GNE-575M-A GNE-575S-A  GNE-575R ,,05レッド、09エンジ、35イエロー、64スカイブルー、65ブルー、67ネイビー、68ダークブルー、N3グレー、N9ブラック,しまむら,合格,,,
Q2726000166,2026-01-05,2026-01-07,青&#23707;屹??工&#36152;有限?任公司,レディ－スカジュアル,,レディ-スカジュアル,PO5133B ,マタニティ半袖POLOワンピース,78本体、78リブ、N5本体、N5リブ,しまむら,合格,,,
Q2726000174,2026-01-05,2026-01-07,&#36797;&#23425;成大国&#38469;&#36152;易有限公司,レディ－スカジュアル,,レディ-スカジュアル,X4621WR/X6620WR/X6621WR ,生地,67、N9,しまむら,合格,,,
61526000335,2026-01-05,2026-01-08,上海&#39134;&#39532;&#36827;出口有限公司,岡山,,飼田,E2630DR  ,,製品,しまむら,,合格,,
61026000143,2026-01-04,2026-01-07,天??&#40511;国&#38469;&#36152;易(上海)有限公司,岡山,,高木,1S624CB ,,,,,合格,,
Q2725015743,2026-01-04,2026-01-19,伊藤忠??&#36152;易(中国)有限公司青&#23707;分公司,レディ－スカジュアル,,レディ-スカジュアル,D36310R/D26310R/D16310R/DA6312R/DB6312R/DC6311R/DC6312R(CA13036H) ,生地,14、N1、N4、N6、N9,しまむら,合格,,,
61026000141,2026-01-04,2026-01-08,天??&#40511;国&#38469;&#36152;易(上海)有限公司,岡山,,高木,1S6221A ,,,しまむら,,合格,,
Q1726000001,2026-01-04,2026-01-07,威海星辰,レディ－スカジュアル,,レディ-スカジュアル,Y7620PC ,POLOケーブルニットカ-ディガン,67製品、紺刺繍、赤刺繍,しまむら,合格,合格,,
61026000013,2026-01-04,2026-01-07,天??&#40511;国&#38469;&#36152;易(上海)有限公司,岡山,,高木,1S6898B ,,,しまむら,,合格,,
61026000129,2026-01-04,2026-01-07,天??&#40511;国&#38469;&#36152;易(上海)有限公司,岡山,,高木,1S619PB ,,,しまむら,,合格,,
61026000036,2026-01-04,2026-01-06,祥安服装如&#19996;有限公司,岡山,,平松,TH618SR/TH6A3SR/TH617SR/TH616SR/CNB5927/CNB5926 ,,N0ホワイト、N0ホワイトリブ、N9ブラック、N9ブラックリブ,しまむら,合格,,,
61026000101,2026-01-04,2026-01-07,上海昊客商&#36152;有限公司,,,?山,E4630DR ,ショートパンツ,N9ブラック、製品N9ブラック,しまむら,合格,合格,,
61026000097,2026-01-04,2026-01-07,天??&#40511;国&#38469;&#36152;易(上海)有限公司,岡山,,高木,1S622CB ,,,しまむら,,合格,,
61026000075,2026-01-04,2026-01-07,天??&#40511;国&#38469;&#36152;易(上海)有限公司,岡山,,高木,1S6C48B ,,,しまむら,,合格,,
61026000107,2026-01-04,2026-01-07,祥安服装如&#19996;有限公司,岡山,,平松,BW6C1ER ,MLB 男児2Pボクサー,N9ブラック×ネイビーゴム、N9ブラック×ブラックゴム、N9ブラック×ブラウンゴム、N9ブラック×ブルーゴム、ネイビーゴム、ブラック本体、ブラックゴム、ブラウンゴム、ブルーゴム,しまむら,合格,合格,,
61026000135,2026-01-04,2026-01-07,祥安服装如&#19996;有限公司,岡山,,平松,BW631ER ,MLB2pボクサー,A N9ブラック本体、製品、ネイビーゴム、ブラックゴム、ブラウンゴム、ブルーゴム,しまむら,合格,合格,,
61026000124,2026-01-04,2026-01-07,上海昊客商&#36152;有限公司,,,?山,RT63QPZ ,ブルマ,14ベージュ、製品、アイボリー肩紐、ネイビー刺繍、レッド刺繍,しまむら,合格,合格,,
61026000111,2026-01-04,2026-01-07,天??&#40511;国&#38469;&#36152;易(上海)有限公司,岡山,,高木,1S602WR ,,,,,合格,,
61026000122,2026-01-04,2026-01-07,上海昊客商&#36152;有限公司,,,?山,E4631DR ,,63サックス、N9ブラック、パープルテープ、ブラック本体、ホワイトテープ,しまむら,合格,合格,,
Q2726000113,2026-01-04,2026-01-06,山&#19996;??服装有限公司（&#21326;派）,レディ－スカジュアル,,レディ-スカジュアル,Y5620AA/Y5621AA/Y5622AA/Y5623AA ,半袖DROP T,10本体、10リブ、N0本体、N0リブ、N2本体、N2リブ、N7本体、N7リブ,しまむら,合格,,,
Q2726000111,2026-01-04,2026-01-06,山&#19996;??服装有限公司（&#21326;派）,レディ－スカジュアル,,レディ-スカジュアル,Y6620AA ,ZIPパーカー,N2身生地、N2リブ,しまむら,合格,,,
Q2726000085,2026-01-04,2026-01-06,大?&#39536;毅服&#39280;科技&#21457;展有限公司,アンダーウェア,,婦人アンダーウェア　笹田,9K623HR ,ブラジャー,63身生地、63テープ、N9身生地、N9テープ,しまむら,合格,,,
Q2726000050,2026-01-04,2026-01-06,&#35832;城方利制衣有限公司,アンダーウェア,,婦人アンダーウェア　笹田,92620CR ,ショーツ,67ネイビー製品、N9ブラック製品、白×黒
ゴム、ブラック本体,しまむら,合格,合格,,
Q2726000046,2026-01-04,2026-01-07,&#35832;城方利制衣有限公司,アンダーウェア,,婦人アンダーウェア　笹田,926204R ,ショーツ,紺製品、黒×白ゴム、黒本体、黒製品,しまむら,合格,合格,,
Q2726000048,2026-01-04,2026-01-07,&#35832;城方利制衣有限公司,アンダーウェア,,婦人アンダーウェア　笹田,92621ER ,ショーツ,紫×白ゴム、紺製品、黒本体、黒製品,しまむら,合格,合格,,
Q2726000083,2026-01-04,2026-01-06,青&#23707;&#31166;金源&#32463;&#36152;有限公司（??&#21326;源）(青&#23707;恒新山),キッズカジュアル,,キッズカジュアル,RT63PPZ ,裏毛生地,10、14、N7,しまむら,合格,,,
Q2726000052,2026-01-04,2026-01-07,&#35832;城方利制衣有限公司,アンダーウェア,,婦人アンダーウェア　笹田,926214R ,ショーツ,黒×白ゴム、黒×ピンク製品、黒×ブルー製品、黒本体,しまむら,合格,合格,,
Q2726000055,2026-01-04,2026-01-06,&#35832;城方利制衣有限公司,アンダーウェア,,婦人アンダーウェア　笹田,9N623HR/9N624HR/9N62AHR/9N62BHR ,生地,10、14、15、17、55、67、N3、N7、N9,しまむら,合格,,,
Q2726000078,2026-01-04,2026-01-06,&#35832;城方利制衣有限公司,アンダーウェア,,婦人アンダーウェア　笹田,92620ER ,ショーツ,黒本体、黒製品、グレー製品,しまむら,合格,合格,,
Q2726000081,2026-01-04,2026-01-06,青&#23707;&#31166;金源&#32463;&#36152;有限公司（??&#21326;源）(青&#23707;恒新山),メンズカジュアル,,メンズカジュアル,Z4620ZR ,パンツ,N3グレー本体、N3グレーリブ、白紐,しまむら,合格,合格,,
Q2726000044,2026-01-04,2026-01-06,&#35832;城方利制衣有限公司,アンダーウェア,,婦人アンダーウェア　笹田,92620XR ,婦人ショーツ,67製品、N9製品、N9身生地、黒×白ゴム,しまむら,合格,合格,,
Q2726000011,2026-01-04,2026-01-06,青&#23707;朗和国&#38469;&#36152;易有限公司,レディ－スカジュアル,,レディ-スカジュアル,A4630RR ,RBNPUハーフP,N9製品、白刺繍、黒刺繍、黒紐,しまむら,合格,合格,,
Q2726000009,2026-01-04,2026-01-06,青&#23707;朗和国&#38469;&#36152;易有限公司,レディ－スカジュアル,,レディ-スカジュアル,A4630MR ,MLBNPUパイピングP,N9製品、白刺繍、白ニット
パイピング、紺*赤
ワッペン、黒ひも、ネイビーひも、ブラウンひも,しまむら,合格,合格,,
Q2726000013,2026-01-04,2026-01-06,青&#23707;朗和国&#38469;&#36152;易有限公司,レディ－スカジュアル,,レディ-スカジュアル,A4634ER ,ODワッペンショートP,N9製品、緑紐、黒紐、グレー×白
ワッペン、ベージュ紐,しまむら,合格,合格,,
Q2726000031,2026-01-04,2026-01-06,Grand Concord Garment(Hong Kong) Limited&#35832;城裕泰&#38024;&#32455;有限公司（广豪）,アンダーウェア,,婦人アンダーウェア　笹田,9Q62KRA ,9分丈レギンス,N9ブラック本体、N9ブラック製品,しまむら,合格,合格,,
Q2726000043,2026-01-04,2026-01-06,高密亨利制衣有限公司,アンダーウェア,,婦人アンダーウェア　笹田,9S6204A ,サニタリーショーツ,N9本体、N9製品、黒防水シート
(マーキ込み)、黒ゴム,しまむら,合格,合格,,
Q2726000029,2026-01-04,2026-01-06,Grand Concord Garment(Hong Kong) Limited&#35832;城裕泰&#38024;&#32455;有限公司（广豪）,アンダーウェア,,婦人アンダーウェア　笹田,9M62JRA ,長袖,N9ブラック、N9ブラック製品,しまむら,合格,合格,,
Q2726000015,2026-01-04,2026-01-06,青&#23707;朗和国&#38469;&#36152;易有限公司,レディ－スカジュアル,,レディ-スカジュアル,A4633ER ,OD縦プリントロングP,N9製品、白シックテープ、チャコール紐、ネイビー紐、ブラック紐,しまむら,合格,合格,,
Q2725015856,2026-01-04,2026-01-06,青&#23707;&#31166;金源&#32463;&#36152;有限公司（??&#21326;源）(青&#23707;恒新山),子供ナイティー,,子供ナイティー,676208R ,パジャマ,63製品、杢グレーリブ、白シックテープ、サックスリブ、ネイビー本体,しまむら,合格,合格,,
